[u'pro-choice', u'meaningless', u'say', u'mean', u'stand', u'right', u'choose', u'kill'],Legalization of Abortion,AGAINST
[u'get', u'stuck'],Legalization of Abortion,NONE
[u'black', u'lives', u'matter', u'unless', u'pre', u'born', u'black', u'lives', u'matter', u'abortion', u'is', u'murder', u'liberal', u'logic'],Legalization of Abortion,AGAINST
[u'americans', u'right', u'dont', u'americans', u'?'],Legalization of Abortion,AGAINST
[u'like', u'said', u'weak', u'strong', u'!', u'christian', u'we', u'will', u'overcome'],Legalization of Abortion,AGAINST
[u'check', u'putting', u'nicely', u'margaret', u'sanger'],Legalization of Abortion,NONE
[u'now', u'just', u'need', u'give', u'women', u'everywhere', u'rightful', u'choice'],Legalization of Abortion,FAVOR
[u'peoples', u'debate', u'juvenile', u'hysterics', u'woman', u'killing', u'babies', u'bodily', u'autonomy', u'?', u'people', u'dying', u'neglect', u'lets', u'vin', u'b'],Legalization of Abortion,AGAINST
[u'yes', u'heard', u'first', u'times', u'tweeted', u'six', u'kids', u'probably', u'also'],Legalization of Abortion,NONE
[u'turning', u'racial', u'thing', u'kek'],Legalization of Abortion,AGAINST
[u'rt', u'abortion', u'responsible', u'choice', u'?', u'woman', u'chooses'],Legalization of Abortion,FAVOR
[u'much', u'really', u'believe', u'equal', u'rights', u'mankind', u'?', u'love', u'wins', u'c', u'o', u't', u'u'],Legalization of Abortion,AGAINST
[u'since', u'1/3'],Legalization of Abortion,AGAINST
[u'c', u'o', u't', u'u', u'ruled', u'fors', u'think', u'everyone', u'just', u'threw', u'hands', u'supported', u'love', u'wins'],Legalization of Abortion,NONE
[u'people', u'red', u'faced', u'frothing', u'abortion', u'also', u'death', u'penalty', u'?', u'just', u'wondering', u'...'],Legalization of Abortion,FAVOR
[u'life', u'beautiful', u'choice', u'adoption', u'abortion'],Legalization of Abortion,AGAINST
[u'...', u'millions', u'aborted', u'children', u'?', u'lets', u'fix', u'love', u'wins'],Legalization of Abortion,AGAINST
[u'abortion', u'nothing', u'feminism', u'babys', u'body', u'yours.isright'],Legalization of Abortion,AGAINST
[u'cry', u'dog', u'dies', u'movie', u'seem', u'phase', u'many', u'babies', u'die', u'abortion', u'?'],Legalization of Abortion,AGAINST
[u'great', u'women', u'want', u'force', u'give', u'birth', u'wills'],Legalization of Abortion,FAVOR
[u'know', u'best', u'health', u'know', u'anything'],Legalization of Abortion,FAVOR
[u'thanks', u'kudos', u'caring', u'safety', u'unborn', u'children'],Legalization of Abortion,AGAINST
[u'love', u'wins', u'?', u'love', u'truly', u'win', u'end', u'abortion', u'unborn', u'babies', u'deserve', u'love'],Legalization of Abortion,AGAINST
[u'without', u'right', u'liberty', u'pursuit', u'happiness', u'possible', u'pro', u'life', u'youth', u'all', u'lives', u'matter'],Legalization of Abortion,AGAINST
[u'bitches', u'scared', u'kill', u'little', u'cockroach', u'house', u'quick', u'kill', u'baby', u'...'],Legalization of Abortion,AGAINST
[u'remember', u'gates', u'hell', u'will', u'prevail', u'gay', u'marriage'],Legalization of Abortion,NONE
[u'great', u'day', u'argue', u'benefits', u'making', u'abortion', u'legal'],Legalization of Abortion,FAVOR
[u'can', u'kingdom', u'founded', u'violence', u'long', u'control', u'vice', u'brought', u'n2', u'existence', u'?', u'<--', u'commentary', u'judges', u'9'],Legalization of Abortion,NONE
[u'please', u'join', u'us', u'pray', u'end', u'global', u'holocaust', u'abortion', u'!'],Legalization of Abortion,AGAINST
[u'putting', u'abortion', u'choices', u'women', u'just', u'won', u'heart', u'yaaaaaas', u'!'],Legalization of Abortion,FAVOR
[u'rt', u'happy', u'feast', u'st', u'gianna', u'beretta', u'molla', u'!', u'may', u'pray', u'us', u'!'],Legalization of Abortion,NONE
[u'adoption', u'chooses', u'let', u'live', u'obviously', u'huge', u'difference', u'can', u'see', u'right', u'?', u'adoption'],Legalization of Abortion,AGAINST
[u'value', u'determined'],Legalization of Abortion,AGAINST
[u"mother's", u'womb', u'safe', u'guess', u'neither', u'churches', u';', u'specifically', u'black', u'ones', u'who', u'is', u'burning', u'black', u'churches'],Legalization of Abortion,AGAINST
[u'so', u'pro', u'life', u'want', u'force', u'texans', u'carry', u'pregnancies', u'even', u'produce', u'life'],Legalization of Abortion,FAVOR
[u'good', u'reminder', u'million', u'children', u'never', u'granted', u'opportunity', u'share', u'air', u'breath', u'equality'],Legalization of Abortion,AGAINST
[u'unborn', u'human', u'lives', u'completely', u'human', u'alive', u'conception', u'abortion', u'kills'],Legalization of Abortion,AGAINST
[u'can', u'get', u'law', u'little', u'ones', u'even', u'speak', u'?', u'pro', u'life', u'youth', u'v', u'r', u'y', u'f', u'm', u't', u't', u'r'],Legalization of Abortion,AGAINST
[u'yup', u'one', u'many', u'reasons', u'changed', u'parties'],Legalization of Abortion,NONE
[u'call', u'think', u'babies', u'wrong.youthgen'],Legalization of Abortion,AGAINST
[u'see', u'big', u'deal'],Legalization of Abortion,AGAINST
[u'pro', u'life', u'youth', u'truly', u'feminist', u'fighting', u"woman's", u'life', u'womb', u'all', u'lives', u'matter'],Legalization of Abortion,AGAINST
[u'abortion', u'workers', u'charged', u'manslaughter', u'another', u'woman', u'dies'],Legalization of Abortion,AGAINST
[u'rt', u'im', u'prolife', u'abortion', u'will', u'always', u'taking', u'life', u'!', u'choose', u'life', u'christians', u'prolife', u'...'],Legalization of Abortion,AGAINST
[u'moment', u'need', u'kind', u'intergenerational', u'dialogue', u'rbg', u'brings', u'spotlight', u'health'],Legalization of Abortion,NONE
[u'good', u'time', u'say', u'many', u'men', u'adjudicating', u"women's", u'reproductive', u'systems', u'results', u'never', u'good', u'rape'],Legalization of Abortion,FAVOR
[u'shows', u'liberals', u'start', u'thinking', u'consequences', u'actions'],Legalization of Abortion,NONE
[u'life', u'first', u'basic', u'human', u'right'],Legalization of Abortion,AGAINST
[u'happy', u'feast', u'st', u'gianna', u'beretta', u'molla', u'!', u'may', u'pray', u'us', u'!'],Legalization of Abortion,AGAINST
[u'duh', u'...', u'planned', u'pregnancy', u'around', u'election', u'date', u'new', u'fad', u'get', u'times'],Legalization of Abortion,NONE
[u'brilliant', u'now', u'extend', u'equality', u"women's", u'rights'],Legalization of Abortion,FAVOR
[u'prolifers', u'health', u'rights', u'?'],Legalization of Abortion,FAVOR
[u'wears', u'shoes', u'knows', u'hurts', u'pro-life', u'the', u'read', u'club'],Legalization of Abortion,AGAINST
[u'stand', u'people', u'pro', u'life', u'stillborn', u'loss', u'...'],Legalization of Abortion,FAVOR
[u'dear', u'nuns', u'advocacy', u'tax', u'paying', u'weird', u'iraq', u'taxpayer', u'pride'],Legalization of Abortion,NONE
[u'rt', u'alvedaking', u'disturbing', u'thing', u'planet', u'flood', u'streets', u'happy', u'earth', u'd', u'...'],Legalization of Abortion,AGAINST
[u'oh', u'look', u'!', u'!', u'!', u'antichoice', u'strongly', u'pregnant', u"people's", u'human', u'rights', u'also', u'homophobic', u'shocker'],Legalization of Abortion,FAVOR
[u'bad', u'analogy', u'current', u'time', u'frame', u'abortion', u'best', u'compromise'],Legalization of Abortion,AGAINST
[u'far', u'?', u'sorry'],Legalization of Abortion,NONE
[u'rt', u'single', u'important', u'factor', u"women's", u'advancement', u'society', u'ability', u'control', u'fertility'],Legalization of Abortion,FAVOR
[u'one', u'advocating', u'punishment', u'force', u'ppl', u'give', u'birth', u'wills', u'?'],Legalization of Abortion,FAVOR
[u'life', u'body', u'choice'],Legalization of Abortion,FAVOR
[u'u', u'know', u'funny', u'?', u'male', u'politicians', u'deciding', u'women', u"body's"],Legalization of Abortion,FAVOR
[u'hillary', u'one', u'christian', u'whose', u'religion', u'views', u'will', u'never', u'adapt', u'include', u'abortion', u'abortion', u'murder'],Legalization of Abortion,AGAINST
[u'safe', u'contrally', u'ten', u'commandments', u'...', u'thy', u'shall', u'kill', u'its', u'noton', u'its', u'not', u'safe'],Legalization of Abortion,AGAINST
[u'gay', u'marriage', u'murdering', u'unborn', u'will', u'always', u'sin', u'gods', u'eyes'],Legalization of Abortion,AGAINST
[u'duty', u'protect', u'life', u'unborn', u'child', u'ronald', u'reagan'],Legalization of Abortion,AGAINST
[u'lol', u'ones', u'choice', u"woman's", u'comes', u'abortion', u'men', u'even', u'able', u'vote', u'issue'],Legalization of Abortion,FAVOR
[u'gay', u'choice', u'just', u'like'],Legalization of Abortion,NONE
[u'answer', u'eliminate', u'crisis'],Legalization of Abortion,AGAINST
[u'dehumanizing', u'?', u'dehumanizing', u'pregnant', u'person', u'?', u'walking', u'incubators', u'rights', u'!'],Legalization of Abortion,FAVOR
[u'will', u'never', u'enough', u'us', u'slogan'],Legalization of Abortion,NONE
[u'always', u'put', u'focus', u'energy', u'toward', u'keeping', u'people', u'alive', u'instead', u'deciding', u'gets', u'marry'],Legalization of Abortion,AGAINST
[u'world', u'waking', u'fact', u'killing', u'babies', u'wrong', u'matter', u'pro', u'life', u'youth'],Legalization of Abortion,AGAINST
[u'pro-choice', u'pro-murder', u'couched', u'liberal', u'rhetoric'],Legalization of Abortion,AGAINST
[u'u', u'want', u'smash', u'ur', u'head', u'solid', u'wall', u'made', u'steel', u'time', u'u', u'say', u'shore', u'honay'],Legalization of Abortion,NONE
[u'today', u'catch', u'basketball', u'camp', u'...'],Legalization of Abortion,NONE
[u'pray', u'the', u'rosary', u'lest', u'forget', u'prayforpersecutedchurch', u'pray', u'for', u'israel', u'pray', u'for', u'ukraine'],Legalization of Abortion,NONE
[u'yes', u'opinion', u'choice', u'hands', u'women', u'know', u'person', u'directly', u'affected', u'?'],Legalization of Abortion,FAVOR
[u'just', u'much', u'feminist', u'pro-choicer', u'simply', u'carry', u'beliefs', u'logical', u'conclusion', u'yes', u'all', u'women'],Legalization of Abortion,AGAINST
[u'know', u'anything', u'right', u'bodily', u'autonomy', u'?', u'describe', u'think', u'fetus', u'takes', u'away'],Legalization of Abortion,FAVOR
[u'want', u'equality', u'let', u'babies', u'live', u'!', u'!'],Legalization of Abortion,AGAINST
[u'islanders', u'different', u'definitions', u'timely', u'access'],Legalization of Abortion,NONE
[u'body', u'life', u'fuck', u'way', u'prepared', u'will', u'kill'],Legalization of Abortion,FAVOR
[u'surprised', u'c', u'o', u't', u'u', u'ruling', u'marriage', u'?', u'government', u'agency', u'legalized', u'murder', u'?'],Legalization of Abortion,AGAINST
[u'jesus', u'loves', u'children', u'world', u'born', u'unborn.youth'],Legalization of Abortion,AGAINST
[u'rt', u'c', u'o', u't', u'u', u'says', u'support', u'equality', u'well', u'equality', u'unborn', u'?'],Legalization of Abortion,AGAINST
[u'want', u'freedom', u'murder', u'baby', u'rip', u'limb', u'limb', u'change', u'subject', u'me.libertarian'],Legalization of Abortion,AGAINST
[u'seen', u'october', u'baby', u'night', u'crying', u'thru', u'whole', u'thing', u'...', u'cry', u'movies', u'touching', u'!'],Legalization of Abortion,AGAINST
[u'alright', u'c', u'o', u't', u'u', u'next', u'order', u'business', u'overturning'],Legalization of Abortion,AGAINST
[u'focusing', u'things', u'matter', u'racism', u'immigration', u'chiefs', u'kingdom'],Legalization of Abortion,NONE
[u'ub', u'students', u'life', u'currently', u'north', u'campus', u'student', u'union', u'speaking'],Legalization of Abortion,AGAINST
[u'good', u'day', u'alive', u':)', u'everyone', u'deserves', u'choice', u'marry', u'person', u'love', u'!', u'love', u'wins', u'equality', u'for', u'all'],Legalization of Abortion,NONE
[u'rt', u'yes', u'will', u'counting', u'looking', u'forward', u'standing', u'right', u'life'],Legalization of Abortion,AGAINST
[u'agree', u'choice', u"woman's", u'life', u'danger', u'rape', u'baby', u'deserve', u'death', u'crime', u'father', u'?'],Legalization of Abortion,AGAINST
[u'pressure', u'?', u'job', u'failing', u'miserably', u'keeping', u'promises', u'made', u'g', u'o', u'j', u'n', u't', u'amnesty', u'obamacare'],Legalization of Abortion,NONE
[u'wow', u'people', u'r', u'upset', u'1', u'black', u'man', u'killed', u'knew', u'blackkids', u'killed', u'baltimore', u'riots'],Legalization of Abortion,NONE
[u'breda', u"o'brien", u'strikes', u'people', u'just', u'allow', u'woman', u'carrying', u'child', u'make', u'decisions', u'amnesty'],Legalization of Abortion,FAVOR
[u'people', u'believe', u'every', u'child', u'entitled', u'life', u'liberty', u'...', u'yet', u'abortion', u'still', u'legal'],Legalization of Abortion,AGAINST
[u'americans', u'clearly', u'support', u'family', u'planning', u'cutting', u'title', u'x', u'wrong', u'protect', u'prevention', u'x'],Legalization of Abortion,FAVOR
[u'rt', u'say', u'one', u'time', u'!', u'anti-abortion', u'laws', u'lead', u'unsafe', u'illegal', u'abortions', u'!'],Legalization of Abortion,FAVOR
[u'time', u'decision', u'always', u'difficult', u'one', u'let', u'guilt-trip', u'people'],Legalization of Abortion,AGAINST
[u'rt', u'consenting', u'sex', u'consenting', u'pregnant', u'!', u'!', u'!', u'like', u'!', u'!', u'!', u'!', u'!', u'!'],Legalization of Abortion,FAVOR
[u'terrible', u'golf', u'last', u'couple', u'days', u'!', u'goes', u'notes', u'one'],Legalization of Abortion,NONE
[u'put', u'perspective', u'est', u'rape-caused', u'pregnancies', u'yr', u'=', u'x', u'less', u'est', u'abortions', u'yr', u'straw', u'man', u'war', u'on', u'women'],Legalization of Abortion,AGAINST
[u'precisely', u'!', u"god's", u'eyes', u'life', u'precious', u'make', u'generation', u'one', u'ends', u'abortion', u'!', u'pro', u'life', u'youth'],Legalization of Abortion,AGAINST
[u'today', u'grateful', u'right', u'control', u'body', u'without', u'govt', u'influence', u'leaders', u'want', u'stop'],Legalization of Abortion,FAVOR
[u'since', u'usa', u'killed', u'via', u'abortion', u'5', u'times', u'number', u'ppl', u'hitler', u'considered', u'responsible', u'killing'],Legalization of Abortion,AGAINST
[u'abortionists', u'refused', u'comply', u'constitutional', u'common-sense', u'standards', u'n', u'r'],Legalization of Abortion,AGAINST
[u'know', u'best', u'know', u'best', u'happiness', u'know', u'best', u'well'],Legalization of Abortion,FAVOR
[u'whose', u'body', u'right', u'use', u'w', u'consent', u'?', u'still', u'waiting'],Legalization of Abortion,FAVOR
[u'guarantee', u'will', u'destroyed', u'trust', u'god'],Legalization of Abortion,NONE
[u'*', u'knows', u'best', u'*', u'happiness', u'*', u'body'],Legalization of Abortion,FAVOR
[u'abortion', u'political', u'issue', u'moral', u'issue', u'catholic', u'christian', u'conservative'],Legalization of Abortion,AGAINST
[u'can', u'continue', u'say', u'god', u'bless', u'america', u'country', u'continues', u'approve', u'glorify', u'things', u'opposition', u'?', u'm'],Legalization of Abortion,AGAINST
[u'mayor', u'baltimore', u'said', u'give', u'rioters', u'rioters', u'black', u'lives', u'matter', u'except2', u'democrats', u'sanger'],Legalization of Abortion,NONE
[u'feel', u'greatest', u'destroyer', u'peace', u'today', u'abortion', u'...', u'mother', u'teresa'],Legalization of Abortion,AGAINST
[u'day', u'love', u'will', u'truly', u'win', u'day', u'injustice', u'known', u'abortion', u'abolished', u'all', u'lives', u'matter'],Legalization of Abortion,AGAINST
[u'right', u'control', u"one's", u'body', u'license', u'kill.youth'],Legalization of Abortion,AGAINST
[u'children', u'greatest', u'blessing', u'god', u'bestowed', u'man', u'woman', u'pope', u'francis', u'lifeisa', u'gift'],Legalization of Abortion,AGAINST
[u'got', u'hated'],Legalization of Abortion,NONE
[u'postinor', u'popularly', u'used', u'?'],Legalization of Abortion,NONE
[u'force', u'woman', u'risk', u'health', u'sanity', u'life', u'continue', u'doomed', u'pregnancy', u'will'],Legalization of Abortion,FAVOR
[u'explain', u'consider', u'medical', u'procedure', u'leaves', u'patient', u'healthy', u'happy', u'killing'],Legalization of Abortion,FAVOR
[u're', u'last', u'get', u'past', u'...', u'must', u'abortion', u'providers', u'dismember', u'fetus', u'alive', u'?', u'just', u'sounds', u'...', u'hideously', u'inhumane'],Legalization of Abortion,AGAINST
[u'abort', u'millions', u'possible', u'progressives', u'future', u'downfall'],Legalization of Abortion,AGAINST
[u'body', u'belongs', u'belong', u'church', u'state', u'embryo'],Legalization of Abortion,AGAINST
[u'course', u'want', u'feds', u'puff', u'puff', u'pass', u'!', u'team', u'buck'],Legalization of Abortion,NONE
[u'agree', u'ok', u'kill', u'7lbs', u'baby', u'uterus', u'd', u'n', u'c', u'clinton', u'pro', u'compromise'],Legalization of Abortion,AGAINST
[u'forcing', u'women', u'change', u"body's", u'normal', u'function', u'epitome', u'controlling', u'women'],Legalization of Abortion,AGAINST
[u'born', u'4', u'months', u'premature', u'...', u'perfectly', u'fine', u'somehow', u'killing', u'babies', u'legal', u'country'],Legalization of Abortion,AGAINST
[u'slaying', u'souls', u'offered', u'sons', u'shed', u'blood', u'infants', u'augustine', u'psalm'],Legalization of Abortion,AGAINST
[u'words', u'meant', u'trigger', u'strong', u'emotional', u'responses', u'well', u'medical', u'inaccuracies', u'misogyny', u'..'],Legalization of Abortion,NONE
[u'gags', u'dat', u'face'],Legalization of Abortion,AGAINST
[u'need', u'input', u'thanks'],Legalization of Abortion,FAVOR
[u'praise', u'district', u'court', u'judge', u'larry', u'hendricks', u'blocking', u'ridiculous', u'anti-abortion', u'law', u'kansas'],Legalization of Abortion,FAVOR
[u'equal', u'rights', u'except', u'unborn', u'?', u'?', u'roe'],Legalization of Abortion,AGAINST
[u'also', u'support', u"men's", u'wrongs', u'well', u"women's", u'rights', u'standforchoice'],Legalization of Abortion,FAVOR
[u'just', u'like', u'abortion', u'even', u'though', u'scotus', u'says', u'gay', u'marriage', u'legal', u'make', u'moral', u'c', u'o', u't', u'u', u'marriage', u'freedom', u'of', u'religion'],Legalization of Abortion,AGAINST
[u'mint', u'!', u'listening', u'live', u'talking', u'margaret', u'sanger', u'total', u'evil', u'even', u'pro', u'abortion', u'!'],Legalization of Abortion,AGAINST
[u'thought', u'just', u'tissue'],Legalization of Abortion,AGAINST
[u'people', u'never', u'abortion', u'can', u'prochoice', u'people', u'uterus', u'can', u'prochoice', u'people', u'never', u'want', u'kids', u'can'],Legalization of Abortion,FAVOR
[u'progress', u'african', u'americans', u'check', u'progress', u'gay', u'people', u'check', u'progress', u'women', u'waiting', u'waiting', u'waiting', u'...'],Legalization of Abortion,FAVOR
[u'nation', u'kills', u'children', u'nation', u'without', u'hope', u'pope', u'saint', u'john', u'paul', u'ii', u'pro', u'life', u'youth', u'all', u'lives', u'matter'],Legalization of Abortion,AGAINST
[u'one', u'step', u'forward', u'right', u'direction'],Legalization of Abortion,NONE
[u'good', u'friday', u'morning', u'make', u'ur', u'best', u'one', u'ever', u'smile', u'day', u'long', u'n', u'y', u'h', u'b', u't', u'rescue', u'pets', u'o', u't', u'o', u'v', u'never', u'give', u'up'],Legalization of Abortion,NONE
[u'equal', u'rights', u'unborn', u'humans', u'1', u'%', u'grow', u'lgbt', u'?', u'love', u'wins'],Legalization of Abortion,AGAINST
[u'plenty', u'stem', u'cells', u'without', u'baby', u'smashing', u'way'],Legalization of Abortion,AGAINST
[u'typo', u'meant', u'say', u'dies', u'every', u'abortion', u'', u'least', u'one', u'human', u'dies'],Legalization of Abortion,AGAINST
[u'roberts', u'scalia', u'alito', u'thomas', u'hereinafter', u'r-scat', u'c', u'o', u't', u'u', u'equality'],Legalization of Abortion,NONE
[u'rt', u'seems', u'clear', u'daylight', u'abortion', u'crime', u'ghandi', u'pro', u'life', u'youth'],Legalization of Abortion,AGAINST
[u'children', u'except', u'millions', u'aborted'],Legalization of Abortion,AGAINST
[u'greatest', u'mistakes', u'nothing', u'can', u'little', u'can', u'|'],Legalization of Abortion,NONE
[u'said', u'christian', u'also', u'coward', u'repkevincalvey', u'lib', u'crib', u'unite', u'blue'],Legalization of Abortion,NONE
[u'will', u'agree', u'gay', u'marriage', u'agree', u'pro-life', u'adopt', u'babies', u'aborted'],Legalization of Abortion,AGAINST
[u'mean', u'say', u'children', u'deserve', u'chances', u'except', u'unborn', u'children', u'?'],Legalization of Abortion,AGAINST
[u'either', u'want', u'make', u'people', u'kids', u'?', u'esp', u'prepared', u'?', u'makes', u'sense'],Legalization of Abortion,FAVOR
[u'great', u'same-sex', u'marriage', u'made', u'legal', u'long', u'will', u'take', u'make', u'abortion', u'illegal', u'?'],Legalization of Abortion,AGAINST
[u'even', u'can', u'change', u'course'],Legalization of Abortion,AGAINST
[u'watching', u'teen', u'mom', u'watching', u'farrah', u'bitch', u'makes', u'believe', u'abortion', u'much'],Legalization of Abortion,FAVOR
[u'thank', u'another', u'day', u'life', u'lord', u'christian', u'catholic', u'team', u'jesus'],Legalization of Abortion,AGAINST
[u'every', u'time', u'respond', u'something', u'frustrates', u'let', u'steal', u'away', u'time', u'happiness', u'easy', u'weight', u'loss'],Legalization of Abortion,NONE
[u'word', u'antiabortion', u'protestors', u'calmer', u'buying', u'bi', u'pride', u'colour', u'yarn', u'friend', u'haberdashery', u'<3'],Legalization of Abortion,AGAINST
[u'prayers', u'babies', u'urgent', u'prayer', u'detroit', u'mi', u'...', u'two', u'san', u'diego', u'ca', u'one', u'san', u'antonio', u'life', u'begins', u'conception'],Legalization of Abortion,AGAINST
[u'u', u'become', u'lib', u'u', u'made', u'hollywood', u'?', u'black', u'lives', u'dont', u'matter'],Legalization of Abortion,NONE
[u'people', u'go', u'nuts', u'onepercent', u'yet', u'fine', u'%', u'population', u'deciding', u'fate'],Legalization of Abortion,AGAINST
[u'follow', u'news', u'new', u'law', u'gay', u'people', u'get', u'married', u'?', u'!'],Legalization of Abortion,NONE
[u'great', u'college', u'training', u'stevens', u'point', u'today', u'!', u'gen', u'w', u'r', u't', u'college'],Legalization of Abortion,NONE
[u'legalized', u'tweeting-instead-of-procreating', u'discriminates', u'unconceived', u'child'],Legalization of Abortion,AGAINST
[u'draw', u'line', u'arbitrarily', u'drawn', u'draw', u'anywhere', u'nonsense'],Legalization of Abortion,NONE
[u'agonist', u'abortion', u'get', u'vasectomy'],Legalization of Abortion,AGAINST
[u'ok', u'now', u'handle', u'something', u'just', u'little', u'important', u'...', u'like', u'murder'],Legalization of Abortion,AGAINST
[u'law', u'protecting', u'unborn', u'eagles', u'humans', u'uh', u'idk', u'noticed', u'7', u'billion', u'eagles', u'around'],Legalization of Abortion,AGAINST
[u'black', u'lives', u'matter', u'womb', u'?'],Legalization of Abortion,AGAINST
[u'took', u'god', u'discipline', u'tobacco', u'made', u'^', u'airtight', u'filled', u'homes', u'w', u'^', u'co2', u'cuz', u'energy', u'climate', u'lies', u'evil', u'energy', u'use', u'soared'],Legalization of Abortion,NONE
[u'definitely', u'c', u'o', u't', u'u', u'today', u'landed', u'women', u'texas'],Legalization of Abortion,FAVOR
[u'everyone', u'right', u'make', u'reproductive', u'choices', u'recieve', u'safe', u'medical', u'treatment', u'without', u'stigma'],Legalization of Abortion,AGAINST
[u'equal', u'pay', u'equal', u'work', u'?', u'yes', u'freedom', u'fear', u'rape', u'sexual', u'objectification', u'?', u'yes', u'right', u'abort', u'?'],Legalization of Abortion,AGAINST
[u'plan', u'ever', u'abortion', u'thing', u'...', u'think', u'anyone', u'ever', u'plans'],Legalization of Abortion,FAVOR
[u'jesus', u'says', u'trust', u'things', u'put', u'trust', u'men', u'world'],Legalization of Abortion,NONE
[u'abortion', u'contraception', u'contraception', u'preventing', u'pregnancy', u'abortion', u'terminating', u'life', u'c', u'c', u'o', u't'],Legalization of Abortion,AGAINST
[u'rt', u'government', u'exceeded', u'necessary', u'size', u'scope', u'reach', u'lives', u'citizens', u'armenia', u'...'],Legalization of Abortion,NONE
[u'go', u'looking', u'life', u'one'],Legalization of Abortion,AGAINST
[u'thank', u'treating', u'kindness', u'respect', u'tlc', u'wellness', u'exam'],Legalization of Abortion,NONE
[u'get', u'right', u'?', u'get', u'right', u'conception', u'?'],Legalization of Abortion,AGAINST
[u'today', u'proverbial', u'straw', u'broke', u'back', u'america', u'just', u'matter', u'time', u'gone', u'far', u'...', u'love', u'wins'],Legalization of Abortion,NONE
[u'exactly', u'apologies', u'needed', u'kind', u'stop', u'apologies', u'rights'],Legalization of Abortion,FAVOR
[u'unjustified', u'homicide', u'always', u'illegal', u'including', u'prolife', u'youth'],Legalization of Abortion,AGAINST
[u'abortion', u'wrong', u'side', u'history', u'healers', u'inventors', u'artists', u'wife', u'husband', u'best', u'friend', u'eliminated'],Legalization of Abortion,AGAINST
[u'can', u'make', u'sure', u'babies', u'?', u'nah', u'...'],Legalization of Abortion,AGAINST
[u'bacteria', u'considered', u'life', u'mars', u'heartbeat', u'considered', u'life', u'earth', u'?'],Legalization of Abortion,AGAINST
[u'please', u'consider', u'status', u'preborn', u'girls', u'vulnerable', u'women', u'society'],Legalization of Abortion,AGAINST
[u'possible', u'bristol', u'palin', u'believe'],Legalization of Abortion,NONE
[u'abortion', u'illegal', u'never', u'judge', u'woman', u'making', u'choice'],Legalization of Abortion,FAVOR
[u'can', u'accept', u'mother', u'can', u'kill', u'even', u'child', u'can', u'tell', u'people', u'kill', u'one', u'another', u'?'],Legalization of Abortion,AGAINST
[u'estimated', u'ozzie', u'abortions', u'vulnerable', u'unwanted', u'unlife', u'right', u'value', u'respect', u'life'],Legalization of Abortion,AGAINST
[u'guess', u'means', u'happy', u'pro-life', u'never', u'aborted', u'children', u'?'],Legalization of Abortion,AGAINST
[u'may', u'need', u'figure', u'get', u'school', u'work', u'day'],Legalization of Abortion,NONE
[u'ever', u'forget', u'one', u'nation', u'god', u'will', u'nation', u'gone', u'reagan', u'christian', u'dog', u'lover', u'conservative'],Legalization of Abortion,NONE
[u'true', u'progressives', u'work', u'toward', u'greater', u'inclusion', u'protections', u'marginalized', u'standing', u'unborn', u'progressive', u'!'],Legalization of Abortion,AGAINST
[u'babies', u'blessing', u'thank', u'loving', u'preaching'],Legalization of Abortion,AGAINST
[u'tis', u'human', u'beings', u'womb', u'harvest', u'transplant', u'organs', u'onto', u'human', u'beings', u'?'],Legalization of Abortion,AGAINST
[u'abortion', u'responsible', u'choice', u'?', u'woman', u'chooses'],Legalization of Abortion,FAVOR
[u'rt', u'save', u'baby', u'humans', u'!', u'w', u'r'],Legalization of Abortion,AGAINST
[u'dare', u'say', u'sexual', u'preference', u'choice', u'dare', u'say', u'dismembering', u'preborn'],Legalization of Abortion,AGAINST
[u'let', u'obama', u'control', u'actions', u'progressives', u'destroyed', u'black', u'community', u'b', u'j', u'clintons', u'drugs'],Legalization of Abortion,NONE
[u'church', u'pro-life', u'meeting', u'will', u'voice', u'unborn', u'save', u'the', u'babies', u'bump', u'them', u'animals', u'god', u'is', u'love', u'so', u'love', u'wins', u'!', u'!'],Legalization of Abortion,AGAINST
[u'rise', u'shine', u'new', u'day', u'alive', u'thank', u'god', u'4', u'another', u'day', u'precious', u'life', u'christian', u'catholic', u'team', u'jesus'],Legalization of Abortion,AGAINST
[u'unthinkable', u'shameful', u'acceptable', u'encouraged', u'desirable', u'...', u'evolution', u'killing', u'defenseless'],Legalization of Abortion,AGAINST
[u'remind', u'love', u'means', u'willing', u'give', u'hurts', u'mother', u'teresa'],Legalization of Abortion,AGAINST
[u'long', u'allowed', u'show', u'medically', u'correct', u'photos', u'contraception', u'use', u'family', u'planning', u'table', u'stop', u'abortion'],Legalization of Abortion,AGAINST
[u'body', u'way', u'can', u'live', u'want', u'right', u'dismiss', u'know', u'problem'],Legalization of Abortion,FAVOR
[u'proof', u'education', u'work', u'affordable', u'access', u'contraception'],Legalization of Abortion,NONE
[u"person's", u'person', u'matter', u'small', u'dr', u'suess', u'w', u'r'],Legalization of Abortion,AGAINST
[u'u', u'want', u'2', u'limit', u"doctor's", u'choice', u'force', u'help', u'w', u'abortions', u'want', u'protect', u'life', u'human', u'dignity'],Legalization of Abortion,AGAINST
[u'ok', u'least', u'yo', u'hand', u'smells', u'like', u'dick'],Legalization of Abortion,NONE
[u'abstinence', u'proponent', u'bristol', u'palin', u'pregnant', u'second', u'child', u'conceives', u'mirth', u'control', u'birth', u'control'],Legalization of Abortion,NONE
[u'nation', u'kills', u'children', u'nation', u'without', u'hope', u'pope', u'saint', u'john', u'paul', u'ii', u'pro', u'life', u'youth', u'all', u'lives', u'matter'],Legalization of Abortion,AGAINST
[u'large', u'parts', u'difficult', u'write', u'imagine', u'read', u'fucking', u'thing'],Legalization of Abortion,NONE
[u'laws', u'passed', u'scotus', u'defy', u'gods', u'laws', u'always', u'children', u'suffer', u'god', u'bless', u'children'],Legalization of Abortion,AGAINST
[u'coming', u'female', u'taken', u'away', u'ability', u'children', u'still', u'believe', u'women', u'ability', u'choose'],Legalization of Abortion,FAVOR
[u'live', u'murder', u'speechless', u'rage', u'hurt', u'complete', u'disgust.finding', u'v.hard', u'hold', u'tongue'],Legalization of Abortion,AGAINST
[u'like', u'see', u'poll', u'many', u'abortion', u'doctors', u'told', u'woman', u'abortion', u'required', u'case'],Legalization of Abortion,AGAINST
[u"women's", u'rights', u'joke', u'omg', u'even', u'lol', u'go', u'thank', u'mom', u'keeping'],Legalization of Abortion,AGAINST
[u'plenty', u'reasons', u'christians', u'support', u'hillary', u'least', u'mind', u'stand', u'w', u'dems'],Legalization of Abortion,AGAINST
[u'kill', u'someone', u'cause', u'claim', u'made', u'mistake', u'true', u'nobody', u'go', u'jail', u'killing', u'spouse'],Legalization of Abortion,AGAINST
[u'doctors', u'used', u'guns', u'perform', u'abortions', u'liberals', u'opposed', u'?'],Legalization of Abortion,AGAINST
[u'c', u'o', u't', u'u', u'blocking', u'part', u'texas', u'anti-abortion', u'law', u'maybe', u'call', u'supreme', u'tyrant'],Legalization of Abortion,AGAINST
[u'preach', u'!', u'black', u'sheriff', u'says', u'black', u'lives', u'matter', u'protest', u'abortion', u'clinics', u'choose', u'f', u'all', u'lives', u'matter'],Legalization of Abortion,AGAINST
[u'surprised', u'murder', u'legal', u'israel', u'illegal', u'civilized', u'countries', u'like', u'usa'],Legalization of Abortion,AGAINST
[u'really', u'understand', u'people', u'pro-choice', u'life', u'life', u'matter', u'2', u'weeks', u'old', u'years', u'old'],Legalization of Abortion,AGAINST
[u'born'],Legalization of Abortion,NONE
[u'ireland', u'unborn', u'child', u'constitutional', u'protection', u'long', u'may', u'continued.youth'],Legalization of Abortion,AGAINST
[u'gray', u'area', u'comes', u'abortion', u'discuss', u'face', u'regarding'],Legalization of Abortion,AGAINST
[u'mt', u'senate', u'vote', u'sc', u'pain-capable', u'unborn', u'child', u'protection', u'act', u'come', u'early', u'wed', u'contact', u'senators', u'!'],Legalization of Abortion,AGAINST
[u'undeniable', u'inverse', u'correlation', u"women's", u'right', u'choose', u'crime', u'rates'],Legalization of Abortion,FAVOR
[u'patient', u'advocate', u'stephen', u'casey', u'texas', u'center', u'defense', u'life', u'strongly', u'supports', u'h', u'b', u't', u'xlege'],Legalization of Abortion,AGAINST
[u'know', u'massively', u'reduces', u'abortion', u'?', u'sex', u'education', u'access', u'birth', u'control'],Legalization of Abortion,FAVOR
[u'rt', u'anyone', u'congratulate', u'getting', u'knocked', u'?', u'throw', u'damn', u'shower', u'repro', u'justice'],Legalization of Abortion,NONE
[u'keep', u'good', u'work', u'!', u'nutters'],Legalization of Abortion,NONE
[u'eliminated', u'just', u'call', u'different'],Legalization of Abortion,AGAINST
[u'pregnancy', u'planned', u'unplanned', u'brings', u'spouses', u'families', u'everyone', u'closer', u'life', u'beautiful', u'!', u'u'],Legalization of Abortion,AGAINST
[u'equal', u'rights', u'born', u'way', u'rights', u'yet', u'born', u'liberal', u'logic'],Legalization of Abortion,AGAINST
[u'life', u'babies', u'mothers', u'fathers', u'please', u'support', u'sanctity', u'human', u'life', u'think'],Legalization of Abortion,AGAINST
[u'well', u'win', u'women', u'texas', u'thank', u'scotus', u'!'],Legalization of Abortion,FAVOR
[u'woe', u'call', u'evil', u'good', u'good', u'evil', u'isaiah', u'c', u'o', u't', u'u', u'marriage'],Legalization of Abortion,NONE
[u'side', u'note', u'just', u'think', u'smtg', u'wrong', u'mean', u'everyone', u'else', u'live', u'accd', u'beliefs', u'..', u'^', u'^'],Legalization of Abortion,NONE
[u'concerned', u"women's", u'health', u'control', u'stay', u'outta', u'lady', u'parts', u'mr', u'patrick', u'!'],Legalization of Abortion,FAVOR
[u'last', u'meeting', u'year', u'tonight', u'!', u'pm', u'case', u'hall', u'room', u'come', u'one', u'come', u'!', u'pizza', u'pop', u'will', u'provided', u'!'],Legalization of Abortion,NONE
[u'makes', u'human', u'race', u'behave', u'undignified', u'way', u'gain', u'attention', u'?'],Legalization of Abortion,NONE
[u'bernadette', u'smyth', u'ignorant', u'thunder', u'cunt', u'life', u'body', u'business', u'its', u'ball', u'of', u'cells', u'not', u'baby', u'news', u'n'],Legalization of Abortion,FAVOR
[u'c', u'o', u't', u'u', u'decision', u"homosex'lity-based", u'marriage', u'carries', u'much', u'moral', u'authority', u'past', u'decision', u'roe', u'v', u'wade', u'anti', u'truth'],Legalization of Abortion,AGAINST
[u'constitution', u'kenya', u'clear', u'abortion', u'demand', u'illegal', u'f', u'd'],Legalization of Abortion,AGAINST
[u'well', u'now', u'marriage', u'way', u'can', u'focus', u'abolishing', u'abortion', u'stoping', u'murders', u'unborn', u'children'],Legalization of Abortion,AGAINST
[u'people', u'demand', u'gov', u'stay', u'vaginas', u'demand', u'gov', u'legitimize', u'sex', u'bedrooms', u'!', u'curious', u'love', u'wins'],Legalization of Abortion,AGAINST
[u'still', u'love', u'matter', u'love'],Legalization of Abortion,NONE
[u'much', u'try', u'notion', u'ts', u'st', u'century', u'killing', u'lot', u'...'],Legalization of Abortion,AGAINST
[u'still', u'waiting', u'libs', u'explain', u'premeditated', u'murder', u'premature', u'baby', u'reproductive', u'healthcare'],Legalization of Abortion,AGAINST
[u'hhs', u'contraceptive', u'mandate', u'challenged', u'c', u'o', u'u', u't', u'6', u'times', u'lost', u'6', u'times'],Legalization of Abortion,AGAINST
[u'pro-life', u'legislative', u'day', u'party', u'lansing', u'today', u'!', u'see', u"y'all", u'!'],Legalization of Abortion,AGAINST
[u'b', u'passes', u'sen', u'judiciary', u'cmte.this', u'bill', u'effort', u'shame', u'women', u'personal', u'private', u'medical', u'decision'],Legalization of Abortion,FAVOR
[u'influence', u'policy', u'info', u'presented', u'whole', u'given', u'listed', u'partner'],Legalization of Abortion,NONE
[u'others', u'whatever', u'law', u'prophets', u'mt', u'pro', u'life', u'youth'],Legalization of Abortion,AGAINST
[u'o', u't', u'u', u'seals', u'legacy', u'w', u'1/2', u'doz', u'wins', u'g', u'o', u'agenda', u'?', u'still', u'!', u'!', u'repeal', u'gun', u'laws', u'obamacare', u'ban', u'access', u'2', u'total', u'losers', u'no', u'ideas'],Legalization of Abortion,AGAINST
[u'democrats', u'just', u'gave', u'chilling', u'reply', u'asked', u'support', u'aborting', u'7', u'pound', u'babies'],Legalization of Abortion,AGAINST
[u'im', u'abortion', u'stand', u'opinion', u'just', u'mass', u'cells'],Legalization of Abortion,AGAINST
[u'can', u'tell', u'women', u'bodies', u'things', u'you', u'dont', u'say', u'as', u'politician'],Legalization of Abortion,AGAINST
[u'teacher', u'today', u'basically', u'said', u"embroyo's", u'nothing', u'skin', u'blood', u'abortion', u'fine'],Legalization of Abortion,FAVOR
[u'ok', u'g', u'o', u'males', u'telling', u'can', u'body', u'?'],Legalization of Abortion,FAVOR
[u'goes', u'along', u'world', u'law', u'god', u'men'],Legalization of Abortion,AGAINST
[u'way', u'sweden', u'!'],Legalization of Abortion,NONE
[u'good', u'morning', u'plan', u'tell', u'women', u'pei', u'deserve', u'right', u'choose', u'?'],Legalization of Abortion,FAVOR
[u'man', u'feel', u'qualified', u'make', u'healthcare', u'decisions', u'women', u'things', u'you', u'dont', u'say', u'as', u'politician'],Legalization of Abortion,AGAINST
[u'needed', u'safe', u'medical', u'procedure', u'available', u'women', u'unfortunately', u'rw', u'men', u'say', u'make', u"women's", u'decisions', u'sad', u'huh', u'?'],Legalization of Abortion,FAVOR
[u'monday', u'twitter', u'right', u'wing', u'troll', u'sends', u'video', u'abortion', u'repro', u'rights'],Legalization of Abortion,FAVOR
[u'excellent', u'speed-dating', u'discussion', u'today', u'yr9', u'class'],Legalization of Abortion,NONE
[u'. . .', u'abortion', u'self-defense', u'shooting', u'rapist', u'kittington', u'j', u'n', u't', u't', u'c', u'o', u't'],Legalization of Abortion,AGAINST
[u'2', u'heads', u'2', u'hearts', u'4', u'arms', u'4', u'legs', u'?'],Legalization of Abortion,AGAINST
[u'good', u'morning', u'patriots', u'let', u'us', u'continue', u'pray', u'great', u'nation', u'un', u'born', u'great', u'day', u'god', u'given', u'us', u'!', u'!'],Legalization of Abortion,AGAINST
[u'alive', u'9', u'months', u'bornkills'],Legalization of Abortion,AGAINST
[u'wh', u"motherhood's", u'wage', u'penalty', u'pay', u'em', u'kids', u'pay', u'em', u'kill', u'premature', u'babies', u"wtf's", u'point', u'libs', u'?', u'j', u'n', u't'],Legalization of Abortion,AGAINST
[u'thr', u'r', u'rights', u'w', u'o', u'responsibilities', u'rt', u'2', u'bodily', u'autonomy', u'comes', u'w', u'responsibility', u'2', u'care', u'4', u'1', u'unborn', u'child', u'pro', u'life', u'youth'],Legalization of Abortion,AGAINST
[u'changing', u'cis-nomative', u'atmosphere', u'difficult'],Legalization of Abortion,NONE
[u'florida', u'attorneygeneralbondi', u'files', u'appeal', u'judge', u'grants', u'aclu', u'request', u'temporarily', u'halt', u'new', u'law', u'requiring', u'hr', u'wait'],Legalization of Abortion,AGAINST
[u'think', u'right', u'use', u'someone', u"else's", u'body', u'without', u'consent', u'?'],Legalization of Abortion,FAVOR
[u'kill', u'ur', u'children', u'fear', u'poverty', u'provide', u'u', u'indeed', u'killing', u'ever', u'great', u'sin', u'quran'],Legalization of Abortion,AGAINST
[u"mother's", u'womb', u'safe', u'guess', u'neither', u'churches', u';', u'specifically', u'black', u'ones', u'who', u'is', u'burning', u'black', u'churches'],Legalization of Abortion,AGAINST
[u'leftists', u'putting', u'americans', u'danger', u'!', u'unite', u'blue', u'love', u'wins', u'g', u'b', u't', u'c', u'o', u't', u'u'],Legalization of Abortion,NONE
[u'will', u'message', u'will', u'mock', u'god', u'will', u'stop'],Legalization of Abortion,AGAINST
[u'like', u"ya'll", u'can', u'try', u'push', u'views', u'anyway', u'will', u'remain'],Legalization of Abortion,NONE
[u'seven', u'pound', u'baby', u'murderer', u'bad', u'mom', u'operation', u'baby', u'democrats', u'losers'],Legalization of Abortion,AGAINST
[u'abortion', u'laws', u'designed', u'make', u'harder', u'get', u'abortion', u'abortion', u'murder', u'!'],Legalization of Abortion,AGAINST
[u'one', u'day', u'gonna', u'set', u'abortion', u'clinic', u'fire', u'anyone', u'wanna', u'join', u'?'],Legalization of Abortion,AGAINST
[u'prolife', u'laws', u'kill', u'women', u'real', u'calling', u'us', u'course', u'arguments'],Legalization of Abortion,AGAINST
[u'rt', u'dear', u'religious', u'right', u'keep', u'uterus', u'church', u'keep', u'church', u'uterus'],Legalization of Abortion,FAVOR
[u'like', u'really', u'need', u'walk', u'past', u'bunch', u'aborted', u'babies', u'get', u'union', u'get', u'peripheral'],Legalization of Abortion,AGAINST
[u'manila', u'tv', u'monday', u'pacquiao', u'appeals', u'execute', u'mary', u'jane', u'veloso', u'row', u'trafficking', u'christian'],Legalization of Abortion,NONE
[u'among', u'pope', u'francisyouthgen'],Legalization of Abortion,AGAINST
[u'follow', u'patriot', u'-->', u'thanks', u'following', u'back', u'!', u'!', u'truth', u'liberty', u'justice', u'pro', u'israel', u'wake', u'up', u'america', u'free', u'amir', u'now'],Legalization of Abortion,NONE
[u'morning', u'still', u'chase', u'away', u'anti-choice', u'nutters', u'harassing', u'patients'],Legalization of Abortion,FAVOR
[u'pro', u'life', u'youth', u'know', u'human', u'life', u'womb', u'valuable', u'human', u'life', u'outside', u'womb'],Legalization of Abortion,AGAINST
[u'harry', u'favorite', u'characters', u'still', u'alive'],Legalization of Abortion,NONE
[u'getting', u'old', u'maybe', u'stop', u'calling', u'embryos', u'fetuses', u'babies'],Legalization of Abortion,FAVOR
[u'never', u'pregnancy', u'pregnant', u"person's", u'body', u'cease', u'support', u'bodily', u'autonomy'],Legalization of Abortion,AGAINST
[u'u', u'religious', u'pro-life', u'u', u'believe', u'every', u'life', u'sacred'],Legalization of Abortion,AGAINST
[u'bravo', u'beautifully', u'explained', u'hold', u'bill'],Legalization of Abortion,FAVOR
[u'whoa', u'whoa', u'whoa', u'care', u'sex', u'pregnant', u'another', u'life', u'involved'],Legalization of Abortion,AGAINST
[u'u', u'wife', u'blow', u'head', u'yep', u'sound', u'like', u'el', u'salvador'],Legalization of Abortion,NONE
[u'lmao', u'school', u'thinks', u'giving', u'women', u'right', u'abortion', u'feminism', u'know', u'feminism'],Legalization of Abortion,FAVOR
[u'rt', u'try', u'joining', u'millions', u'slaughtered', u'unborn', u'children', u'robbed', u'right', u'choose'],Legalization of Abortion,AGAINST
[u'sinners', u'right', u'humans', u'kill', u'another', u'human', u'?', u'god', u'wanted', u'us', u'?', u'c'],Legalization of Abortion,AGAINST
[u'peer', u'pressure', u'real', u'!', u'parents', u'also', u'need', u'get', u'real', u'!', u'lay', u'facts', u'right', u'sex', u'!', u'misleading', u'shame', u'u', u'!'],Legalization of Abortion,NONE
[u'pretend', u'babies', u'everywhereyouthgen'],Legalization of Abortion,AGAINST
[u'captors', u'already', u'born', u'longer', u'part', u'body', u'pregnant', u'woman', u'difference'],Legalization of Abortion,FAVOR
[u'many', u'people', u'taking', u'seriously'],Legalization of Abortion,NONE
[u'time', u'stand', u'all', u'lives', u'matter', u'pro', u'life', u'youth'],Legalization of Abortion,AGAINST
[u'time', u'end', u'united', u'states'],Legalization of Abortion,AGAINST
[u'consider', u'dispersal', u'chemical', u'weapon', u'one', u'kills', u'children'],Legalization of Abortion,AGAINST
[u'support', u'never', u'abortion', u'?', u'still', u'give', u'account', u'creator', u'taking', u'innocent', u'life'],Legalization of Abortion,AGAINST
[u'just', u'reminder', u'awful', u'every', u'way', u'represent'],Legalization of Abortion,NONE
[u'people', u'government', u'care', u'words', u'bible', u'women', u'bodies'],Legalization of Abortion,FAVOR
[u'happy', u'hear', u'c', u'o', u't', u'u', u'blocked', u'closing', u'abortion', u'clinics', u'tx', u'appeal', u'can', u'heard'],Legalization of Abortion,FAVOR
[u'rt', u'children', u'greatest', u'blessing', u'god', u'bestowed', u'man', u'woman', u'pope', u'francis'],Legalization of Abortion,AGAINST
[u'gov', u'brownback', u'visits', u'cities', u'kansas', u'2', u'sign', u'new'],Legalization of Abortion,NONE
[u'signs', u'youre', u'in', u'the', u'u', u'doc', u'can', u'pull', u'baby', u'3/4', u'way', u'womb', u'stick', u'knife', u'head', u'2', u'kill', u'child', u'says', u'ok'],Legalization of Abortion,AGAINST
[u'god', u'define', u'anything', u'?', u'right', u'just', u'bigot', u'trying', u'stick', u'closed-minded', u'agenda'],Legalization of Abortion,NONE
[u'yo', u'decide', u'set', u'fire', u'cause', u'gays', u'allowed', u'married', u'%', u'choice', u'support'],Legalization of Abortion,NONE
[u'ones', u'fenna', u'die', u'heat', u'watch'],Legalization of Abortion,NONE
[u'happy', u'america', u'making', u'possible', u'people', u'married', u'ones', u'love', u'!', u'marriage', u'equaility'],Legalization of Abortion,NONE
[u'women', u'independent', u'making', u'choices'],Legalization of Abortion,FAVOR
[u'good', u'riddance', u'millions', u'black', u'babies', u'?', u'really', u'hope', u'misunderstanding'],Legalization of Abortion,AGAINST
[u'forced', u'reproduction', u'human', u'rights', u'violation'],Legalization of Abortion,FAVOR
[u'rt', u'...', u'anything', u'destroys', u"god's", u'gift', u'motherhood', u'destroys', u'precious', u'gift', u'women'],Legalization of Abortion,AGAINST
[u'good', u'thing', u'd', u'u', u'consistently', u'said', u'murder', u'wrong', u'sf', u'pro', u'murder', u'...', u'still'],Legalization of Abortion,AGAINST
[u'black', u'lives', u'matter', u'black', u'babies', u'womb', u'?', u'somehow', u'lives', u'matter', u'...', u'puzzled', u'one'],Legalization of Abortion,AGAINST
[u'abstinence', u'spokesmodel', u'brawler', u'bristol', u'palin', u'pregnant', u'happy', u'poor', u'little', u'rich', u'girl', u'!', u'hypocrite'],Legalization of Abortion,NONE
[u'die', u'even', u'born', u'just', u'tiny', u'little', u'thing', u'matter'],Legalization of Abortion,AGAINST
[u'manipulation', u'disguise', u'evil', u'always', u'seen', u'out-come', u'ugly', u'doors', u'satan', u'appear', u'forms', u'fake', u'love'],Legalization of Abortion,NONE
[u'someone', u'snitched', u'mom', u'sex', u'playing', u'naked', u'twister', u'teens', u'bet', u'cock', u'blocking', u'ass', u'children'],Legalization of Abortion,NONE
[u'?', u'nowhere', u'seen', u'cause', u'care'],Legalization of Abortion,NONE
[u'great', u'meeting', u'today', u'two', u'guys', u'know', u'reading', u'tweet', u'...', u'welcome', u'team', u'!', u'excited', u'expand', u'team', u'sobhy', u'!', u'!'],Legalization of Abortion,NONE
[u'can', u'abortion', u'also', u'want', u'take', u'away', u'free', u'birth', u'control', u'clinics', u'poor', u'?', u'?'],Legalization of Abortion,FAVOR
[u'god', u'forbid', u'ever', u'walk', u'mile', u'shoes', u'really', u'might', u'know', u'like', u'choose'],Legalization of Abortion,FAVOR
[u'will', u'unborn', u'babiesyouthgen'],Legalization of Abortion,AGAINST
[u'abortion', u'something', u'alive', u'must', u'become', u'dead', u'considered', u'successful', u'abortion', u'...', u'choose', u'life', u'choice'],Legalization of Abortion,AGAINST
[u'actually', u'noone', u'said', u'dont', u'consider', u'life', u'abortion', u'woman', u'doctor'],Legalization of Abortion,FAVOR
[u'will', u'believe', u'narrative', u'black', u'lives', u'matter', u'black', u'lives', u'matter', u'time', u'black', u'on', u'black', u'violence'],Legalization of Abortion,NONE
[u'anti-vaxxers', u'idiotic', u'bunch', u'...', u'seriously', u'guys', u'vaccinate', u'kids'],Legalization of Abortion,NONE
[u'wife', u'abortion', u'young', u'regrets', u'day'],Legalization of Abortion,AGAINST
[u'supreme', u'court', u'justices', u'fire', u'week', u'love', u'wins'],Legalization of Abortion,NONE
[u'reduce', u'abortions', u'making', u'illegal', u'sex', u'education', u'caring', u'pregnant', u'person', u'...'],Legalization of Abortion,FAVOR
[u'keeping', u'pregnant', u'people', u'safe', u'great', u'reason', u'abortion', u'though'],Legalization of Abortion,FAVOR
[u'sadly', u'health', u'insurance', u'plans', u'cover', u'abortions', u'price', u'can', u'quite', u'high', u'...'],Legalization of Abortion,FAVOR
[u'pregnancy', u'crisis', u'gift', u'whether', u'wanted', u'someone', u'else', u'child', u'unwanted', u'choose', u'life', u'adoption'],Legalization of Abortion,AGAINST
[u'love', u'delight', u'~', u'1', u'cor', u'loving', u'requires', u'always', u'speaking', u'truth', u'protest', u'child', u'killing'],Legalization of Abortion,AGAINST
[u'amen', u'say', u'whatever', u'one', u'least', u'brothers', u'mine', u'mt', u'pro', u'life', u'youth'],Legalization of Abortion,AGAINST
[u'rock', u'girl', u'!', u'know', u'abortion', u'is', u'murder'],Legalization of Abortion,AGAINST
[u'everyone', u'disagrees', u'always', u'right', u'mind', u'damn', u'business', u'!', u'!', u'!', u'love', u'wins'],Legalization of Abortion,NONE
[u'joining', u'us', u'studio', u'amos', u'josh', u'music', u'career', u'kobi', u'kihara', u'bands'],Legalization of Abortion,NONE
[u'meme', u'like', u'last', u'reddit', u'thread', u'earth', u'ageof', u'ultron'],Legalization of Abortion,NONE
[u'humans', u'taken', u'role', u'god', u'rachel', u'dolezal', u'caitlyn', u'jenner', u'c', u'o', u't', u'u', u'marriage'],Legalization of Abortion,AGAINST
[u'peoples', u'debate', u'better', u'every', u'child', u'born', u'marriage', u'every', u'mothers', u'get', u'allowance', u'single', u'vin', u'b'],Legalization of Abortion,AGAINST
[u'gods', u'law', u'truth', u'thing', u'eternal', u'!', u'love', u'wins'],Legalization of Abortion,NONE
[u'oops', u'bristol', u'pregnant', u'candies', u'waste', u'u', u'paid', u'?', u'ppl', u'send', u'ur', u'$'],Legalization of Abortion,NONE
[u'life', u'fact', u'just', u'9', u'weeks', u'pregnancy', u'baby', u'begins', u'sigh', u'yawn', u'life', u'fact'],Legalization of Abortion,AGAINST
[u'right', u'thats', u'choose', u'prolifeyouthgen'],Legalization of Abortion,AGAINST
[u'little', u'van', u'action', u'work'],Legalization of Abortion,NONE
[u'today', u'ab', u'passed', u'committee', u'judiciary', u'3-7', u'will', u'let', u'know', u'help', u'!'],Legalization of Abortion,NONE
[u'black', u'lives', u'matter', u'protesters', u"wd'rather", u'spray', u'paint', u'confederate', u'symbols', u'concern', u'w', u'millions', u'black', u'lives', u'lost'],Legalization of Abortion,NONE
[u'everyone', u'right', u'choice', u'either', u'heaven', u'hell', u'pro', u'marriage', u'pro', u'faith', u'eternal', u'life', u'matters'],Legalization of Abortion,AGAINST
[u'hate', u'lgbt', u'disagree', u'same-sex', u'marriage', u'sacramentof', u'matrimonyis', u'sacred'],Legalization of Abortion,NONE
[u'nothing', u'choice', u'dictate', u'another', u'woman', u'chooses'],Legalization of Abortion,FAVOR
[u'adding', u'progress', u'week', u'supreme', u'court', u'also', u'allowing', u'texas', u'abortion', u'clinics', u'stay', u'open', u'!', u'c', u'o', u't', u'u'],Legalization of Abortion,FAVOR
[u'scotus', u'caused', u'repression', u'racism', u'nation', u'group', u'people', u'america', u'dred', u'scott', u'marriage'],Legalization of Abortion,NONE
[u'sent', u'mine', u'two', u'days', u'ago', u'expect', u'back', u'two', u'days', u'quick', u'turnaround', u'great', u'customer', u'service', u'!'],Legalization of Abortion,NONE
[u'rt', u'law', u'can', u'give', u'right', u'wrong', u'abraham', u'lincoln'],Legalization of Abortion,AGAINST
[u'another', u'scotus', u'decision', u'agree', u'time', u'away', u'death', u'penalty', u'together'],Legalization of Abortion,NONE
[u'every', u'child', u'matters', u'regardless', u'skin', u'color', u'?', u'nation', u'continuously', u'keep', u'aborting', u'?', u'all', u'lives', u'matter'],Legalization of Abortion,AGAINST
[u'discussed', u'business', u'calculates', u'risk', u'factors', u'drew', u'attacking', u'space', u'x', u'inferring', u'life', u'risk', u'invoked'],Legalization of Abortion,AGAINST
[u'thanks', u'gently', u'spoken', u'truth', u'!', u'nation', u'protect', u'innocent', u'?', u'the', u'five', u'c', u'c', u'o', u't', u'd', u'n', u'c', u'r', u'n', u'c'],Legalization of Abortion,AGAINST
[u'america', u'still', u'one', u'nation', u'god', u'lust', u'wins', u'secularism'],Legalization of Abortion,AGAINST
[u'killed', u'abortion', u'confederate', u'flag'],Legalization of Abortion,AGAINST
[u'charged', u'manslaughter', u'another', u'woman', u'dies'],Legalization of Abortion,AGAINST
[u'yes', u'reasoning', u'horrible', u'talking', u'abortion', u'death'],Legalization of Abortion,FAVOR
[u'debate', u'understanding', u'human', u'dignity', u'means', u'member', u'0', u'human', u'family', u'even', u'tho', u'tiny', u'powerless'],Legalization of Abortion,AGAINST
[u'say', u'god', u'listening', u'?', u'just', u'look', u'radar', u'today'],Legalization of Abortion,NONE
[u'confuse', u'right', u'life', u"right-to-use-someone's-body-without-consent", u'?'],Legalization of Abortion,FAVOR
[u'something', u'sinister', u'nazi-esque', u'folks', u'support', u'killing', u'babies'],Legalization of Abortion,AGAINST
[u'murdering', u'unborn', u'child', u'crudest', u'form', u'contraception', u'!', u'catholic', u'christian', u'conservative'],Legalization of Abortion,AGAINST
[u'part', u'celebration', u'will', u'dancing', u'butts', u'lgbtqia', u'pride', u'inspired', u'playlist', u'songs', u'add', u'list', u'?'],Legalization of Abortion,NONE
[u'think', u'marcus', u'slightly', u'scared', u'radical', u'liberal', u'side'],Legalization of Abortion,NONE
[u'way', u'go', u'mozambique', u'thank', u'recognizing', u'equality', u'allowed', u'make', u'choices'],Legalization of Abortion,AGAINST
[u'despair', u'!', u'want', u'grandchildren', u'luxury', u'item', u'catholic'],Legalization of Abortion,AGAINST
[u'pro-life', u'?', u'pro-birth', u'baby', u'can', u'support', u'!', u'!', u'!'],Legalization of Abortion,FAVOR
[u'men', u'get', u'pregnant', u'things', u'change', u'pretty', u'quickly', u'!', u'back', u'off'],Legalization of Abortion,FAVOR
[u'love', u'love', u'terms', u'keep', u'faith', u'jesus', u'anchor', u'storm', u'hebrews'],Legalization of Abortion,NONE
[u'dear', u'bristol', u'palin', u'stop', u'just', u'fucking', u'stop', u'choices', u'called', u'take', u'leave', u'quit', u'whining'],Legalization of Abortion,FAVOR
[u'refuse', u'let', u'people', u'like', u'shame', u'insult', u'women', u'accessing', u'healthcare', u'sorry', u'just'],Legalization of Abortion,FAVOR
[u'second', u'wedlock', u'pregnancy', u'want', u'lecture', u'just', u'want', u'give', u'?', u'stunnng'],Legalization of Abortion,NONE
[u'made', u'sex', u'marriage', u'legal', u'make', u'abortion', u'illegal', u'wrong', u'world', u'?'],Legalization of Abortion,AGAINST
[u'democrats', u'always', u'personhood', u'perceive', u'legislation', u'recognize', u'personhood', u'always', u'colorado'],Legalization of Abortion,AGAINST
[u'decide', u'must', u'may', u'live', u'wish', u'mother', u'teresa'],Legalization of Abortion,AGAINST
[u'just', u'legal', u'make', u'god', u'honoring', u'same', u'sex', u'marriage', u'audacity', u'movie'],Legalization of Abortion,NONE
[u'rt', u'human', u'?', u'every', u'human', u'life', u'worth', u'worth', u'saving', u'j', u'rowling'],Legalization of Abortion,AGAINST
[u'sure', u'agree', u'decision', u'decision', u'wonder', u'many', u'critics', u'support', u'abortion', u'?'],Legalization of Abortion,FAVOR
[u'kudos', u'mentality', u'believes', u'people', u'dumb', u'enough', u'use', u'protection', u'mature', u'enough', u'take', u'care', u'baby'],Legalization of Abortion,FAVOR
[u'abortion', u'prevent', u'rape', u'kittington'],Legalization of Abortion,AGAINST
[u'nothing', u'w', u'providing', u'medical', u'care', u'trap', u'regulations'],Legalization of Abortion,AGAINST
[u'idiot', u'feel', u'mom', u'aborted', u'?', u'nothing', u'cause', u'fucking', u'dead'],Legalization of Abortion,AGAINST
[u'please', u'pray', u'mercy', u'andrew', u'chan', u'myuran', u'sukumaran', u'stand', u'for', u'mercy', u'keep', u'hope', u'alive', u'bali9'],Legalization of Abortion,NONE
[u'pro', u'life', u'youth', u'chill', u'dang', u'proud', u'human', u'rights', u'injustices', u'never', u'treated', u'lightly'],Legalization of Abortion,AGAINST
[u'rt', u'everybody', u'unborn', u'right', u'?'],Legalization of Abortion,AGAINST
[u'illegal', u'kill', u'unhatched', u'eagle', u'egg', u'legal', u'kill', u'unborn', u'human', u'baby', u'?', u'isright'],Legalization of Abortion,AGAINST
[u'mother', u'advice', u'daughter', u'abort', u'?', u'?', u'shame', u'responsibility', u'truly', u'best', u'advice', u'?', u'?', u'its', u'not', u'on', u'its', u'not', u'safe'],Legalization of Abortion,AGAINST
[u'life', u'problem', u'us', u'?', u'youth'],Legalization of Abortion,AGAINST
[u'thing', u'unforced', u'prolife', u'youth'],Legalization of Abortion,AGAINST
[u'woah', u'hashtag', u'puts', u'rainbow', u'heart', u'weird'],Legalization of Abortion,NONE
[],Legalization of Abortion,FAVOR
[u'responsible', u'enough', u'take', u'care', u'baby', u'unprotected', u'sex', u'?'],Legalization of Abortion,AGAINST
[u'believe', u'power', u';', u'pray', u'nepal', u'baltimore', u'kenya', u'gender', u'change', u'injustice', u'slavery', u'racism', u'middle', u'east'],Legalization of Abortion,NONE
[u'historian', u'?', u'malice', u'?', u'hatred', u'child', u'astonishing'],Legalization of Abortion,NONE
[u'bodily', u'autonomy', u'human', u'right', u"person's", u'access', u'abortion', u'human', u'right'],Legalization of Abortion,FAVOR
[u'hat', u'speaking', u'something', u'rarely', u'discussed', u'anyone', u'voice'],Legalization of Abortion,NONE
[u'prayers', u'best', u'wishes', u'st', u'catherine', u'sienna', u'wednesday', u'will', u'say', u'eastertide', u'glorious', u'mysteries', u'usual'],Legalization of Abortion,NONE
[u'absurd', u'refer', u'healthcare', u'saves', u'pregnant', u"people's", u'lives', u'killing'],Legalization of Abortion,FAVOR
[u'yep', u'rt', u'defunding', u'pp', u'mean', u'fewer', u'abortions', u'will', u'mean', u'dead', u'women'],Legalization of Abortion,FAVOR
[u'woman', u'conceive', u'proudly', u'beg', u'reconsider', u'killing', u'die', u'pro', u'life', u'youth'],Legalization of Abortion,AGAINST
[u'messed', u'outraged', u'legal', u'distribute', u'images', u'abortion', u'fine', u'abortion', u'legal', u'no2', u'trudeau'],Legalization of Abortion,AGAINST
[u'free', u'country', u'freedom', u'includes', u'freedom', u'choice'],Legalization of Abortion,FAVOR
[u'lifeboatcoffee', u'thanks', u'follow', u'!', u'done', u'sb', u'companies', u'left', u'm1', u'w', u'c', u'c', u'o', u't'],Legalization of Abortion,NONE
[u'know', u'best', u'health', u'know', u'best', u'happiness', u'know', u'best', u'well', u'..'],Legalization of Abortion,FAVOR
[u'every', u'sperm', u'apparently', u'sacred', u'entitled', u'use', u"someone's", u'body'],Legalization of Abortion,FAVOR
[u'people', u'never', u'spoke', u'nazis', u'world', u'war', u'ii', u'likely', u'live', u'let', u'live', u'people'],Legalization of Abortion,NONE
[u'findin', u'budget', u'compromise', u'process', u'brownback', u'says'],Legalization of Abortion,NONE
[u'supreme', u'court', u'roll', u'week', u'just', u'discover', u'something', u'?', u'?', u'marriage', u'equaility'],Legalization of Abortion,NONE
[u'hospitals', u'signed', u'legislation'],Legalization of Abortion,NONE
[u'defunding', u'pp', u'mean', u'fewer', u'abortions', u'will', u'mean', u'dead', u'women'],Legalization of Abortion,FAVOR
[u'ridiculous', u'hour', u'alabama'],Legalization of Abortion,NONE
[u'cursed', u'anyone', u'takes', u'bribe', u'shed', u'innocent', u'blood', u'people', u'shall', u'say', u'amen', u'deuteronomy'],Legalization of Abortion,AGAINST
[u'just', u'remember', u'living', u'family', u'just', u'waiting', u'aborted', u'baby'],Legalization of Abortion,AGAINST
[u'demand', u'senate', u'vote', u'ban', u'painful', u'late-term', u'abortions', u'use', u'voice', u'help', u'hold', u'senate', u'accountable'],Legalization of Abortion,AGAINST
[u'know', u'best', u'safety'],Legalization of Abortion,FAVOR
[u'hey', u'megan--a', u"baby's", u'heart', u'starts', u'beating', u'days', u'conception', u'time', u'right', u'time', u'end', u'life', u'!', u'!'],Legalization of Abortion,AGAINST
[u'ginsburg', u'already', u'supports', u'death', u'penalty', u'..'],Legalization of Abortion,AGAINST
[u'mean', u'bristol', u'?', u'just', u'honest', u'feelings', u'many', u'can', u'relate', u'hope', u'choose', u'life', u'!'],Legalization of Abortion,AGAINST
[u'govt', u'force', u'get', u'chemo', u'fetus', u'must', u'live', u'!', u'julie', u'borowski'],Legalization of Abortion,FAVOR
[u'don', u'rients', u'people', u'just', u'killed', u'guns', u'9', u'people', u'died', u'sad', u'many', u'die', u'daily'],Legalization of Abortion,AGAINST
[u'help', u'friend', u'figure', u'going', u'get', u'stay', u'need', u'spend', u'night'],Legalization of Abortion,NONE
[u'spirits', u'live', u'thru', u'family', u'bloodline', u'bloodline', u'destroyed', u'u', u'will', u'never', u'reincarnate', u'g', u'b', u't'],Legalization of Abortion,NONE
[u'make', u'decisions', u'mean', u'need', u'harass', u'goodbye', u'now'],Legalization of Abortion,NONE
[u'thank', u'way', u'beautifully', u'communicate', u'pro-life', u'message', u'consistently', u'blow', u'away'],Legalization of Abortion,AGAINST
[u'courage', u'living', u'without', u'fear', u'courage', u'scared', u'death', u'right', u'thing', u'anyway', u'!'],Legalization of Abortion,NONE
[u'done', u'convo', u'go'],Legalization of Abortion,NONE
[u'pregnancy', u'can', u'turn', u'deadly', u'time', u'without', u'warning', u'force', u'someone'],Legalization of Abortion,AGAINST
[u'mzwakhe', u'mbuli', u'says', u'doctors', u'nurses', u'paid', u'assassins', u'..', u'kill', u'unborn', u'babies', u'give', u'fancy', u'name'],Legalization of Abortion,AGAINST
[u'refuse', u'2comply', u'w', u'bad', u'laws', u'just', u'c', u'o', u't', u'u', u'forced', u'laws', u'us', u'make', u'right', u'force', u'bad', u'laws', u'us'],Legalization of Abortion,NONE
[u'obama', u'cares', u'deserters', u'unborn', u'babies', u'protect', u'the', u'unprotected', u'anti', u'abortion'],Legalization of Abortion,AGAINST
[u'former', u'fetus', u'oppose', u'prolife', u'youth'],Legalization of Abortion,AGAINST
[u'abortion', u'wrong', u'nothing', u'wrong', u'powerful', u'words', u'blessed', u'mother', u'teresa'],Legalization of Abortion,AGAINST
[u'funk', u'chris', u'christy', u'republican', u'?', u'oh', u'yeah', u'hes', u'rino', u'n', u'r', u'c', u'o', u'c', u'c', u'o', u't', u't', u'g', u'd', u'n', u'j', u'n', u't', u'w', u'u', u'm', u'r', u'c'],Legalization of Abortion,AGAINST
[u'think', u'can', u'outsmart', u'thousands', u'years', u'?', u'love', u'wins'],Legalization of Abortion,NONE
[u'ready', u'abortion', u'debate'],Legalization of Abortion,NONE
[u'assaulting', u'manipulating', u'pregnant', u'people', u'reduce'],Legalization of Abortion,FAVOR
[u'duty', u'protect', u'sanctity', u'life', u'...', u'first', u'cell', u'division', u'last', u'protect', u'life'],Legalization of Abortion,AGAINST
[u'roe', u'v', u'wade', u'prevented', u'biggest', u'crime', u'spree', u'predicted', u'u', u'history', u'guns', u';', u'criminals'],Legalization of Abortion,NONE
[u'parents', u'left', u'role', u'teachers', u'!', u'parents', u'need', u'skills', u'reach', u'children', u'important', u'!'],Legalization of Abortion,NONE
[u'know', u'best', u'know', u'best', u'well', u'know', u'best', u'life', u'...'],Legalization of Abortion,NONE
[u'ironic', u'ppl', u'will', u'perform', u'lifesaving', u'therapies', u'animals', u'preserve', u'lives-but', u'staunch', u'views', u'favor'],Legalization of Abortion,AGAINST
[u'glad', u'home', u'!', u'n', u'm', u'h', u'c', u'o', u't', u'u', u'marriage', u'c'],Legalization of Abortion,NONE
[u'cora', u'ignore', u'ire', u'export', u'problem', u'uk'],Legalization of Abortion,NONE
[u'ever', u'notice', u'ppl', u'like', u'cruz', u'say', u'love', u'constitution', u'always', u'ones', u'want', u'change', u'?', u'c', u'gay', u'marriage'],Legalization of Abortion,NONE
[u'spend', u'cares', u'animals', u'charity', u'?', u'laudato', u'si'],Legalization of Abortion,NONE
[u'like', u'cannibalism', u'abortion.comparing', u'eggs', u'loving', u'chicken'],Legalization of Abortion,AGAINST
[u'pro', u'life', u'youth', u'know', u'life', u'begins', u'conception'],Legalization of Abortion,AGAINST
[u'abortion', u'make', u'un-pregnant', u'makes', u'mother', u'dead', u'child.isright'],Legalization of Abortion,AGAINST
[u'already', u'?'],Legalization of Abortion,NONE
[u'also', u'fuck', u'gives', u'man', u'right', u'tell', u'woman', u'body', u'?', u'wants', u'get', u'abortion', u'texas'],Legalization of Abortion,FAVOR
[u'hey', u'bristol', u'palin', u'alaska', u'asked', u'promote', u'wide', u'open', u'spaces', u'pretty', u'sure', u'talking', u'state'],Legalization of Abortion,NONE
[u'3/3', u'tells', u'mlk', u'lying', u'gullible', u'followers', u'r', u'likely', u'just', u'misinformed', u'unite', u'blue'],Legalization of Abortion,NONE
[u'...', u'said', u'unto', u'suffer', u'little', u'children', u'come', u'unto', u'forbid', u'kingdom', u'god', u'mk'],Legalization of Abortion,AGAINST
[u'now', u'govt', u'supremes', u'saved', u'gays', u'maybe', u'will', u'save', u'babies', u'next'],Legalization of Abortion,AGAINST
[u"canada's", u'legal', u'definition', u'human', u'based', u'th', u'century', u'science', u'time', u'update', u'pro', u'life', u'youth'],Legalization of Abortion,AGAINST
[u'mass', u'state', u'house', u'tomorrow', u'planned', u"parenthood's", u'sexual', u'health', u'lobby', u'day', u'reproductive', u'justice', u'feminism'],Legalization of Abortion,FAVOR
[u'every', u'human', u'person', u'inestimable', u'worth', u'created', u'image', u'likeness', u'god', u'st', u'jpii'],Legalization of Abortion,AGAINST
[u'people', u'pro-life', u'pro-birth', u'mother', u'provide', u'happens', u'?'],Legalization of Abortion,FAVOR
[u'great', u'7', u'days', u'american', u'especially', u'texan', u'c', u'o', u't', u'u', u'love', u'wins', u'obamacare'],Legalization of Abortion,FAVOR
[u'difference', u'baby', u'onion', u'?', u'one', u'cries', u'chop', u'baby', u'hahahahaha', u'!', u'love', u'dead', u'babies', u'!', u'babies'],Legalization of Abortion,FAVOR
[u'deep-seated', u'cultural', u'codes', u'religious', u'beliefs', u'structural', u'biases', u'changed', u'now', u'?'],Legalization of Abortion,NONE
[u'can', u'unborn', u'children', u'rights', u'now', u'?'],Legalization of Abortion,AGAINST
[u'men', u'get', u'pregnant', u'abortion', u'clinics', u'like', u'starbucks'],Legalization of Abortion,AGAINST
[u'every', u'good', u'christian', u'wants', u'make', u'sure', u'unworthy', u'people', u'health', u'insurance', u'jesus', u'red', u'state'],Legalization of Abortion,NONE
[u'pro', u'choice', u'want', u'kill', u'living', u'babies', u'go', u'right', u'ahead'],Legalization of Abortion,FAVOR
[u'asshat', u'protesting', u'sofia', u'vergara', u'disgrace', u'entire', u"women's", u'rights', u'movement', u'live', u'let', u'live'],Legalization of Abortion,NONE
[u'planted', u'garden', u'pull', u'plants', u'chance', u'bear', u'fruit'],Legalization of Abortion,AGAINST
[u'hurts', u'2', u'c', u'ppl', u'offended', u'flag', u'symbol', u'deaths', u'abortions', u'millions', u'innocent', u'children', u'!', u'mississippi'],Legalization of Abortion,AGAINST
[u'important', u'pray', u'the', u'rosary', u'prayforthe', u'persecuted', u'church'],Legalization of Abortion,AGAINST
[u'thrilled', u'announce', u'will', u'opening', u'satellite', u'office', u'!', u'right', u'across', u'street', u'u', u'!'],Legalization of Abortion,AGAINST
[u'mary', u'help', u'christians', u'persecuted', u'everywhere', u'pray', u'us', u'!', u'holy', u'love', u'united', u'hearts', u'maranatha', u'sn'],Legalization of Abortion,AGAINST
[u'complications', u'come', u'types', u'medical', u'procedures', u'mean', u'procedure', u'banned', u'deal', u'with', u'it'],Legalization of Abortion,FAVOR
[u'still', u'waiting', u'answer', u'instead', u'wealding', u'authority', u'put', u'stop', u'disobey', u'government'],Legalization of Abortion,NONE
[u'plannedparenthood', u'agenda', u'money', u'killing', u'babies', u'big', u'business', u'minority', u'genocide', u'result'],Legalization of Abortion,AGAINST
[u'life', u'worth', u'lot', u'believe', u'compassionate', u'politicians', u'doctors', u'friends', u'tell', u'otherwise', u'matter'],Legalization of Abortion,AGAINST
[u'gas', u'increases', u'self-mutilation', u'tattoos', u'piercing', u'drugging', u'over-eating', u'suicide', u'violence', u'?'],Legalization of Abortion,NONE
[u'scotus', u'!', u'blocks', u'texas', u'enforcing', u'part', u'new', u'abortion', u'law', u'!', u'stop', u'killing', u'babies', u'!'],Legalization of Abortion,AGAINST
[u'abortion', u'clinics', u'...', u'back', u'alleys', u'profit', u'center', u'air', u'conditioning', u'?'],Legalization of Abortion,AGAINST
[u'god', u'given', u'right', u'places', u'inside', u'phil', u'robertsonyouthgen'],Legalization of Abortion,AGAINST
[u'democrats', u'islamic', u'state', u'murder', u'dismemberment', u'difference', u'age', u'victims'],Legalization of Abortion,AGAINST
[u'today', u'grateful', u'allow', u'many', u'families', u'escape', u'poverty'],Legalization of Abortion,FAVOR
[u'noticed', u'everybody', u'abortion', u'already', u'born-ronald', u'reagan', u'letthem', u'live', u'all', u'lives', u'matter'],Legalization of Abortion,AGAINST
[u'equality', u'states', u'nice', u'step', u'forward', u'better', u'america', u'proud', u'to', u'love'],Legalization of Abortion,NONE
[u'mothers', u'advising', u"daughter's", u'abort', u'insane', u'!', u'unacceptable', u'!', u'!', u'condoms', u'its', u'not', u'on', u'its', u'not', u'safe'],Legalization of Abortion,AGAINST
[u'deny', u'basic', u'human', u'right', u'life', u'unborn', u'babies', u'life', u'wins', u'end', u'the', u'discrimination'],Legalization of Abortion,AGAINST
[u'undergirding', u'every', u'important', u'issue', u'today', u'truth', u'?'],Legalization of Abortion,NONE
[u'people', u'want', u'kids', u'can', u'b', u'prochoice', u'u', u'want', u'abortion', u'b', u'prochoice', u'people', u'miscarriage', u'can', u'b', u'prochoice'],Legalization of Abortion,FAVOR
[u'equality', u'unborn', u'babies', u'get', u'equal', u'chance', u'life', u'...', u'equalityfortheunborn'],Legalization of Abortion,AGAINST
[u'sorry', u'bernie', u'sanders', u'lot', u'people', u'get', u'chance', u'people', u'chance', u'like', u'share'],Legalization of Abortion,AGAINST
[u'explained', u'keep', u'baby', u'business', u'helped', u'get', u'medicaid', u'wic'],Legalization of Abortion,AGAINST
[u'progressive', u'try', u'resolve', u'problems', u'eliminating', u'human', u'life', u'pope', u'francis'],Legalization of Abortion,AGAINST
[u'sinnfein', u'voted', u'kill', u'unborn', u'sick', u'children'],Legalization of Abortion,AGAINST
[u'dear', u'c', u'o', u't', u'u', u'now', u'deemed', u'constitutional', u'defend', u'rights', u'people', u'can', u'get', u'ruling', u'abolish', u'abortion', u'?'],Legalization of Abortion,AGAINST
[u'settled', u'[', u'abortion', u']', u'constitutional', u'necessarily', u'follows', u'must', u'means', u'carrying'],Legalization of Abortion,AGAINST
[u'gets', u'rid', u'daughter', u'pretends', u'never', u'existed', u'parent', u'trap', u'plot'],Legalization of Abortion,AGAINST
[u'live', u'world', u'people', u'care', u'religious', u'rights', u'consent', u'reproductive', u'rights', u'...'],Legalization of Abortion,FAVOR
[u'never', u'ever', u'legal', u'abortion', u'murder', u'wrong', u'abortion', u'is', u'murder', u'must'],Legalization of Abortion,AGAINST
[u'brain', u'heart', u'unique', u'dna', u"mother's", u'alive', u'human', u'please', u'kill'],Legalization of Abortion,AGAINST
[u'bring', u'million', u'black', u'babies', u'aborted', u'past', u'years', u'people', u'get', u'offended', u'...'],Legalization of Abortion,AGAINST
[u'nothing', u'unless', u'begin', u'prayer', u'st', u'ephraem', u'syrian'],Legalization of Abortion,AGAINST
[u'since', u'now', u'lgbt', u'community', u'received', u'equal', u'rights', u'now', u'time', u'give', u'equal', u'rights', u'unborn', u'community', u'!'],Legalization of Abortion,AGAINST
[u'rt', u'new', u'video', u'seeing', u'human'],Legalization of Abortion,AGAINST
[u'rt', u'rt', u'adopting', u'child', u'cost', u'aborting', u'one'],Legalization of Abortion,AGAINST
[u'great', u'job', u'scotus', u'eliminated', u'years', u'ago', u'called', u'murder', u'children'],Legalization of Abortion,AGAINST
[u'people', u'pregnant', u'can', u'pro', u'choice', u'people', u'kids', u'can', u'pro', u'choice', u'people', u'uterus', u'can'],Legalization of Abortion,FAVOR
[u'1/3', u'generation', u'missing', u'changed', u'can', u'change', u'future', u'pro', u'life', u'youth'],Legalization of Abortion,AGAINST
[u'lady', u'needs', u'help', u'mental', u'illness', u'serious', u'issue'],Legalization of Abortion,NONE
[u'girls', u'want', u'boys', u'girls', u'want'],Legalization of Abortion,NONE
[u'bad', u'2', u'days', u'kansas', u'conservatives', u'going', u'0-4', u'courts', u'c', u'o', u't', u'u', u'marriage', u'c', u'o', u't', u'u', u'scare'],Legalization of Abortion,NONE
[u'killing', u'baby', u'tonight', u'care', u'wrong', u'right', u'!'],Legalization of Abortion,FAVOR
[u'yet', u'amnesty', u'advocates', u'child', u'murder', u'!'],Legalization of Abortion,AGAINST
[u'problem', u'enough', u'faith'],Legalization of Abortion,NONE
[u'abortion', u'legal', u'nine', u'months', u'canada', u'parts', u'usa', u'pro', u'life', u'youth'],Legalization of Abortion,AGAINST
[u'another', u'hypocrisy', u'campaign', u'animal', u'rights', u'pro', u'choice'],Legalization of Abortion,AGAINST
[u"mozambique's", u'new', u'penal', u'code', u'takes', u'effect', u'wednesday', u'containing', u'several', u'significant', u'new', u'elements', u'including'],Legalization of Abortion,AGAINST
[u'gonna', u'fuck', u'next', u'weekend'],Legalization of Abortion,NONE
[u'get', u'whole', u'kill', u'darlings', u'advice', u'feel', u'like', u'abortionist', u'unfinished', u'stories', u'writing', u'literary'],Legalization of Abortion,AGAINST
[u'every', u'time', u'pops', u'think', u'posting'],Legalization of Abortion,NONE
[u'may', u'disagree', u'love', u'ya', u'man', u'want', u'hard', u'feelings'],Legalization of Abortion,NONE
[u'ohio', u'secretly', u'restrictive', u'texas', u'laws', u't', u'r', u'plaws'],Legalization of Abortion,AGAINST
[u'asshat', u'protesting', u'disgrace', u'entire', u"women's", u'rights', u'movement', u'live', u'let', u'live'],Legalization of Abortion,NONE
[u'pray', u'?', u'?', u'want', u'pray', u'abortions', u'dangerous', u'facilities', u'remain', u'unchecked', u'?', u'?'],Legalization of Abortion,AGAINST
[u'baby', u'body', u'decision', u'effect', u'life', u'way', u'none', u'business'],Legalization of Abortion,FAVOR
[u'forcing', u'anyone', u'anything', u'abortion', u'medical', u'help', u'better', u'options', u'proud'],Legalization of Abortion,AGAINST
[u'celebrates', u'equality', u'unborn', u'babies', u'killed', u'today', u'talk', u'real', u'inequality', u'sir', u'life', u'equality'],Legalization of Abortion,AGAINST
[u'inching', u'toward', u'diabetes', u'supporting', u'chocolate', u'madness'],Legalization of Abortion,FAVOR
[u'bday', u'always', u'grateful', u'bio', u'parents', u'gave'],Legalization of Abortion,AGAINST
[u'million', u'yr', u'million', u'yr', u'way', u'make', u'decline', u'<', u'yr', u'making', u'abortion', u'criminal'],Legalization of Abortion,AGAINST
[u'rt', u'disturbing', u'thing', u'planet', u'flood', u'streets', u'happy', u'earth', u'...'],Legalization of Abortion,AGAINST
[u'woman', u'deliberately', u'destroys', u'fetus', u'answerable', u'murder', u'st', u'basil', u'great'],Legalization of Abortion,AGAINST
[u'say', u'god', u'bless', u'america', u'kill', u'babies', u'year'],Legalization of Abortion,AGAINST
[u'9', u'%', u'utilized', u'wonderful', u'gift', u'choice', u'prochoice'],Legalization of Abortion,AGAINST
[u'hypocrisy', u'saying', u'love', u'wins', u'supporting', u'quit', u'killing', u'girls'],Legalization of Abortion,NONE
[u'favor', u"women's", u'rights', u'right', u'choose', u'chose', u'irrelevant', u'others'],Legalization of Abortion,AGAINST
[u'just', u'reminder', u'take', u'eyes', u'c', u'o', u't', u'u', u'yet', u'still', u'line', u'repro', u'justice'],Legalization of Abortion,FAVOR
[u'true', u'equality', u'allows', u'born'],Legalization of Abortion,AGAINST
[u'fetus', u'inside', u'shut', u'love'],Legalization of Abortion,FAVOR
[u'abort', u'baby', u'just', u'abort', u'one', u'person', u'...', u'abort', u'generations'],Legalization of Abortion,AGAINST
[u'rt', u'rt', u'ready', u'help', u'us', u'defeat', u'assisted', u'suicidelike', u'defeated', u'abortion', u'expansion', u'!', u'sny'],Legalization of Abortion,AGAINST
[u'selfish', u'men', u'everywhere', u'birthcontrolhelpedme', u'cheat', u'wife', u'!', u'found', u'anyway', u'marriage', u'destroyed'],Legalization of Abortion,NONE
[u'long', u'ending', u'innocent', u'lives', u'love', u'won', u'nothing'],Legalization of Abortion,AGAINST
[u'thanks', u'anti-choicers', u'women', u'dealing', u'may', u'also', u'face', u'prosecution'],Legalization of Abortion,FAVOR
[u'just', u'laid', u'law', u'abortion', u'bioethics', u'class', u'catholic'],Legalization of Abortion,AGAINST
[u'can', u'many', u'like', u'saying', u'many', u'mother', u'teresa'],Legalization of Abortion,AGAINST
[u'whether', u'someone', u'wants', u'children', u'completely', u'person', u'carrying', u'pregnancy', u'...'],Legalization of Abortion,FAVOR
[u'thank', u'goodness', u'politicians', u'saw', u'sense', u'recognised', u"women's", u'rights', u'bodies'],Legalization of Abortion,FAVOR
[u'people', u'ready', u'child', u'even', u'raped', u'theres', u'already', u'many', u'kids', u'need', u'adopting', u'anyway'],Legalization of Abortion,FAVOR
[u'now', u'even', u'sense', u'abortion', u'healthcare', u'every', u'abortion', u'least', u'one', u'human', u'lies'],Legalization of Abortion,AGAINST
[u'love', u'accuse', u'war', u'women', u'want', u'fund'],Legalization of Abortion,AGAINST
[u'solution', u'see', u'o', u't', u'u', u'c', u'o', u't', u'u', u'tyranny', u'article', u'v', u'federalist', u'papers', u'c', u'o', u't', u'u', u'scare', u'gay', u'marriage'],Legalization of Abortion,NONE
[u'wonder', u'america', u'will', u'like', u'focus', u'real', u'issues', u'now'],Legalization of Abortion,NONE
[u'good', u'percent', u'utilized', u'wonderful', u'gift', u'choice', u'prochoice'],Legalization of Abortion,AGAINST
[u'causes', u'circumstances', u'pregnancies', u'vary', u'one', u'thing', u'unwavering', u'human', u'right', u'life', u'pro', u'life', u'youth'],Legalization of Abortion,AGAINST
[u'majority', u'opinion', u'substitute', u'abortion', u'capital', u'punishment', u'opinion', u'texas', u'clinic', u'case'],Legalization of Abortion,AGAINST
[u'poverty', u'decided', u'child', u'must', u'die', u'may', u'live', u'wish', u'mother', u'teresa'],Legalization of Abortion,AGAINST
[u'size', u'level', u'development', u'environment', u'degree', u'dependency', u'affect', u"human's", u'value', u'. .', u'fetus', u'human', u'pro', u'life', u'youth'],Legalization of Abortion,AGAINST
[u'will', u'abolish', u'abortion', u'lifetime', u'!'],Legalization of Abortion,AGAINST
[u'legal', u'bro'],Legalization of Abortion,NONE
[u'sweat', u'killed', u'cut', u'victim', u'extreme', u'deadbeat', u'parents', u'innocent', u'babies', u'abortion'],Legalization of Abortion,AGAINST
[u'liberals', u'realize', u'conceded', u'debate', u'now', u'per', u'shaw', u'just', u'going', u'haggle', u'price', u'idiots'],Legalization of Abortion,NONE
[u'premise', u'wrong', u'nothing', u'earth', u'right', u'use', u"someone's", u'body', u'w', u'consent'],Legalization of Abortion,FAVOR
[u'plan', u'2', u'endorse', u"who'd", u'b', u'able', u'2', u'run', u'4', u'fed'],Legalization of Abortion,NONE
[u'must', u'provide', u'demonstrated', u'sexual', u'training', u'preparation', u'marriage', u'coming', u'woman'],Legalization of Abortion,NONE
[u'coffee', u'nose', u'windpipe', u'...', u'next', u'time', u'...', u'going', u'nose'],Legalization of Abortion,AGAINST
[u'time', u'make', u'change', u'boxing', u'style', u'can', u'u', u'say', u'style', u'still', u'great', u'defense'],Legalization of Abortion,NONE
[u'planned', u'parenthood', u'lines', u'pockets', u'sacrificing', u'women', u'children', u'need', u'altar', u'abortion'],Legalization of Abortion,AGAINST
[u'hillary', u'wants', u'champion', u'women', u'unless', u'unborn'],Legalization of Abortion,AGAINST
[u'want', u'kid', u'put', u'adoption'],Legalization of Abortion,AGAINST
[u'unfortunate', u'adoption', u'always', u'answer'],Legalization of Abortion,FAVOR
[u'watched', u'after', u'tiller', u'gave', u'whole', u'new', u'perspective', u"woman's", u'right', u'choose', u'rights'],Legalization of Abortion,FAVOR
[u'abortion', u'workers', u'charged', u'manslaughter', u'another', u'woman', u'dies'],Legalization of Abortion,AGAINST
[u'morally', u'wrong', u'life', u'sacred', u'giver', u'onlyhim', u'alone', u'take', u'haveyoursay'],Legalization of Abortion,AGAINST
[u'know', u'tried', u'get', u'personhood', u'going', u'via', u'federal'],Legalization of Abortion,NONE
[u'many', u'ways', u'many', u'people', u'around', u'world', u'america', u'really', u'great', u'satan', u'gay', u'marriage', u'drugs', u'wake', u'up', u'america'],Legalization of Abortion,AGAINST
[u'much', u'fun', u'younger', u'friends', u'expecting', u'babies'],Legalization of Abortion,AGAINST
[u'worldwide', u'r', u'agents', u'!', u'support', u'prolife', u'group', u'u-choose', u'nocost', u'proliferealestate'],Legalization of Abortion,AGAINST
[u'spent', u'whole', u'day', u'highlight', u'film', u'israel', u'trip', u'...', u'post', u'link', u'instagram', u'link'],Legalization of Abortion,NONE
[u'happened', u'past', u'make', u'cruel', u'frighteningly', u'hard-hearted', u'woman', u'?'],Legalization of Abortion,NONE
[u'just', u'want', u'sit', u'corner', u'cry', u'wish', u'thicker-skinned', u'feminist', u'shit', u'personal', u'!', u'my', u'body', u'my', u'rights'],Legalization of Abortion,FAVOR
[u'justice', u'breyer', u'et', u'al', u'think', u'injections', u'arms', u'killers', u'heinous', u'word', u'acidic', u'saline', u'executing', u'unborn', u'babies', u'however'],Legalization of Abortion,AGAINST
[u'okay', u'declaring', u'protecting', u'equality', u'unborn', u'now', u'?', u'c', u'o', u't', u'u', u'murder'],Legalization of Abortion,AGAINST
[u'premeditated', u'taking', u'innocent', u'human', u'life', u'1st', u'degree', u'murder', u'know'],Legalization of Abortion,AGAINST
[u'wks', u'late', u'able', u'termination', u'opinion', u'triplets', u'babies', u'bunch', u'cells'],Legalization of Abortion,AGAINST
[u'dude', u'won', u'!', u'never', u'win', u'anything', u'lol', u'abort'],Legalization of Abortion,NONE
[u'doubt', u'clothed', u'anything', u'pregnancy', u'occurred'],Legalization of Abortion,AGAINST
[u'ironic', u'im', u'sitting', u'swiping', u'right', u'now', u'?'],Legalization of Abortion,NONE
[u'follow', u'patriot', u'-->', u'thanks', u'following', u'back', u'!', u'!', u'truth', u'liberty', u'justice', u'pro', u'israel', u'wake', u'up', u'america', u'free', u'amir', u'now'],Legalization of Abortion,NONE
[u'much', u'oppressive', u'women'],Legalization of Abortion,NONE
[u'good', u'point', u'heart', u'starts', u'beating', u'days', u'conception', u'alive', u'conception'],Legalization of Abortion,AGAINST
[u'rt', u'will', u'fight', u'unborn', u'!'],Legalization of Abortion,AGAINST
[u'now', u'matter', u'abortion', u'comes', u'next'],Legalization of Abortion,NONE
[u"gov't", u'$', u'never', u'go', u'largest', u'corporation', u'murders', u'little', u'babies', u'defund'],Legalization of Abortion,AGAINST
[u'u', u'fed', u'law', u'nothing', u'prevent', u'killing', u'pre-born', u'children', u'even', u'til', u'sec', u'birth', u'seriously', u'address', u'root', u'causes'],Legalization of Abortion,AGAINST
[u'formed', u'knew', u'god'],Legalization of Abortion,AGAINST
[u'know', u'god', u'mocked', u'tho', u'blv', u'shd', u'expect', u'judgment', u'~', u'thr', u'wr', u'already', u'enuf', u'rzn', u'2', u'judge', u'america'],Legalization of Abortion,NONE
[u'truly', u'believe', u'black', u'lives', u'matter', u'planned', u'parenthood'],Legalization of Abortion,AGAINST
[u'yup', u'women', u'womb', u'precious', u'outside', u'pro', u'life', u'youth', u'all', u'lives', u'matter'],Legalization of Abortion,AGAINST
[u'listening', u'speak', u'work', u'leading', u'womens', u'rights', u'without', u'frontiers', u'inspiring', u'!'],Legalization of Abortion,NONE
[u'maybe', u'wants'],Legalization of Abortion,NONE
[u'praying', u'innocent', u'lady', u'victim', u'hope', u'execution', u'will', u'proceed', u'no', u'to', u'death', u'penalty', u'save', u'mary', u'jane', u'veloso'],Legalization of Abortion,NONE
[u'refuse', u'stop', u'praying', u'end', u'abortion'],Legalization of Abortion,AGAINST
[u'problem', u'birth', u'control', u'go', u'free', u'thing', u'solution', u'murder', u'good', u'idea'],Legalization of Abortion,AGAINST
[u'think', u'women', u'enjoy', u'experience'],Legalization of Abortion,AGAINST
[u'things', u'you', u'dont', u'say', u'as', u'politician', u'personally', u'opposed', u'...', u'abortion', u'wrong', u'period', u'youth'],Legalization of Abortion,AGAINST
[u'rt', u'nation', u'kills', u'children', u'future', u'abortion', u'~', u'bl', u'john', u'paul', u'ii'],Legalization of Abortion,AGAINST
[u'one', u'pro', u'life', u'two', u'little', u'bit', u'louder', u'three', u'still', u'hear', u'four', u'moreyouth'],Legalization of Abortion,AGAINST
[u'ginsburg', u'already', u'supports', u'death', u'penalty', u'..', u'calls'],Legalization of Abortion,AGAINST
[u'?', u'mothers', u'granted', u'us', u'gift', u'life', u'abort', u'us', u'life', u'value', u'pro', u'life', u'youth'],Legalization of Abortion,AGAINST
[u'tip', u'protesters', u'everywhere', u'goal', u'change', u'minds', u'rational', u'adults', u'scar', u'minds', u'little', u'kids', u'g', u'h'],Legalization of Abortion,NONE
[u'obamcare', u'loses', u'supreme', u'court', u'religious', u'freedom', u'win'],Legalization of Abortion,NONE
[u'fact', u'%', u"today's", u'population', u'equivalent', u'residents', u'new', u'york', u'florida', u'pennsylvania', u'outrage', u'?'],Legalization of Abortion,NONE
[u'choice', u'mark', u'!'],Legalization of Abortion,FAVOR
[u'bigger', u'problems', u'4', u'christians', u'sex'],Legalization of Abortion,NONE
[u'rt', u'yer', u'man', u'talking', u'bullying', u'?', u'bullying', u'fine', u'gael', u'bullying', u'members', u'!'],Legalization of Abortion,NONE
[u'like', u'govt', u'literally', u'taking', u'away', u'right', u'live', u'life', u'defunding', u'right', u'now'],Legalization of Abortion,FAVOR
[u'daily', u'words', u'of', u'wisdom', u"pat's", u'best', u'hell', u'children', u'still', u'defines', u'goverment'],Legalization of Abortion,AGAINST
[u'1', u'3', u'...', u'abortion', u'abortion', u'on', u'demand', u'menstruation', u'matters'],Legalization of Abortion,AGAINST
[u'can', u'generation', u'ends', u'abortion', u'care', u'whose', u'toes', u'step', u'offend', u'time', u'put', u'end'],Legalization of Abortion,AGAINST
[u'pro', u'life', u'youth', u'know', u'human', u'life', u'=', u'human', u'life', u'inside', u'womb'],Legalization of Abortion,AGAINST
[u'stigma', u'butchering', u'pre-born', u'children', u'horrendous', u'crime', u'humanity'],Legalization of Abortion,AGAINST
[u'aim', u'equality', u'forgotten', u'innocent', u'smallest', u'precious', u'among', u'us', u'unborn'],Legalization of Abortion,AGAINST
[u'bristol', u'palin', u'want', u'lectures', u'guys', u'job'],Legalization of Abortion,NONE
[u'now', u'marriage', u'equality', u'can', u'start', u'working', u'equal', u'rights', u'unborn', u'children', u'?'],Legalization of Abortion,AGAINST
[u'just', u'owned', u'woman', u'works', u'planned', u'parenthood'],Legalization of Abortion,AGAINST
[u'also', u'abortion', u'wrong', u'biblically', u'morally', u'imagine', u'never', u'getting', u'chance', u'live', u'life', u'think', u'now'],Legalization of Abortion,AGAINST
[u'rt', u'debbie', u'washerman', u'schultz', u'woman', u'voice', u'doctor', u'voice', u'speaks', u'baby', u'?', u'just', u'askin'],Legalization of Abortion,AGAINST
