[u'life', u'become', u'wealthy', u'purpose', u'becoming', u'wealthy'],Atheism,AGAINST
[u'good', u'morning', u'praise', u'lord', u';', u'mercy', u'endures', u'forever', u'!', u'!', u'!', u'repent', u'u', u'jesus', u'is', u'lord', u'hallelujah', u'praisethe', u'lord'],Atheism,AGAINST
[u'people', u'need', u'love', u'acceptance', u'lot', u'need', u'advice', u'bob', u'goff'],Atheism,AGAINST
[u'today', u'makes', u'really', u'happy', u'one', u'step', u'closer', u'full', u'equality', u'america'],Atheism,NONE
[u'r', u'u', u'going', u'stand', u'stupidity', u'faith', u';', u'belief', u'w', u'o', u'evidence', u'?', u'fuck', u'religion', u'fuck', u'jesus'],Atheism,FAVOR
[u'ali', u'al', u'amin', u'lebanon', u'shia', u'leader', u'rejected', u'iran', u"regime's", u'conduct', u'w'],Atheism,NONE
[u'reason', u'crazy', u'crazy', u'just', u'trying', u'damn', u'!', u'guess', u'crazy', u'humans'],Atheism,NONE
[u'evidence-based', u'thought', u'feet', u'planted', u'ground', u'superstition-based', u'thought'],Atheism,FAVOR
[u'faith', u'perseverance', u'hardwork', u'separates', u'dreamers', u'achievers', u'!', u'god', u'first', u'dancer', u'lets', u'work', u'vision', u'work'],Atheism,AGAINST
[u'dear', u'lord', u'thank', u'u', u'ur', u'blessings', u'forgive', u'sins', u'lord', u'give', u'strength', u'energy', u'busy', u'day', u'ahead'],Atheism,AGAINST
[u'religion', u'teaches', u'us', u'satisfied', u'understanding', u'world'],Atheism,FAVOR
[u'receive', u'lovingkindness', u'every', u'morning', u'ps'],Atheism,AGAINST
[u'going', u'church', u'african', u'americans', u'realize', u'make', u'believe', u'god', u'supported', u'slavery'],Atheism,FAVOR
[u'excited', u'c', u'o', u't', u'u', u'ruled', u'favor', u'marriage', u'equaility', u'love', u'wins'],Atheism,NONE
[u'mathew', u'jesus', u'reached', u'hand', u'touched', u'[', u'leper', u']', u'willing', u'unlovable', u'?'],Atheism,AGAINST
[u'exodus', u'4', u'shall', u'gods', u'shall', u'make', u'image', u'form', u'anything'],Atheism,AGAINST
[u'true', u'faith', u'belief', u'reality', u'absolute', u'values', u'~', u'william', u'ralph', u'inge'],Atheism,AGAINST
[u'alberta', u'receive', u'abstinence', u'misinfo', u'shame', u'public', u'school', u'forced', u'pray'],Atheism,FAVOR
[u'1', u'holy', u'mary', u'mother', u'god', u'pray', u'us', u'sinners', u'now', u'hour', u'death', u'amen', u'team', u'jesus'],Atheism,AGAINST
[u'ohh', u'think', u'r', u'u', u'seculr', u'...', u'nice', u'friend'],Atheism,AGAINST
[u'doubt', u'day', u'two', u'libyan', u'soldiers', u'raped', u'guy', u'england', u'training', u'mission'],Atheism,NONE
[u'matter', u'face', u'end', u'day', u'know', u'will', u'okay', u'know', u'maker', u'day', u'...', u'happy', u'note'],Atheism,AGAINST
[u'restore', u'joy', u'salvation', u'grant', u'willing', u'spirit', u'sustain', u'psalm', u'niv', u'word', u'of', u'life'],Atheism,AGAINST
[u'maher', u'comedian', u'nothing', u'unfortunately', u'good', u'comedian'],Atheism,AGAINST
[u'thoughts', u'go', u'family', u'lose', u'someone', u'tunisia', u'shooting', u'glad', u'shot', u'spot', u'!', u'tunisia'],Atheism,NONE
[u'clear', u'thoughts', u'look', u'sky', u'someone', u'looking', u'god'],Atheism,AGAINST
[u'amber', u'rudd', u'joke', u'trying', u'much', u'espouse', u'thatcherism', u'greece', u'b', u'n', u'd', u'aid', u'help', u'human'],Atheism,NONE
[u'feel', u'ancient', u'roots', u'?', u'look', u'around', u'everything', u'brother', u'sister'],Atheism,AGAINST
[u'crucified', u'christ', u'longer', u'live', u'christ', u'lives', u'galatians', u'holy', u'bible', u'team', u'jesus'],Atheism,AGAINST
[u'one', u'can', u'lay', u'foundation', u'one', u'laid', u'foundation', u'christ'],Atheism,AGAINST
[u'can', u'everything', u'life', u'long', u'pleasing', u'god', u'will', u'always', u'void', u'heart'],Atheism,AGAINST
[u'religion', u'recognition', u'duties', u'divine', u'commands', u'~', u'immanuel', u'kant'],Atheism,AGAINST
[u'rt', u'lord', u'let', u'prosper', u'like', u'abraham', u'gen'],Atheism,AGAINST
[u'cause', u'making', u'definite', u'marks', u'never', u'stop', u'think'],Atheism,NONE
[u'ha', u'ha', u'ha', u'ha', u'varun', u'gandhi', u'great', u'grand', u'son', u'nehru', u'love', u'hindu', u'brahmin', u'ancestry', u';-)', u'chameleon', u'!'],Atheism,NONE
[u'afraid', u'wrong', u'stronger', u'fight', u'avoid', u'facing', u'facts', u'belief', u'based', u'fear', u'just', u'compounds'],Atheism,FAVOR
[u'happy', u'4th', u'july', u'weekend', u'!', u'remember', u'justice', u'liberty', u'less', u'tribal', u'inclusive', u'!', u'july'],Atheism,NONE
[u'let', u'heart', u'find', u'strength', u'presence'],Atheism,AGAINST
[u'will', u'never', u'get', u'old', u'hear', u'christians', u'lead', u'others', u'ultimate', u'love', u'hope', u'!', u'jesus', u'changes', u'everything'],Atheism,AGAINST
[u'stay', u'houses', u'display', u'like', u'times', u'ignorance', u'[', u'quran', u']', u'islam'],Atheism,AGAINST
[u'two', u'kinds', u'people', u'earth', u'believe', u'magic', u'miracles', u'myth', u'oh', u'!', u'rational', u'regards'],Atheism,FAVOR
[u'serious', u'question', u'atheist', u'libertarians', u'can', u'rights', u'exist', u'without', u'god', u'?', u'christian', u'libertarian'],Atheism,AGAINST
[u'today', u'glad', u'one', u'reason', u'proud', u'country', u'live', u':)', u'g', u'b', u't', u'c', u'o', u't', u'u'],Atheism,NONE
[u'can', u'hate', u'can', u'love', u'end', u'day', u'god', u'can', u'judge', u'love'],Atheism,AGAINST
[u'bless', u'almighty', u'god', u'almighty', u'holy', u'spirit', u'messiah'],Atheism,AGAINST
[u'greater', u'world', u'1john'],Atheism,AGAINST
[u'donkey', u'elephant', u'lamb', u'!', u'lamb', u'slain', u'resurrected', u'can', u'save', u'america', u'behold', u'lamb', u'!'],Atheism,AGAINST
[u'children', u'religiously', u'indoctrinated', u'reaching', u'age', u'reason', u'living', u'completely', u'different', u'world'],Atheism,AGAINST
[u'can', u'tell', u'secret', u'?', u'know', u'god', u'much', u'loves', u'us', u'love', u'just', u'told', u'world', u'love', u'!'],Atheism,AGAINST
[u'hate', u'try', u'create', u'something', u'new', u'get', u'shut', u'something', u'old', u'sy', u'fy', u'f'],Atheism,NONE
[u'stick', u'postcode', u'want', u'go', u'god', u'will', u'set', u'satnav', u'onhow', u'get', u'destiny'],Atheism,AGAINST
[u'indifferent', u'children', u'starving', u'desert', u'connected'],Atheism,NONE
[u'religion', u'bloody', u'man', u'made', u'causes', u'mankind', u'hateful', u'control', u'give', u'us'],Atheism,FAVOR
[u'jesus', u'know', u'bring', u'far', u'leave'],Atheism,AGAINST
[u'today', u'day', u'finally', u'join', u'free', u'nations', u'celebrating', u'equality', u'long', u'overdue', u'love', u'wins'],Atheism,NONE
[u'african', u'american', u'goes', u'church', u'realize', u'make', u'believe', u'god', u'supported', u'slavery'],Atheism,FAVOR
[u'people', u'may', u'leave', u'god', u'will', u'never'],Atheism,AGAINST
[u'answer', u'israel', u'palestine', u'problem', u'huge', u'emphasis'],Atheism,NONE
[u'think', u'message', u'will', u'offend', u'people', u'must', u'tell', u"god's", u'word', u'change', u'lives'],Atheism,AGAINST
[u'judge', u'something', u'humane', u'ask', u'feel', u'happening'],Atheism,NONE
[u'keep', u'faith', u'amazing', u'things', u'life', u'tend', u'happen', u'right', u'moment', u'give', u'hope'],Atheism,AGAINST
[u'1', u'corinthians', u'now', u'faith', u'hope', u'love', u'abide', u'three', u';', u'greatest', u'love', u'god', u'love', u'hope', u'bible'],Atheism,AGAINST
[u'jesus', u'christ', u'yesterday', u'today', u'forever', u'!', u'constant', u'!', u'never', u'failed', u'anybody', u'friend', u'father'],Atheism,AGAINST
[u'interestingly', u'burning', u'wife', u'alive', u'suspecting', u'chastity', u'great', u'justice', u'ram', u'style'],Atheism,AGAINST
[u'kip', u'laughing', u'shed', u'tears', u'...', u'bt', u'know', u'gonna', u'hpn', u'd', u'end', u'child', u'of', u'god'],Atheism,AGAINST
[u'proud', u'announce', u'will', u'guest', u'honor', u"year's", u'halloween', u'party', u'hunger', u'task', u'force', u'food', u'drive'],Atheism,NONE
[u'rt', u'man', u'god', u'humble', u'spirit', u';', u'retains', u'honor', u'prov'],Atheism,AGAINST
[u'think', u'jesus', u'said', u'best', u'said', u'cum', u'peter'],Atheism,FAVOR
[u'shout', u'almighty', u'just', u'two', u'claims', u'without', u'proof'],Atheism,FAVOR
[u'alot', u'angry', u'people', u'world', u'peace'],Atheism,NONE
[u'feel', u'now', u'evil', u'hompohobic', u'hypocritical', u'lying', u'bunch', u'lunatics', u'?', u'lost', u'god', u'lost', u'love', u'won'],Atheism,FAVOR
[u'will', u'allow', u'enemy', u'control', u'appetite', u'yield', u'appetite', u'control', u'holy', u'spirit'],Atheism,AGAINST
[u'mary', u'sorrowful', u'mother', u'christians', u'pray', u'us', u'catholic'],Atheism,AGAINST
[u'atheistq', u'men', u'never', u'commit', u'evil', u'fully', u'joyfully', u'religious', u'convictions', u'blaise', u'pascal'],Atheism,AGAINST
[u'souls', u'connected', u'creator', u'matter', u'hard', u'tried', u'disconnect'],Atheism,AGAINST
[u'8', u'years', u'ago', u'today', u'son', u'taken', u'god', u'fuck', u'fuck', u'much'],Atheism,FAVOR
[u'never', u'get', u'busy', u'making', u'living', u'forget', u'make', u'life', u'life'],Atheism,NONE
[u'mercy', u'lifted', u'broken', u'road', u'may', u'live', u'greater', u'purpose'],Atheism,AGAINST
[u'life', u'station', u'destination'],Atheism,AGAINST
[u'humble', u'therefore', u'mighty', u'hand', u'god', u'may', u'exalt', u'due', u'time', u'1', u'peter', u'kjv', u'holy', u'bible'],Atheism,AGAINST
[u'come', u'every', u'circle', u'limitation', u'affliction', u'jesus', u'name'],Atheism,AGAINST
[u'reason', u'believe', u'god', u'attacked', u'waterbug', u'*', u'shudders', u'*'],Atheism,AGAINST
[u'absence', u'god', u'?', u'nothing', u'accident', u're-arrangement', u'molecules'],Atheism,AGAINST
[u'know', u'surprised', u'usa', u'ireland', u'action', u'gay', u'rights', u'u', u'ireland'],Atheism,NONE
[u'one', u'day', u"it'll", u'make', u'sense', u'now', u'just', u'trust', u'god', u'let', u'lead'],Atheism,AGAINST
[u'leaving', u'christianity', u'enables', u'love', u'people', u'rejected', u'christianity'],Atheism,FAVOR
[u'true', u'fiction', u'incapable', u'killing', u'anything'],Atheism,FAVOR
[u'matter', u'going', u'matter', u'becoming'],Atheism,NONE
[u'lord', u'hope', u'!', u'will', u'always', u'trust'],Atheism,AGAINST
[u'done', u'everything', u'can', u'god', u'will', u'step'],Atheism,AGAINST
[u'fooled', u'prayers', u'wicked', u'useless', u'user'],Atheism,AGAINST
[u'just', u'fucked', u'george', u'michael', u'circa'],Atheism,NONE
[u'fruity', u'pebbles', u'might', u'just', u'perfect', u'breakfast', u'today', u':)', u'love', u'wins', u'love', u'is', u'love', u'c', u'o', u't', u'u', u'marriage', u'love', u'never', u'fails', u'pride'],Atheism,NONE
[u'framers', u'constitution', u'meant', u'freedom', u'religion', u'freedom', u'religion', u'billy', u'graham'],Atheism,AGAINST
[u'christ', u'righteous', u'practice', u'conformed', u'image', u'~', u'chip', u'ingram', u'quote', u'f', u'b', u'team', u'jesus'],Atheism,AGAINST
[u'remeber', u'...', u'difference', u'stumbling', u'blocks', u'stepping', u'stones', u'...', u'use'],Atheism,NONE
[u'rt', u'god', u'interested', u'becoming', u'bible'],Atheism,AGAINST
[u'happened', u'world', u'!', u'attacks', u'france', u'tunisia', u'kuwait', u'kill', u'dozens', u'!', u'!', u'ramadan', u'!', u'!', u'!', u'?'],Atheism,NONE
[u'expect', u'walk', u'supernatural', u'without', u'one', u'supernatural', u'dontdoministryalone', u'b', u'o', u'o', u'm'],Atheism,AGAINST
[u'filled', u'holy', u'spirit', u'began', u'speak', u'foreign', u'tongues', u'holy', u'spirit', u'prompted', u'speak'],Atheism,AGAINST
[u'happy', u'sunday', u'funday', u'mortals', u'!', u'love', u'wins', u'loses', u'honestly', u'?', u'could', u'use', u'little', u'more', u'cowbell', u'!', u'f', u'm'],Atheism,FAVOR
[u'need', u'prayer', u'encouragement', u'please', u'call', u'7', u'prayerline', u'god', u'bless', u'!', u'prayer', u'changes', u'things'],Atheism,AGAINST
[u'man-made', u'ideology', u'will', u'always', u'flawed', u'due', u"man's", u'limitations', u'biases', u'muslims', u'salvage', u'yourselves'],Atheism,AGAINST
[u'believe', u'god', u'please', u'leave', u'meeting', u'will', u'now', u'continue', u'grown', u'ups'],Atheism,FAVOR
[u'think', u'message', u'will', u'offend', u'people', u'must', u'tell', u"god's", u'word', u'change', u'lives'],Atheism,AGAINST
[u'everyone', u'able', u'believe', u'whatever', u'want', u'freedom'],Atheism,FAVOR
[u'sighing', u'now', u'will', u'arise', u'psalms', u'bible', u'god'],Atheism,AGAINST
[u'st', u'philomena', u'invincible', u'champion', u'chastity', u'pray', u'us', u'catholic'],Atheism,AGAINST
[u'stop', u'!', u'hold', u'peace', u'allow', u'powerful', u'god', u'time', u'fight', u'battle', u'win', u'!', u'but', u'god'],Atheism,AGAINST
[u'wish', u'eliminate', u'culture', u'new'],Atheism,NONE
[u'christian', u'defined', u'absence', u'sin', u'presence', u'repentance'],Atheism,AGAINST
[u'prayer', u'useless', u'wasted', u'unheard', u'!'],Atheism,AGAINST
[u'old', u'age', u'made', u'wiser', u'mature', u'shame', u'!'],Atheism,NONE
[u'god', u'comprehensive', u'selective', u'!', u'ask', u'1', u'thing', u'get', u'everything', u'!', u'love', u'my', u'jesus', u'h', u'o', u'y', u'c', u'r', u'thats', u'good', u'news'],Atheism,AGAINST
[u'lk', u'kjv', u'judge', u'ye', u'shall', u'judged', u'condemn', u'ye', u'shall', u'condemned', u'...'],Atheism,AGAINST
[u'stand', u'human', u'rights', u'thought', u'care'],Atheism,NONE
[u'sagar', u'wadekar', u'spirituality', u'sensed', u'summons', u'journey', u'?'],Atheism,AGAINST
[u'power', u'name', u'jesus', u'!', u'jesus', u'may', u'people', u'north', u'india', u'call', u'upon', u'name', u'!'],Atheism,AGAINST
[u'rt', u'jesus', u'peace'],Atheism,AGAINST
[u'calling', u'angel', u'angels', u'will', u'sing', u'innocent', u'may', u'god', u'bless', u'mary', u'jane', u'veloso'],Atheism,AGAINST
[u'delight', u'abominations', u';', u'isaiah', u'jade', u'helm', u'revelation'],Atheism,AGAINST
[u'dear', u'believers', u'prove', u'book', u'must', u'read', u'book', u'regards'],Atheism,FAVOR
[u'cool', u'evidence', u'implying', u'?'],Atheism,FAVOR
[u'appreciate', u'almighty', u'god', u'waking', u'diz', u'beautiful', u'day', u'giving', u'brilliant', u'ideas', u'grow', u'hustle'],Atheism,AGAINST
[u'know', u'god', u'always', u'listening', u'always', u'answering-maybe', u'ways', u'hoped', u'ways', u'knows', u'best'],Atheism,AGAINST
[u'know', u'2nd', u'amendment', u'place', u'cause', u'politicians', u'ignore', u'c', u'o', u'n', u't', u't', u'u', u't', u'o', u'n', u'j', u'n', u't', u'o', u't', u'amendment'],Atheism,AGAINST
[u'w', u'n', u'malden', u'2night', u'', u'community'],Atheism,AGAINST
[u'faith', u'means', u'believing', u'something', u'without', u'evidence', u'can', u'justify', u'anything'],Atheism,FAVOR
[u'folly', u'deny', u'religious', u'impulse', u'just', u'consider', u"marxism's", u'reliance', u'prophet', u'holy', u'book', u'promise', u'future', u'heaven'],Atheism,AGAINST
[u'countless', u'will', u'die', u'race', u'will', u'die', u'self', u'inflicted', u'genocide'],Atheism,NONE
[u'bought', u'world', u'sold', u'heart', u'traded', u'heaven'],Atheism,AGAINST
[u'evidence-based', u'thought', u'just', u'works', u'better', u'superstition-based', u'thought'],Atheism,FAVOR
[u'really', u'really', u'bad', u'week', u'bigots', u'g', u'b', u't', u'equality', u'nondiscrimination'],Atheism,NONE
[u'schools', u'served', u'soya', u'beans', u'milk', u'schools', u'instead', u'egg', u'outrage'],Atheism,AGAINST
[u'sake', u'name', u'o', u'lord', u'revive', u'righteousness', u'bring', u'soul', u'trouble', u'ps'],Atheism,AGAINST
[u'sikhism', u'better', u'either', u'finish', u'religions', u';-)'],Atheism,FAVOR
[u'fool', u'dies', u'want', u'wisdom', u'words', u'mouth', u'feed', u'many', u'prov'],Atheism,AGAINST
[u'one', u'day', u'...', u'gonna', u'get', u'thing', u'right', u'right', u'one', u'always', u'optimistic'],Atheism,NONE
[u'jesus', u'worth', u'whatever', u'go', u'even', u'seems', u'alone', u'encouraged'],Atheism,AGAINST
[u'will', u'lack', u'favor', u'life', u'favor', u'lord', u'will', u'surround', u'shield', u'ps'],Atheism,AGAINST
[u'thou', u'shall', u'think', u'ones', u'self'],Atheism,FAVOR
[u'forgot', u'release', u'binds', u'historical', u'fiction'],Atheism,AGAINST
[u'better', u'go', u'get', u'ball', u'...'],Atheism,NONE
[u'lord', u'jesus', u'altogether', u'lovely', u'!', u'o', u'lord', u'jesus', u'altogether', u'lovely', u'!', u'lifeandbuildingasportrayedinthesongofsongs'],Atheism,AGAINST
[u'important', u'thing', u'world', u'important', u'family', u'pleasing', u'god', u'test', u'produce', u'undeniable', u'faith'],Atheism,AGAINST
[u'ibrahim', u'orders', u'play', u'suprabatha', u'loud', u'kukke', u'subramanya', u'temple', u'come', u'ordered', u'mosques', u'keep', u'thr', u'rant', u'quite', u'!', u'!'],Atheism,NONE
[u'happiness', u'pursuit', u'life', u'liberty', u'the', u'u', u'o'],Atheism,FAVOR
[u'god', u'never', u'gives', u'us', u'anything', u'handle', u'either', u'victory', u'lesson', u'...', u'amazing', u'day', u'!', u'!'],Atheism,AGAINST
[u'daily', u'time', u"god's", u'word', u'yields', u'lasting', u'freedom'],Atheism,AGAINST
[u'given', u'ways', u'made', u'fact', u'still', u'living', u'!', u'!', u'dare', u'wear', u'face', u'lyric', u'tweet'],Atheism,NONE
[u'prophet', u'muhammad', u'said', u'exchange', u'gift', u'will', u'increase', u'love', u'towards', u'one', u'another', u'quran'],Atheism,AGAINST
[u'rt', u'know', u"god's", u'hand', u'everything', u'can', u'leave', u'everything', u"god's", u'hand', u'rest'],Atheism,AGAINST
[u'rt', u'ye', u'light', u'world', u'city', u'set', u'hill', u'hid', u'matthew', u'shine', u'be', u'light'],Atheism,AGAINST
[u'run', u'thing', u'till', u'run', u'king'],Atheism,AGAINST
[u'bible', u'study', u'started', u'mercy', u'triumphs', u'tonight', u'feeling', u'next', u'7', u'weeks', u'will', u'amazing'],Atheism,AGAINST
[u'win', u'health', u'care', u'win', u'love', u'good', u'two', u'days'],Atheism,NONE
[u'scam', u'people', u'money', u'selling', u'words', u'fear', u'now', u'claim', u'none', u'interesting'],Atheism,NONE
[u'crucifixion', u'christ', u'lead', u'world', u'thing', u'started', u'dark', u'ages', u'?'],Atheism,FAVOR
[u'defining', u'moment', u'u', u'yes', u'even', u'human', u'species', u'continue', u'march', u'forward', u'proud', u'to', u'love', u'love', u'wins'],Atheism,NONE
[u'rt', u'will', u'allow', u'enemy', u'abort', u'plan', u'god', u'life'],Atheism,AGAINST
[u'fear', u'lord', u'strong', u'confidence', u'children', u'will', u'place', u'refuge', u'proverbs'],Atheism,AGAINST
[u'reading', u'mother', u'fucking', u'book', u'human', u'wrote', u'!', u'humanslie'],Atheism,FAVOR
[u'celebrity', u'atheism', u'beginning', u'irk'],Atheism,AGAINST
[u'pair', u'hands', u'working', u'2gether', u'far', u'better', u'thousand', u'hands', u'clasped', u'prayers', u'..', u'!', u'!', u'freedom', u'from', u'religion'],Atheism,FAVOR
[u'idc', u'bible', u'says', u'constitution', u'says', u'can', u'take', u'shove', u'right', u'back', u'came', u'..', u'theocracy'],Atheism,FAVOR
[u'like', u'green', u'olive', u'tree', u'house', u'god', u';', u'will', u'trust', u'mercy', u'god', u'forever', u'ever', u'ps'],Atheism,AGAINST
[u'nothing', u'god', u'everything', u'humans', u'love', u'wins'],Atheism,FAVOR
[u'personally', u'know', u'many', u'christians', u'john', u'simms'],Atheism,AGAINST
[u'shivaji', u'maharaj', u'pathans', u'%', u'muslim', u'soldiers', u'two', u'muslim', u'bodyguards', u'stop', u'glorifying', u'anti', u'muslim', u'u', u'idiot', u'bhakts', u'!', u'!'],Atheism,NONE
[u'religious', u"leader's", u'pay', u'depends', u'convincing', u'pile', u'superstitions', u'actually', u'true'],Atheism,FAVOR
[u'take', u'hold', u'authority', u'christ', u'!', u'take', u'back', u'enemy', u'stolen', u'!', u'life', u'calling'],Atheism,AGAINST
[u'conformed', u'world', u'transformed', u'renewing', u'mind', u'speak', u'life', u'god'],Atheism,AGAINST
[u'heart', u'prayers', u'go', u'city', u'baltimore', u'can', u'hope', u'clarity', u'resolution', u'people', u'city'],Atheism,AGAINST
[u'proud', u'many', u'multi', u'colour', u'profile', u'pictures', u'seeing', u'social', u'media', u'past', u'3', u'days', u'awesome', u'view', u':)', u'g', u'b', u't', u'rights'],Atheism,NONE
[u'religions', u'stopped', u'credible', u'minute', u'first', u'dinosaur', u'fossil', u'found'],Atheism,FAVOR
[u'rt', u'faith', u'activates', u'god', u'fear', u'activates', u'enemy', u'~', u'joel', u'osteen'],Atheism,AGAINST
[u'still', u'patient', u'watch', u'let', u'god', u'work'],Atheism,AGAINST
[u'god', u'good', u'!', u'praises', u'go', u'!'],Atheism,AGAINST
[u'sometimes', u'god', u'protecting', u'something', u'things', u'go', u'way', u'want', u'trust', u'will'],Atheism,AGAINST
[u'trust', u'performing', u'science-based', u'medicine', u'children', u'think', u'science', u'reiterate', u'?'],Atheism,AGAINST
[u'proud', u'u', u'keep', u'momentum', u'going', u'make', u'progress', u'love', u'wins'],Atheism,NONE
[u'reasons', u'people', u'believe', u'bible', u'koran', u'talmud', u'etc', u'ignorance', u'lack', u'education', u'poverty', u'intelligence'],Atheism,AGAINST
[u'rt', u'3', u'holy', u'mary', u'mother', u'god', u'pray', u'us', u'sinners', u'now', u'hour', u'death', u'amen'],Atheism,AGAINST
[u'connection', u'god', u'allows', u'create', u'good', u'live'],Atheism,AGAINST
[u'single', u'because', u'mortals', u'high', u'maintenance', u'whiny', u'ass', u'little', u'bitches', u'!', u'earth', u'shattering', u'mic', u'drop', u'f', u'm'],Atheism,NONE
[u'aspiring', u'joined', u'us', u'chat', u'morals', u'c', u'o', u't', u'u', u'marriage', u'decision', u'featured', u'heavily', u'topic', u'love', u'wins'],Atheism,NONE
[u'god', u'can', u'turn', u'around', u'situation'],Atheism,AGAINST
[u'god', u'cares', u'everything', u'concerns', u'feel', u'free', u'talk', u'anything'],Atheism,AGAINST
[u'can', u'see', u'deleted', u'lol', u'love', u'wins'],Atheism,FAVOR
[u'day', u'lord', u'made', u'let', u'us', u'rejoice', u'glad', u'!', u'!', u'!', u'sunday'],Atheism,AGAINST
[u'think', u'life', u'believe', u'god', u'just', u'add'],Atheism,FAVOR
[u'july', u'saw', u'independence', u'oppression', u'england', u'july4th', u'free', u'oppression'],Atheism,AGAINST
[u'sensed', u'summons', u'journey', u'?'],Atheism,AGAINST
[u'sometimes', u'things', u'fall', u'apart', u'...', u'big', u'opportunity', u'change'],Atheism,NONE
[u'except', u'possibly', u'craig', u'stephen', u'hicks', u'chapel', u'hill', u'shooting'],Atheism,NONE
[u'imagine', u'religion', u'god', u'loving', u'one', u'another', u'unconditionally', u'matters', u'wtg', u'usa', u'!', u'love', u'wins'],Atheism,FAVOR
[u'life', u'question', u'islam', u'answe'],Atheism,AGAINST
[u'bind', u'cast', u'every', u'spirit', u'desert', u'owl', u'fox', u'dragon', u'hyena', u'vulture', u'name', u'jesus', u'isa'],Atheism,AGAINST
[u'rt', u'pray', u'orphans', u'north', u'korea', u'years', u'found', u'homeless', u'teamjesustweeters'],Atheism,AGAINST
[u'rt', u'let', u'righteousness', u'peace', u'joy', u'kingdom', u'established', u'life', u'rom'],Atheism,AGAINST
[u'hour', u'?', u'need', u'buy', u'better', u'weed'],Atheism,NONE
[u'adore', u'women', u'lord', u'making', u'!', u'wow', u'forevergrateful', u'iwasmeanttobeallalong'],Atheism,AGAINST
[u'secularism', u'. . .', u'secularism', u'just', u'gonna', u'say', u'one', u'time', u'secularism', u'learn'],Atheism,AGAINST
[u'true', u'education', u'free', u'mind', u'best', u'weapon', u'obstacle', u'h', u'd'],Atheism,FAVOR
[u'time', u'posturing', u'pretending', u'pontificating', u'now', u'time', u'baltimore', u'baltimore', u'riots'],Atheism,NONE
[u'looks', u'like', u'lost', u'ten', u'followers', u'yesterday', u'love', u'wins'],Atheism,NONE
[u'look', u'around', u'much', u'enraptured', u'awake'],Atheism,AGAINST
[u'hell', u'existed', u'bush', u'first', u'line', u'christian', u'morality', u'transcends', u'religion'],Atheism,FAVOR
[u'dream', u'!', u'end', u'religion', u'atheist', u'roll', u'call', u'team', u'atheist'],Atheism,AGAINST
[u'saw', u'essential', u'festival', u'brighton'],Atheism,NONE
[u'everywhere', u'still', u'spirit', u'today', u'o', u'thee', u'lil', u'faith', u'slapped', u'face', u'!', u'lol', u'h', u'v', u'o', u'v'],Atheism,AGAINST
[u'papa', u'god', u'pray', u'shower', u'patience'],Atheism,AGAINST
[u'faith', u'sees', u'invisible', u'believes', u'incredible', u'receives', u'impossible', u'!', u'god'],Atheism,AGAINST
[u'god', u'given', u'us', u'spirit', u'fear', u'timidity', u'power', u'love', u'self-discipline', u'2', u'timothy', u'conqueror', u'god'],Atheism,AGAINST
[u'rt', u'command', u'spirits', u'addiction', u'come', u'appetite', u'name', u'jesus'],Atheism,AGAINST
[u'rt', u'can', u'see', u'invisible', u'can', u'impossible', u'see', u'the', u'grapes'],Atheism,AGAINST
[u'word', u'impossible', u'walking', u'king', u'glory'],Atheism,AGAINST
[u'dominance', u'islam', u'becomes', u'evident', u'smartphone', u'types', u'ramayana', u'ramadan', u'allah', u'hu', u'akbar', u'!'],Atheism,AGAINST
[u'likely', u'real', u';', u'bigfoot', u'loch', u'ness', u'monster', u'god', u'?'],Atheism,FAVOR
[u'bigoted', u'much', u'?', u'rt', u'>', u'doubt', u'pink', u'tights', u'matching', u'feathers', u'saw', u'whole', u'non-thing', u'?'],Atheism,AGAINST
[u'nothing', u'nothing', u'less'],Atheism,AGAINST
[u'need', u'go', u'back', u'roots', u'get', u'closer', u'nature'],Atheism,NONE
[u'rather', u'stand', u'god', u'judged', u'world', u'stand', u'world', u'judged', u'god', u'godsnotdead', u'truth'],Atheism,AGAINST
[u'fill', u'church', u'holy', u'fascination', u'man', u'christ', u'jesus', u'need'],Atheism,AGAINST
[u'never', u'take', u'idea', u'religion', u'seriously', u'~', u'joyce', u'carol', u'oates'],Atheism,AGAINST
[u'like', u'banned', u'ffaf', u'freedom', u'atheism', u'foundation', u'facebook', u'guess', u'harsh', u'comments', u'..'],Atheism,AGAINST
[u'prayer', u'gift', u'trusting', u'walking', u'blessing', u'yeshua', u'get', u'to', u'know', u'him', u'relationship', u'is', u'key', u'keep', u'walking', u'by', u'faith'],Atheism,AGAINST
[u'satan', u'busy', u'god', u'control', u'god', u'spiritual', u'motivation', u'relax', u'no', u'worries', u'strength'],Atheism,AGAINST
[u'choices', u'show', u'truly', u'far', u'abilities', u'albus', u'dumbledore', u'harry', u'potter'],Atheism,NONE
[u'thankful', u'another', u'day', u'awesome', u'life', u'god', u'given', u'us', u':)', u'father'],Atheism,AGAINST
[u'almost', u'end', u'!', u'!', u'!'],Atheism,NONE
[u'can', u'look', u'others', u'envy', u'look', u'god', u'focus', u'calling', u'become', u'dream', u'kingdom-sized', u'dreams', u'focus'],Atheism,AGAINST
[u'maybe', u'random', u'shit', u'happens', u'everyone', u'regardless', u'whether', u'make-believe', u'friend'],Atheism,FAVOR
[u'seek', u'nothing', u'will', u'god', u'will', u'always', u'put', u'right', u'place', u'right', u'time'],Atheism,AGAINST
[u':)', u'may', u'heart', u'firmly', u'fixed', u'trusting', u'lord', u'...', u'shall', u'falter', u'fail', u'...', u'may', u'breath', u'guide', u'sail', u'...'],Atheism,AGAINST
[u'discouraged', u'things', u'dont', u'happen', u'like', u'planned', u'god', u'better', u'store', u'keep', u'pressing', u'forward', u'!', u'perserverance'],Atheism,AGAINST
[u'look', u'around', u'find', u'fear', u'look', u'father', u'find', u'faith', u'godbetheglory'],Atheism,AGAINST
[u'getting', u'good', u'biting', u'tongue', u'totally', u'brainwashed', u'xtian', u'family', u'can', u'tiring', u'annoying', u'times'],Atheism,FAVOR
[u'believe', u'often', u'religious', u'people', u'good', u'reasons', u'non-religious', u'give', u'undo', u'credit', u'faith'],Atheism,AGAINST
[u'faithful', u'faithful', u'will'],Atheism,AGAINST
[u'matter', u'going', u'thru', u'assure', u'somewhere', u'world', u'somebody', u'x', u'worse'],Atheism,NONE
[u'angels', u'god', u'pray', u'us', u'direct', u'steps', u'protect', u'us', u'evil', u'strive', u"god's", u'will', u'daily', u'lives'],Atheism,AGAINST
[u'yes', u'beautiful', u'mammal', u'world', u'better', u'around', u'universal', u'love', u'and', u'also', u'tacos'],Atheism,NONE
[u'great', u'meet', u'staff', u'better', u'understand', u'roles', u'can', u'help', u'local', u'groups', u'b', u'h'],Atheism,AGAINST
[u'love', u'finding', u'perfect', u'person', u'learning', u'see', u'imperfect', u'person', u'perfectly'],Atheism,NONE
[u'god', u'?', u'?', u'mine', u'oh', u'wait', u'one', u'love', u'wins'],Atheism,FAVOR
[u'ignorance', u'people', u'gotta', u'love', u'can', u'learn', u'love', u'well', u'end', u'racism', u'love', u'your', u'neighbor', u'peace'],Atheism,AGAINST
[u'happy', u'camper', u'?', u'competency', u'autonomy', u'mastery', u'purpose', u'engagement', u'relationships', u'create', u'well', u'meaning', u'u', u'assembly'],Atheism,NONE
[u'happy', u"sun's", u'day', u'friends', u'find', u'god', u'sit', u'breathe', u'deeply', u'count', u'delusion', u"it'll", u'pass'],Atheism,FAVOR
[u'see', u'natural', u'will', u'stop', u'god', u'getting', u'ready', u'release', u'supernatual'],Atheism,AGAINST
[u'dumb', u'politicians', u'u', u'obligated', u'sprinkle', u'religious', u'language', u'talking', u'constituents'],Atheism,FAVOR
[u'just', u'listened', u'inspirational', u'speech', u'bonya', u'ahmed', u'b', u'h', u'voltaire', u'fight', u'the', u'power'],Atheism,NONE
[u'ignorant', u'fanatical', u'pieces', u'shit', u'glorified', u'television', u'disgusting'],Atheism,NONE
[u'morality', u'come', u'?', u'<', u'innate', u'sense', u'response', u'suffering', u'human', u'rights'],Atheism,FAVOR
[u'fallacies', u'cease', u'fallacies', u'become', u'fashions', u'g', u'chesterton'],Atheism,NONE
[u'credit', u'rating', u'give', u'debtor', u'pay', u'back', u'unless', u'dead', u'?'],Atheism,AGAINST
[u'holy', u'mary', u'mother', u'god', u'pray', u'us', u'sinners', u'now', u'hour', u'death', u'amen'],Atheism,AGAINST
[u'jesus', u'performed', u'great', u'miracles', u'people', u'still', u'believe', u'believe', u'faith', u'belief'],Atheism,AGAINST
[u'got', u'make', u'mind', u'going', u'trust', u'god', u'guide', u'matter', u'looks', u'like', u'will', u'!'],Atheism,AGAINST
[u'ask', u'bobby', u'president', u'institute', u'christian', u'version', u'sharia', u'law', u'?'],Atheism,AGAINST
[u'guy', u'know', u'hangs', u'wrong', u'people', u'like', u'care', u'reputation'],Atheism,NONE
[u'rt', u'ask', u'will', u'given', u';', u'seek', u'will', u'find', u';', u'knock', u'door', u'will', u'opened', u'matt'],Atheism,AGAINST
[u'god', u'faithful', u'gospel', u'powerful', u'spirit', u'transforming', u'sunday'],Atheism,AGAINST
[u'remove', u'bitterness', u'heart', u'lord', u'amen'],Atheism,AGAINST
[u'god', u'=', u'miraculous', u'miracles', u'=', u'impossible', u'god', u'=', u'impossible', u'r', u't'],Atheism,FAVOR
[u'beware', u'prosperity', u'doctrines', u'greed', u'vanity', u'!', u'greed'],Atheism,NONE
[u'eternal', u'life', u'may', u'know', u'true', u'god', u'jesus', u'christ', u'sent', u'john', u'g', u'o', u'd'],Atheism,AGAINST
[u'unsure', u'whether', u'something', u'halal', u'haram', u'leave', u'will'],Atheism,AGAINST
[u'father', u'art', u'heaven', u'hallowed', u'thy', u'name', u'thy', u'kingdom', u'come', u'thy', u'will', u'done', u'earth', u'heaven'],Atheism,AGAINST
[u'odds', u'already', u'stacked', u'favor', u'believe', u'lord', u'call', u'savior'],Atheism,AGAINST
[u'break', u'curses', u'death', u'spoken', u'america', u'people', u'nations', u'name', u'jesus'],Atheism,AGAINST
[u'never', u'give', u'beautiful', u'fuckers', u'optimism', u'motivational', u'demotivational'],Atheism,NONE
[u'religion', u'like', u'booger', u'face', u'earth', u'atheists', u'tissues'],Atheism,FAVOR
[u'come', u'waiting', u'discover', u'empire', u'f', u'o', u'x', u'humble'],Atheism,AGAINST
[u'religious', u'people', u'people', u'...', u'just', u'bigoted', u'genitalia', u'mutilating', u'angry', u'gullible', u'people'],Atheism,FAVOR
[u'peace', u'leave', u';', u'peace', u'give', u'|', u'john', u'|'],Atheism,AGAINST
[u'gonna', u'worth', u'gonna', u'work'],Atheism,NONE
[u'moral', u'landscape', u'age', u'=', u'7', u'billion', u'reflections', u'7', u'billion', u'personal', u'ideas', u'7', u'billion', u'pleasures', u'7', u'billion', u'comforts', u'bankrupt'],Atheism,NONE
[u'hand', u'heart', u'much', u'true', u'life', u'apart', u'lay', u'me', u'down'],Atheism,AGAINST
[u'instead', u'quick', u'word', u'prayer', u'start', u'try', u'quick', u'pray', u'start'],Atheism,AGAINST
[u'jesus', u'wants', u'love', u'persecute', u'bring', u'violence', u'love', u'loves', u'love', u'peace'],Atheism,AGAINST
[u'fear', u'suspected', u'deliver', u'jesus', u'catholic'],Atheism,AGAINST
[u'desire', u'reach', u'stars', u'ambitious', u'desire', u'reach', u'hearts', u'wise', u'maya', u'angelou'],Atheism,NONE
[u'many', u'doctrines', u'created', u'christians', u'save', u'face'],Atheism,FAVOR
[u'lot', u'fun', u'hearing', u'talk', u'new', u'book', u'sacred', u'cows', u'godless', u'gala'],Atheism,FAVOR
[u'humanist', u'means', u'trying', u'behave', u'decently', u'without', u'expectation', u'rewards', u'punishment', u'dead', u'~', u'kurt', u'vonnegut'],Atheism,AGAINST
[u'utterly', u'stupid', u'useless', u'anyway'],Atheism,NONE
[u'current', u'trend', u'constitution', u'making', u'continues', u'indigenous', u'peoples', u'madhesis', u'hachhethu'],Atheism,NONE
[u'whoever', u'kind', u'younger', u'ones', u'respect', u'elders', u'nation', u'prophet', u'muhammad', u'pbuh'],Atheism,AGAINST
[u'humanity', u'deeper', u'race', u'gender', u'religion', u'...', u'love', u'!', u'n', u'v'],Atheism,NONE
[u'...', u'made', u'way', u'literally', u'ever', u'answer', u'keep', u'curiosity', u'alive'],Atheism,FAVOR
[u'know', u'given', u'audience', u'events', u'god', u'talk', u'president', u"obama's", u'speech', u'jars', u'lot'],Atheism,FAVOR
[u'u', u'discriminate', u'based', u'ur', u'religion', u'ready', u'discriminated', u'religion'],Atheism,FAVOR
[u'says', u'tht', u'fasting', u'name', u'god', u'superstition', u'fasting', u'ramadan', u'mecca'],Atheism,AGAINST
[u'pop', u'may', u'throw', u'towel', u'second', u'half', u'..'],Atheism,NONE
[u'tomorrow', u'promised', u'one', u'cherish', u'people', u'god', u'placed', u'life', u'today', u'!'],Atheism,AGAINST
[u'religion', u'causes', u'arrested', u'social', u'development', u'stopped', u'sense', u'centuries', u'ago'],Atheism,FAVOR
[u'nothing', u'dangerous', u'existence', u'republic', u'introduce', u'religion', u'politics', u'robert', u'green', u'ingersoll'],Atheism,FAVOR
[u'faith', u'impossibilities', u'believe', u'will', u'happen'],Atheism,AGAINST
[u'zubair', u'ibn', u'awwam', u'accepted', u'islam', u'age', u'dedicated', u'protecting', u'promoting', u'blessed', u'ten'],Atheism,AGAINST
[u'read', u'article', u'tripoli', u'treaty', u'pres', u'john', u'adams', u'makes', u'clear', u'america', u'christian', u'nation'],Atheism,FAVOR
[u'just', u'watched', u'cfeatured', u'segment', u'life', u'manny', u'pacquiao', u'team', u'pacquiao', u'already', u'now'],Atheism,NONE
[u'bha', u'conference', u'bristol', u'great', u'success', u'members', u'attendance', u'b', u'h'],Atheism,AGAINST
[u'god', u'blessed', u'dollars', u'?', u'aids', u'ebola', u'ripping', u'kids', u'africa', u'yo', u'black', u'ass', u'can', u'pay', u'cable', u'bill', u'gawd'],Atheism,NONE
[u'will', u'never', u'control', u'confront', u'self', u'problem', u'pastor', u'merritt', u'christian', u'church'],Atheism,AGAINST
[u'came', u'today', u'god', u'always', u'plan', u'godis', u'good'],Atheism,AGAINST
[u'rather', u'go', u'hell', u'worship', u'image', u'created', u'whites', u'...'],Atheism,FAVOR
[u'bind', u'rebuke', u'angel', u'light', u'name', u'jesus', u'2', u'cor'],Atheism,AGAINST
[u'pain', u'setbacks', u'part', u'life', u'stay', u'faith', u'put', u'question', u'mark', u'god', u'put', u'period'],Atheism,AGAINST
[u'praying', u'ignorance', u'god', u'loving', u'matters', u'requires', u'honesty', u'must', u'conserve', u'h', u'!', u'drought'],Atheism,FAVOR
[u'bible', u'studies', u'part', u'unt', u'makes', u'kinda', u'wanna', u'go', u'seminary', u'school', u'u', u'n', u't', u'gospel'],Atheism,AGAINST
[u'believe', u'bible', u'word', u'god', u';', u'...', u'also', u'believe', u'book', u'mormon', u'word', u'god', u'joseph', u'smith', u'prophet'],Atheism,AGAINST
[u'just', u'alittle', u'cup', u'you', u'got', u'it'],Atheism,NONE
[u'enough', u'w', u'living', u'outdated', u'guidelines', u'suppression', u'insecurities', u'capable', u'making', u'well', u'informed', u'decisions'],Atheism,NONE
[u'devil', u'enemy', u'mind', u'battleground', u'plays', u'josh', u'ricketson', u'r', u'u', u'h', u'r', u'u', u'h', u'w', u'g'],Atheism,AGAINST
[u'christian', u'privilege', u'knowing', u'prayer', u'will', u'promoted', u'public', u'like'],Atheism,AGAINST
[u'news', u'week', u'foxnews', u'lost', u'half', u'viewers', u'due', u'heart', u'attacks', u'well', u'least', u'obamacare', u'unite', u'b', u'iue'],Atheism,NONE
[u'amen', u'amen', u'hallelujah', u'lamb', u'god', u';', u'worthy', u'praised', u'!', u'!', u'!', u'praisethe', u'lord', u'christians', u'church', u'u'],Atheism,AGAINST
[u'theists', u'big', u'mountain', u'evidence', u'god', u'think', u'ever', u'fucking', u'hear', u'word', u'faith', u'?'],Atheism,FAVOR
[u'answering', u'questions', u'today', u'reddit', u'r', u'atheism', u'askan', u'atheist', u'day', u'2-5', u'pm', u'est', u'!', u'm'],Atheism,FAVOR
[u"today's", u'verse', u'hears', u'hears', u';', u'rejects', u'rejects', u'jesus', u'luke', u'team', u'c', u'o', u'g', u'c', u'bible', u'holy', u'spirit'],Atheism,AGAINST
[u'defend', u'rise', u'ps'],Atheism,AGAINST
[u'looks', u'like', u'soon', u'homosexuality', u'will', u'illegal', u'islamic', u'states'],Atheism,NONE
[u'cover', u'girl', u'make', u'lacks', u'deficiencies', u'foundation', u'see', u'blend', u'perfectly'],Atheism,NONE
[u'heavens', u'earth', u'one', u'connected', u'entity', u'separated', u'havemade', u'water', u'every', u'living', u'thing', u'quran'],Atheism,AGAINST
[u'looking', u'seed', u'stand', u'identity', u'forever', u'hachhethu'],Atheism,NONE
[u'push', u'pain', u'feel', u'today', u'!', u'dreams', u'worth', u'!', u'power', u'through', u'n', u'odaysoff'],Atheism,NONE
[u'god', u'wonderful', u'way', u'turning', u'negatives', u'positives'],Atheism,AGAINST
[u'faithful', u'god', u'may', u'learn', u'trust', u'uncertainty', u'mystery', u'walking', u'water', u'toward'],Atheism,AGAINST
[u'religious', u'leaders', u'like', u'political', u'leaders', u'say', u'think', u'people', u'want', u'hear'],Atheism,FAVOR
[u'weeping', u'may', u'endure', u'night', u'joy', u'comes', u'morning', u'may', u'going', u'midnight', u'hour-but', u'morning', u'coming', u'!', u'god'],Atheism,AGAINST
[u'particular', u'way', u'things', u'ed', u'welch'],Atheism,NONE
[u'terrible', u'day', u'elsewhere', u'president', u"obama's", u'beautiful', u'inspiring', u'words', u'gay', u'marriage', u'welcome'],Atheism,NONE
[u'shout', u'mountain', u'tops', u'scream', u'name', u'praise', u'christian', u'go', u'church', u'worship'],Atheism,AGAINST
[u'atheists', u'believe', u'satan', u'either', u'satanists', u'put', u'sacrifice', u'go', u'beer', u'!'],Atheism,AGAINST
[u'enemy', u'will', u'threatened', u'faith', u'decide', u'live'],Atheism,AGAINST
[u'rt', u'lord', u'bless', u'latter', u'end', u'beginning', u'job'],Atheism,AGAINST
[u'created', u'heavens', u'earth', u'mere', u'play', u'[', u'quran', u']'],Atheism,AGAINST
[u'yes', u'islam', u'mother', u'load', u'bad', u'ideas', u'!', u'christianity', u'far', u'behind', u'!'],Atheism,FAVOR
[u'allow', u'life', u'potter', u'misthepotter'],Atheism,AGAINST
[u'indigenous', u'lose', u'madhesi', u'da', u'current', u'trend', u'constitution', u'making', u'continues', u'hachhethu'],Atheism,NONE
[u'9', u'holy', u'mary', u'mother', u'god', u'pray', u'us', u'sinners', u'now', u'hour', u'death', u'amen', u'god'],Atheism,AGAINST
[u'just', u'supreme', u'court', u'grants', u'something', u'make', u'anything', u'equal', u'equality', u'like', u'anything', u'else', u'matter', u'heart'],Atheism,NONE
[u'amazed', u'...', u'real', u'unicorns', u'among', u'us'],Atheism,AGAINST
[u'r', u'u', u'going', u'get', u'balls', u'stand', u'insanity', u'god', u'worship', u'fuck', u'religion', u'fuck', u'jesus'],Atheism,FAVOR
[u'g', u'o', u'b', u't', u'rt', u'thekurtcarr', u'nobody', u'like', u'god', u'!', u'greatest', u'power', u'!'],Atheism,AGAINST
[u'will', u'fail', u'already', u'win', u'?', u'...', u'just', u'call', u'quits', u'god', u'?', u'!', u'believe', u'will', u'can', u'!'],Atheism,AGAINST
[u'god', u'hold', u'us', u'close', u'give', u'us', u'courage', u'let', u'go', u'need'],Atheism,AGAINST
[u'today', u'idea', u'will', u'facing', u'god', u'christ', u'already', u'supplied', u'everything', u'need'],Atheism,AGAINST
[u'left', u'real', u'countries', u'grafted', u'installed', u'ummah', u'hadith'],Atheism,AGAINST
[u'imagine', u'amazing', u'world', u'without', u'religion', u'wars', u'hate', u'religion', u'wise', u'extremist'],Atheism,FAVOR
[u'lord', u'spirit', u'wherever', u'spirit', u'lord', u'freedom', u'2', u'corinthians', u'nlt', u'freedom'],Atheism,AGAINST
[u'certainly', u'...', u'matthew', u'john', u'eyewitnesses', u'liar'],Atheism,FAVOR
[u'every', u'tree', u'known', u'fruit', u'thorns', u'men', u'gather', u'figs', u'bramble', u'bush', u'gather', u'grapes', u'luke'],Atheism,AGAINST
[u'god', u'gave', u'us', u'mind', u'expects', u'christians', u'use', u'led', u'around', u'decisions', u'others', u'truth'],Atheism,AGAINST
[u'now', u'get', u'scotus', u'rule', u'god', u'currency', u'violates', u'establishment', u'clause'],Atheism,FAVOR
[u'love', u'shows', u'mercy', u'matter', u'darkness'],Atheism,AGAINST
[u'wait', u'time', u'will', u'never', u'just', u'right', u'j', u'u', u't', u'd', u'o', u't'],Atheism,NONE
[u'scientists', u'say', u'sorry', u'quran', u'outran', u'u', u'years', u'!'],Atheism,AGAINST
[u'thomas', u'jefferson', u'george', u'washington', u'believe', u'afterlife', u'thomas', u'paine', u'atheist'],Atheism,FAVOR
[u'graveyards', u'owned', u'local', u'authority', u'available', u'people', u'religions', u'none'],Atheism,NONE
[u'matter', u'things', u'look', u'know', u'god', u'still', u'control', u'stay', u'peace', u'knowing', u'will', u'always'],Atheism,AGAINST
[u'light', u'called', u'light', u'called', u'darkness', u'!', u'fear', u'christ', u'leading', u'?'],Atheism,AGAINST
[u'meanwhile', u'whilst', u'others', u'attempted', u'distract', u'continued', u'quest', u'succeeded', u'anti', u'satan', u'anti', u'bibles'],Atheism,AGAINST
[u'equal', u'men', u'makes', u'us', u'morally', u'superior', u'equality', u'for', u'all'],Atheism,NONE
[u'now', u'scoc', u'ruled', u'canadians', u'freedom', u'religion', u'can', u'someone', u'tell', u'harper', u'dummy', u'god', u'bless', u'canada'],Atheism,FAVOR
[u'sentences', u'postcards', u'future', u'versions', u'say', u'hello'],Atheism,AGAINST
[u'therefore', u'iwilllook', u'unto', u'thelord', u';', u'iwill', u'wait', u'god', u'salvation', u'godwillhear', u'micah'],Atheism,AGAINST
[u'far', u'right', u'wing', u'imploding', u'understand', u'funny', u'c', u'o', u't', u'u', u'marriage'],Atheism,NONE
[u'support', u'equality', u'myth', u'...', u'something', u'got', u'messed'],Atheism,NONE
[u'religion', u'lies', u'collective', u'apophenia', u'need', u'certain', u'conditions', u'keep', u'disappearing'],Atheism,FAVOR
[u'necessity', u'mother', u'deen', u'complete', u'need', u'innovation'],Atheism,AGAINST
[u'secularism', u'=', u'sure', u'way', u'prevent', u'nightmare', u'religious', u'boot', u'stamping', u'human', u'face', u'forever', u'freedom', u'='],Atheism,FAVOR
[u'rt', u'humanist', u'love', u'everyone', u'u', u'assembly', u'celebrating', u'th', u'anniversary', u'!', u'amazing', u'!'],Atheism,NONE
[u'religions', u'proud', u'evidence', u'one', u'made-up', u'stories'],Atheism,FAVOR
[u'god', u'rejoices', u'manifest', u'faith', u'holds', u'word', u'smith', u'wigglesworth', u'devotional'],Atheism,AGAINST
[u'will', u'friends', u'looking', u'forward'],Atheism,AGAINST
[u'feel', u'need', u'god', u'love', u'desire', u'god'],Atheism,AGAINST
[u'nothing', u'lies', u'beyond', u'reach', u'prayer', u'except', u'lies', u'outside', u'will', u'god', u'~', u'unknown', u'quote', u'team', u'jesus'],Atheism,AGAINST
[u'works', u'!', u'except', u'r', u'judgement', u'mexican-american'],Atheism,AGAINST
[u'1', u'cor', u'...', u'stand', u'firm', u'...', u'always', u'give', u'fully', u'work', u'lord', u'...', u'labor', u'lord', u'vain', u'>', u'god'],Atheism,AGAINST
[u'just', u'today', u'help', u'god', u'remember', u'let', u'good', u'day', u'god', u'full', u'joy', u'love', u'amen', u'god'],Atheism,AGAINST
[u'verily', u'verily', u'say', u'unto', u'servant', u'greater', u'lord', u'...', u'john', u'kjv', u'lord', u'of', u'lords', u'king', u'of', u'kings'],Atheism,AGAINST
[u'anyone', u'can', u'feel', u'ache', u'think', u'can', u'take', u'stronger', u'know'],Atheism,AGAINST
[u'god', u'named', u'god', u'really', u'just', u'another', u'god'],Atheism,FAVOR
[u'humanist', u'canada', u'stands', u'us', u'supreme', u'court', u'ruling', u'favor', u'marriage', u'equality', u'!', u'love', u'wins', u'love', u'is', u'love', u'marriage', u'equaility'],Atheism,NONE
[u'2/2', u'adequate', u'numbers', u'pls', u'consider', u'estab', u'volunteer', u'fire', u'pickets', u'who', u'is', u'burning', u'black', u'churches'],Atheism,NONE
[u'good', u'know', u'disagree', u'spirituality', u'asit', u'takes', u'away', u'frm', u'realizing', u'human', u'condition', u'must', u'focus', u'reality'],Atheism,AGAINST
[u'never', u'dismayed', u'future', u'america', u'today', u'forgotten', u'begin'],Atheism,NONE
[u'therefore', u'confess', u'sins', u'pray', u'may', u'healed', u'james'],Atheism,AGAINST
[u'balance', u'religion', u'harm', u'good'],Atheism,FAVOR
[u'atheism', u'involves', u'person', u'believe', u'agnosticism', u'involves', u'person', u'know', u'waterford'],Atheism,NONE
[u'way', u'get', u'free', u'atheist', u'literature', u'pass', u'upcoming', u'protest', u'planning', u'?'],Atheism,FAVOR
[u'problem', u'everyone', u'sensationalising', u'news', u'!', u'crazy', u'people', u'forgotten'],Atheism,AGAINST
[u'true', u'community', u'able', u'disagree', u'still', u'love', u'one', u'another'],Atheism,NONE
[u'thou', u'shalt', u'boil', u'kid', u"mother's", u'milkexodus', u'thank', u'god', u'atheist', u'!', u'f', u'u', u'n', u'd', u'm', u'n', u't', u'bible', u'verses'],Atheism,FAVOR
[u'get', u'one', u'job', u'charlotte', u'good'],Atheism,NONE
[u'big', u'muah', u'everyone', u'america', u'!', u'love', u'wins', u'marriage', u'equality'],Atheism,NONE
[u'shame', u'on', u'you', u'putting', u'politicians', u'physicians', u'parental', u'rights', u'b'],Atheism,AGAINST
[u'thy', u'kingdom', u'come', u'!', u'thy', u'will', u'done', u'earth', u'heaven', u'matthew', u'come', u'quickly'],Atheism,AGAINST
[u'best', u'best', u'treat', u'women', u'best', u'people', u'women', u'prophet', u'mohammad', u'pbuh'],Atheism,AGAINST
[u'think', u'years', u'found', u'least', u'one', u'person', u'want', u'tell', u'things', u'nope', u'~', u'god'],Atheism,AGAINST
[u'rt', u'thank', u'lord', u'beautiful', u'sunday', u':)', u'truly', u'blessed', u'blessed', u'love', u'h', u'n', u'...'],Atheism,AGAINST
[u'hooligans', u'can', u'challenge', u'everyone', u'police', u'must', u'right', u'frustration', u'criminals', u'can', u'face', u'black', u'white'],Atheism,NONE
[u'salah', u'prayed', u'allah', u'warns', u'prayers', u'done', u'just', u'surah', u'al-maoon', u'6'],Atheism,AGAINST
[u'oh', u'jesus', u'write', u'songs', u'praise', u'songwriters', u'songs', u'praiseyou'],Atheism,AGAINST
[u'prayer', u'time', u'!', u'call', u'7am', u'friday', u'access', u'code', u'pray', u'for', u'charleston', u'u', u'life', u'line'],Atheism,AGAINST
[u'take', u'away', u'hatred', u'people', u'men', u'without', u'faith', u'~', u'eric', u'hoffer'],Atheism,AGAINST
[u'rt', u'nothing', u'worry', u'trusted', u'jesus', u'christ', u'alone', u'savior', u'sins', u'friend', u'of', u'si', u'...'],Atheism,AGAINST
[u'even', u'mind', u'denied', u'god', u'soul', u'will'],Atheism,AGAINST
[u'establishment', u'clause', u'sets', u'country', u'apart', u'prevents', u'radical', u'religious', u'zealots', u'taking', u'charge', u'respect'],Atheism,FAVOR
[u'love', u'kind', u'dogs', u'..', u'carries', u'baby', u'home', u'..', u'dump', u'see', u'photo', u'h', u'r', u'o'],Atheism,NONE
[u'hope', u'one', u'hurt', u'who', u'is', u'burning', u'black', u'churches', u'end', u'racism', u'love', u'wins'],Atheism,AGAINST
[u'sweet', u'!', u'congratulations', u'rational', u'decision'],Atheism,NONE
[u'god', u'call', u'us', u'change', u'people', u'job', u'called', u'us', u'share', u'gospel'],Atheism,AGAINST
[u'what', u'know', u'about', u'islam', u'helped', u'2', u'find', u'truth', u'religions', u'christianity', u'buddhism', u'judaism'],Atheism,AGAINST
[u'follow', u'lead', u'along', u'paths', u'newness', u'ways', u'never', u'imagined'],Atheism,AGAINST
[u'wow', u'unsubstantiated', u'claims', u'spooks', u'remember', u'whe', u'said', u'gullible', u'people', u'?'],Atheism,NONE
[u'everybody', u'knows', u'except', u'presstitutes'],Atheism,NONE
[u'sexiest', u'thing', u'can', u'carry', u'right', u'now', u'bible', u'christian'],Atheism,AGAINST
[u'let', u'us', u'offer', u'jesus', u'continual', u'sacrafice', u'praise', u'god', u'proclaiming', u'allegiance', u'name', u'hebrewsnlt', u'god'],Atheism,AGAINST
[u'u2ie', u'tour', u'wish', u'lads', u"would've", u'matured', u'past', u'christianity', u'like', u'got', u'science', u'education', u'sotheyr', u'stuck'],Atheism,FAVOR
[u'dear', u'real', u'issue', u'maha', u'govt', u'decision', u'go', u'court', u'let', u'decide'],Atheism,AGAINST
[u'country', u'finally', u'moving', u'beyond', u'outdated', u'religious', u'definitions', u'marriage'],Atheism,FAVOR
[u'bible', u'expo', u'!', u'truthcaster', u'com', u'please', u'come', u'thanks', u'!', u'bible', u'expo', u'truths'],Atheism,AGAINST
[u'gods', u'religion', u'made', u'folks', u'antiquity', u'help', u'explain', u'things'],Atheism,FAVOR
[u'want', u'government', u'spying', u'want', u'god'],Atheism,AGAINST
[u'want', u'become', u'religion', u'?', u'ponder', u'upon', u"qur'an", u'one', u'best', u'means', u'acquire'],Atheism,AGAINST
[u'pray', u'hedge', u'protection', u'around', u'mind', u'body', u'finances', u'possessions', u'family', u'name', u'jesus'],Atheism,AGAINST
[u'strength', u'life', u'lord'],Atheism,AGAINST
[u'america', u'make', u'laws', u'based'],Atheism,AGAINST
[u'rt', u'belief', u'cruel', u'god', u'makes', u'cruel', u'man', u'~', u'thomas', u'paine', u'christianity', u'islam', u'sacrilege', u'su', u'...'],Atheism,FAVOR
[u'imagine', u'living', u'life', u'get', u'credit', u'everything', u'well', u'got', u'blame', u'everything', u'wrong'],Atheism,NONE
[u'rt', u'faithfulness', u'actually', u'means', u'full', u'faith', u'beyond', u'service', u'commitment', u'heart', u'shld', u'full', u'faith', u'r', u'w', u'atl'],Atheism,AGAINST
[u'just', u'night', u'watcheasy', u'set', u'staggered', u'pickets', u'google', u'work', u'best', u'who', u'is', u'burning', u'black', u'churches'],Atheism,NONE
[u'religion', u'sex', u'music', u'~', u'sting'],Atheism,FAVOR
[u'rt', u'much', u'minority', u'appeasement', u'india', u'room'],Atheism,NONE
[u'hope', u'begin', u'face', u'reality', u'god', u'loving', u'eo', u'unconditionally', u'matters', u'wake', u'up', u'america', u'peace'],Atheism,AGAINST
[u'inclined', u'ear', u'therefore', u'will', u'call', u'upon', u'long', u'live', u'ps'],Atheism,AGAINST
[u'nagging', u'doubt', u'keep', u'god', u'?', u'gods', u'testing', u'u', u'intellect', u'trying', u'tell', u'beliefs', u'bullshit'],Atheism,FAVOR
[u'rt', u'let', u'gates', u'life', u'city', u'opened', u'king', u'glory', u'come', u'ps'],Atheism,AGAINST
[u'spend', u'time', u"god's", u'presence', u'burdens', u'carry', u'transferred', u'shoulders', u'capable', u'ones--his'],Atheism,AGAINST
[u'see', u'people', u'day', u'question', u"god's", u'work', u'things', u'believe', u'questions'],Atheism,AGAINST
[u'god', u'ensures', u'justice', u'orphans', u'widows', u'god', u'loves', u'strangers', u'providing', u'food', u'clothing', u'deut'],Atheism,AGAINST
[u'hallelujah', u'!', u'overcome', u'!', u'overcome', u'!', u'jesus', u'overcome', u'world', u'!', u'victor', u'heart', u'day', u'!'],Atheism,AGAINST
[u'people', u'keep', u'asking', u'going', u'vicar', u'much', u'scared', u'might', u'actually', u'happen'],Atheism,AGAINST
[u'blessed', u'comes', u'name', u'lord', u'house', u'lord', u'bless', u'psalm'],Atheism,AGAINST
[u'purpose', u'life', u'?', u'?', u'islam', u'providing', u'clear', u'concise', u'answers', u'questions', u'islam'],Atheism,AGAINST
[u'blind', u'see', u'amazing', u'moment', u'time', u'celebrated', u'religious', u'zealots', u'love', u'wins'],Atheism,FAVOR
[u'bad', u'looks', u'chaos', u'reeks', u'havoc', u'dark', u'days', u'grow', u'god', u'still', u'forever', u'will', u'ever', u'always', u'control', u'h', u'n'],Atheism,AGAINST
[u'quite', u'mistaken', u':)'],Atheism,NONE
[u'1/5', u'heaven', u'created', u'might', u'indeed', u'expander', u'quran'],Atheism,AGAINST
[u'may', u'suggesting', u'best', u'way', u'2', u'fight', u'lalitgate', u'advocate'],Atheism,AGAINST
[u'two', u'hands', u'working', u'can', u'thousand', u'clasped', u'prayer', u'madalyn', u'murray', u"o'hair"],Atheism,AGAINST
[u'impressed', u'nice', u'tunisians', u'impressed', u'religion', u';', u'major', u'cause', u'much', u'heartache', u'death'],Atheism,FAVOR
[u'romans', u'powerful', u'need', u'patient', u'weakness', u'power', u'please', u'ceb'],Atheism,AGAINST
[u'love', u'sahaba', u'sign', u'faith', u';', u'hating', u'sahaba', u'sign', u'hypocrisy', u'let', u'us', u'respect', u'sahaba', u'love', u'hypocrisy'],Atheism,AGAINST
[u'one', u'favorite', u'quotes', u'all-time', u'!', u'change', u'thoughts', u'change', u'world', u'~', u'norman', u'vincent', u'peale', u'positivity', u'!'],Atheism,NONE
[u'sane', u'person', u'advocates', u'positive', u'change', u'world', u'religion', u'easy', u'see', u'damage'],Atheism,FAVOR
[u'tried', u'bury', u'us', u'know', u'mexican', u'proverb', u'tolerance', u'coexistence', u'liberty', u'one', u'world'],Atheism,NONE
[u'rt', u'pray', u'though', u'everything', u'depended', u'god', u'work', u'though', u'everything', u'depended', u'love', u'grace'],Atheism,AGAINST
[u'son', u'god', u'became', u'man', u'might', u'become', u'god', u'~', u'athanasius'],Atheism,AGAINST
[u'god', u'gaps', u'evidence'],Atheism,FAVOR
[u'esteem', u'abandon', u'us', u'esteem', u'given', u'us', u'jesus', u'~', u'scott', u'sauls'],Atheism,AGAINST
[u'small', u'steps', u'eradicating', u'bigotry', u'remove', u'confederate', u'flags', u'healthcare', u'legalize', u'gay', u'marriage'],Atheism,NONE
[u'look', u'forward', u'birmingham', u'!', u'b', u'h', u'b', u'h'],Atheism,AGAINST
[u'took', u'troubles', u'lord', u'cried', u'answered', u'prayer', u'psalm'],Atheism,AGAINST
[u'every', u'time', u'arrive', u'home', u'n', u'constant', u'awe', u'much', u'god', u'loves', u'family', u'better', u'urs', u'love', u'life', u'blessed'],Atheism,AGAINST
[u'save', u'people', u'lord', u'bless', u'take', u'care', u'forever', u'psalm', u'gnt'],Atheism,AGAINST
[u'criticise', u'religions', u'?', u'path', u'pretentious', u'get', u'throne'],Atheism,AGAINST
[u'comes', u'scientific', u'discoveries', u'call', u'bullshit', u'texts', u'already', u'knew'],Atheism,FAVOR
[u'yeah', u'right', u'?', u'lol', u'wink', u'wink', u'nudge', u'nudge', u'greatest', u'part', u"god's", u'playing', u'along', u'!'],Atheism,FAVOR
[u'work', u'ending', u'domination', u'bell', u'hooks', u'2/2'],Atheism,AGAINST
[u'seek', u'whole', u'genuine', u'truth', u'listen', u'wisdom', u'speaks', u'catch', u'heart', u'beat', u'abide', u'well', u'reside'],Atheism,AGAINST
[u'6', u'holy', u'mary', u'mother', u'god', u'pray', u'us', u'sinners', u'now', u'hour', u'death', u'amen', u'god'],Atheism,AGAINST
[u'end', u'come', u'!', u'diversity'],Atheism,NONE
[u'greatest', u'act', u'faith', u'days', u'simply', u'get', u'face', u'another', u'day'],Atheism,AGAINST
[u'news', u'alert', u'heaven', u'effort', u'minimize', u'workload', u'god', u'decides', u'answer'],Atheism,AGAINST
[u'growing', u'watching', u'david', u'attenborough', u'part', u'reason', u'feel', u'way', u'planet', u'despising', u'religion'],Atheism,FAVOR
[u'believe', u'god', u'control', u'means', u'need', u'stressed', u'worried'],Atheism,AGAINST
[u'rt', u'let', u'scepter', u'kingdom', u'released', u'heb'],Atheism,AGAINST
[u'give', u'us', u'day', u'daily', u'bread', u'forgive', u'us', u'sins', u'forgive', u'sin', u'us', u'god'],Atheism,AGAINST
[u'one', u'kill', u'old', u'ones', u'newly', u'born', u'!', u'life', u'humanity'],Atheism,NONE
[u'even', u'death', u'truth', u'prevails', u'!', u'yet', u'sorrowful', u'reality'],Atheism,FAVOR
[u'take', u'hands', u'people', u'place', u'hands', u'god'],Atheism,AGAINST
[u'india', u'urges', u'wealthy', u'temples', u'bolster', u'economy'],Atheism,NONE
[u'plan', u'just', u'gotta', u'work', u'hard', u'seek', u'!'],Atheism,AGAINST
[u'strong', u'wise', u'full', u'knowledge', u'prov'],Atheism,AGAINST
[u'used', u'intrigued', u'gods', u'angels', u'nowadays', u'everybody', u'working', u'cloud', u'...'],Atheism,AGAINST
[u'struggling', u'identity', u'real', u'christians', u'need', u'look', u'christ', u'tweeters'],Atheism,AGAINST
[u'world', u'made', u'better', u'place', u'today', u'even', u'small', u'scale', u'small', u'step', u'forward'],Atheism,NONE
[u'will', u'allow', u'accuser', u'accuse', u'washed', u'cleansed', u'blood', u'lamb', u'rev', u';'],Atheism,AGAINST
[u'sinners', u'need', u'savior'],Atheism,AGAINST
[u'read', u'book', u'burning', u'bush', u'maybe', u'learn', u'something', u'love', u'wins'],Atheism,FAVOR
[u'will', u'dwell', u'peaceful', u'habitation', u'secure', u'dwellings', u'quiet', u'resting', u'places', u'isa'],Atheism,AGAINST
[u'dear', u'r', u'really', u'concerned', u'maha', u'govt', u'decision', u'go', u'court', u'let', u'decide'],Atheism,AGAINST
[u'thinks', u'scandalous', u'women', u'make', u'less', u'men', u'work', u'women', u'priests', u'catholic', u'vatican'],Atheism,NONE
[u'yeah', u'well', u'fan', u'gay', u'marriage', u'years', u'ago', u'just', u'see', u'goes', u'ok', u'?'],Atheism,NONE
[u'columbia', u'honraa', u'sri', u'sri', u'yet', u'country', u'bharat', u'value', u'contribution', u'cos'],Atheism,NONE
[u'worst', u'day', u'life', u'far', u'setting', u'nan', u'rest', u'even', u'physicist', u'times', u'like', u'make', u'wonder'],Atheism,NONE
[u'regularly', u'base', u'thoughts', u'superstitions', u'might', u'able', u'think', u'well'],Atheism,FAVOR
[u'good', u'luck', u't', u'n', u'g', u'g', u'w', u'g', u'g', u'f', u'y', u'h'],Atheism,NONE
[u'country', u'always', u'legal', u'acts', u"that've", u'illegal', u'according', u"god's", u'law', u'keep', u'eyes', u'service', u'real', u'judge', u'!'],Atheism,AGAINST
[u'take', u'water', u'life', u'freely', u'rev'],Atheism,AGAINST
[u'rt', u'...', u'kind', u'modesty', u'arrogant', u'christopher', u'hitchens', u'2/2', u'funny'],Atheism,NONE
[u'believe', u'god', u'worst', u'moments', u'god'],Atheism,AGAINST
[u'blessed', u'peacemakers', u'shall', u'called', u'children', u'god', u'matthew'],Atheism,AGAINST
[u'catholics', u'proud', u'4', u'god-fearing', u'bible', u'believing', u'justices', u'defended', u'faith', u'nation', u'c', u'o', u't', u'u'],Atheism,AGAINST
[u'bind', u'rebuke', u'demons', u'jihad', u'name', u'jesus'],Atheism,AGAINST
[u'football', u'game', u'religion', u'?', u'~', u'howard', u'cosell'],Atheism,NONE
[u'awarded', u'humanist', u'year', u'gala', u'dinner', u'even', u'signed', u'book', u'us', u'b', u'h'],Atheism,AGAINST
[u'ask', u'atheist', u'day', u'!', u'question', u'?'],Atheism,FAVOR
[u'know', u'redeemer', u'lives', u'end', u'will', u'stand', u'earth', u'god', u'christians', u'christianity'],Atheism,AGAINST
[u'god', u'invest', u'anointing', u'life', u'going', u'bless', u'g', u'o', u't', u'f', u't', u'h', u'y', u'y'],Atheism,AGAINST
