[u'john', u'watterson', u'attending', u'ippc', u'meeting', u'help', u'shape', u'future', u'international', u'greenhouse', u'gas', u'emission', u'estimation', u'methods'],Climate Change is a Real Concern,FAVOR
[u'stormiest', u'ireland', u'uk', u'years', u'saying', u'something'],Climate Change is a Real Concern,FAVOR
[u'thanks', u'marc', u'levine', u'ilike_', u'mike', u'supporting', u'legislation'],Climate Change is a Real Concern,NONE
[u'surprise', u'ideas', u'take', u'holistic', u'approach'],Climate Change is a Real Concern,NONE
[u'people', u'bar', u'bitching', u'heat', u'drought', u'one', u'utters', u'words', u'caused'],Climate Change is a Real Concern,FAVOR
[u'mission', u'climate', u'', u'home', u'>', u'reduce', u'reuse', u'recycle', u'replenish', u'restore', u'tip', u'earth', u'right', u'now'],Climate Change is a Real Concern,FAVOR
[u'just', u'republican', u'primary', u'debates', u'topic', u'wore', u'better', u'?', u'love', u'wins', u'marriage', u'equaility', u'obamacare'],Climate Change is a Real Concern,NONE
[u'honestly', u'understand', u'like', u'california', u'much', u'bad', u'heat'],Climate Change is a Real Concern,NONE
[u'go', u'dutch', u'new', u'meaning', u'citizens', u'take', u'governments', u'court', u'make', u'act', u'climate', u'promises', u'hague', u'hope', u'c', u'o'],Climate Change is a Real Concern,FAVOR
[u'wow', u'certainly', u'extreme', u'prognostication', u'!'],Climate Change is a Real Concern,NONE
[u'catholics', u'follow', u"god's", u'word', u"pope's", u'ramblings', u'?'],Climate Change is a Real Concern,NONE
[u'yes', u'silica', u'dust', u'emissions', u'little', u'done', u'state', u'level', u'effects'],Climate Change is a Real Concern,FAVOR
[u'rt', u'rt', u'climate', u'fact', u'india', u'may', u'stand', u'lose', u'%', u'annual', u'gdp', u'due'],Climate Change is a Real Concern,FAVOR
[u'vallaud-belkacem', u'generation', u'knew', u'happen', u'nothing', u'?', u'say', u'!', u'c', u'f', u'c', u'c'],Climate Change is a Real Concern,FAVOR
[u'wonderful', u'find', u'twitter', u'meet', u'canadian', u'working'],Climate Change is a Real Concern,NONE
[u'met', u'david', u'attenborough', u'change', u'seems', u'possible', u'attainable', u'listen', u'!', u'attenborobama'],Climate Change is a Real Concern,FAVOR
[u'want', u'guy', u'can', u'now', u'make', u'climate', u'change', u'denier', u'marriage', u'illegal', u'?', u'marriage', u'equaility', u'idea'],Climate Change is a Real Concern,FAVOR
[u'amazing', u'panel', u'prepare', u'protect', u'bay', u'area', u'region'],Climate Change is a Real Concern,FAVOR
[u'rt', u'varunkr', u'please_', u'save_', u'trees', u'survival', u'fight', u'saveourplanet'],Climate Change is a Real Concern,FAVOR
[u'please', u'let', u'win', u'loyal', u'readers', u'support'],Climate Change is a Real Concern,NONE
[u'pupils', u'p5', u'7', u'lincluden', u'primary', u'participating', u'carbon', u'busters', u'project', u'!', u'learning', u'for', u'sustainability'],Climate Change is a Real Concern,FAVOR
[u'well', u'dry', u'know', u'value', u'w', u't', u'r', u'ben', u'franklin', u'act', u'on', u'climate'],Climate Change is a Real Concern,FAVOR
[u'g', u'o', u'clown', u'car', u'shame', u'considers', u'hrc', u'emails', u'disconcerting'],Climate Change is a Real Concern,NONE
[u'congratulations', u'dutch', u'!', u'!', u'!', u'good', u'work', u'!', u'!', u'!', u'change'],Climate Change is a Real Concern,NONE
[u'bomb', u'anything', u'can', u'get', u'hands', u'especially', u'christian', u'g', u'o'],Climate Change is a Real Concern,NONE
[u'stop', u'saying', u'people', u'believe', u'climate', u'change', u'matter', u'faith', u'understand'],Climate Change is a Real Concern,FAVOR
[u'obamacare', u'doctors', u'warn', u'global', u'warmin', u'cud', u'make', u'patients', u'health', u'worse', u'obama', u'president', u'obama', u'white', u'house'],Climate Change is a Real Concern,FAVOR
[u'french', u'?', u'mean', u'nation', u'builds', u'tanks', u'rear', u'view', u'mirror', u'six', u'gears', u'reverse'],Climate Change is a Real Concern,NONE
[u'space', u'x', u'looking', u'like', u'major', u'litterbug', u'!', u'clean', u'debris', u'$', u'litter', u'hi-way', u'space', u'x'],Climate Change is a Real Concern,NONE
[u'working', u'artists', u'culture', u'key', u'weave', u'efforts'],Climate Change is a Real Concern,NONE
[u'ocean', u'acidification', u'important', u'scientific', u'crisis', u'face', u'today', u'donna', u'roberts', u'cambio', u'climatico'],Climate Change is a Real Concern,FAVOR
[u'redscarebot', u'simple', u'malarkey', u'rt', u'gingerdr', u'global', u'warming', u'climate', u'change', u'hoax', u'communist', u'agenda', u'control'],Climate Change is a Real Concern,AGAINST
[u'sind', u'rajasthan', u'temperature', u'incresng', u'frozen', u'areas', u'rain', u'shower', u'reduced', u'massive', u'climate', u'change'],Climate Change is a Real Concern,FAVOR
[u'macro', u'problems', u'face', u'us', u'people', u'focus', u'micro', u'problems', u'within', u'immediate', u'power', u'fix'],Climate Change is a Real Concern,FAVOR
[u'population', u'growth', u'problem', u'humans', u'treat', u'earth', u'like', u'shit'],Climate Change is a Real Concern,FAVOR
[u'eu', u'spending', u'billion', u'collected', u'environmental', u'tax', u'fossil', u'fuel', u'subsidies', u'almedalen'],Climate Change is a Real Concern,FAVOR
[u'proof'],Climate Change is a Real Concern,NONE
[u'v', u'v', u'biggest', u'story', u'world', u'podcast', u'stupidity', u'ignorance', u'!'],Climate Change is a Real Concern,NONE
[u'hmmm', u'next', u're', u'wonder', u'manner', u're', u'?', u'peace', u'democracy', u'goal', u'?'],Climate Change is a Real Concern,NONE
[u'lot', u'things', u'need', u'done', u'first', u'changing', u'mindset', u'water', u'management'],Climate Change is a Real Concern,FAVOR
[u'never', u'outrageously', u'grateful', u'slight', u'cool', u'breeze', u'drifting', u'body', u'future', u'?'],Climate Change is a Real Concern,FAVOR
[u'inland', u'cal', u'hot', u'humid', u'day', u'seems', u'summers', u'muggy', u'strange'],Climate Change is a Real Concern,FAVOR
[u'climate', u'change', u'financing', u'cc', u'adaptation', u'cc', u'resilience', u'green', u'economy.lots', u'semantics', u'communities', u'waitforsolutions'],Climate Change is a Real Concern,FAVOR
[u'ruling', u'major', u'setback', u'environment'],Climate Change is a Real Concern,FAVOR
[u'debunking', u'climate', u'myths', u'fight', u'sticky', u'myths', u'stickier', u'facts', u'mention', u'myth', u'explain', u'fallacy', u'!'],Climate Change is a Real Concern,FAVOR
[u'delivering', u'good', u'jobs', u'albertans', u'maintaining', u'stable', u'economy', u'meeting', u'climate', u'change', u'strategy', u'good', u'goals', u'g', u'h', u'g'],Climate Change is a Real Concern,FAVOR
[u'unfortunate', u'systematic', u'destruction', u'planet', u'merely', u'seen', u'political', u'issue'],Climate Change is a Real Concern,FAVOR
[u'building', u'renovations', u'turn', u'$', u'mm', u'$', u'1mmm', u'time'],Climate Change is a Real Concern,NONE
[u'rt', u'one', u'brilliant', u'bs', u'stories', u'created', u'man', u'subjugate', u'others', u'leftist', u'lies', u'is', u'b'],Climate Change is a Real Concern,NONE
[u'lawn', u'burnt', u'two', u'days', u'rain'],Climate Change is a Real Concern,NONE
[u'mission', u'climate', u'', u'home', u'>', u'wrap', u'water', u'heater', u'insulation', u'blanket', u'tip', u'act', u'on', u'climate'],Climate Change is a Real Concern,FAVOR
[u'see', u'environmental', u'deterioration', u'human', u'ethical', u'degradation', u'closely', u'linked', u'laudato', u'si'],Climate Change is a Real Concern,FAVOR
[u'anyone', u'else', u'agree', u'switch', u'concrete', u'?', u'new', u'snazzy', u'self-lit', u'roads', u'netherlands', u'!', u'electricity', u'saving', u'autobahn'],Climate Change is a Real Concern,FAVOR
[u'confession', u'state', u'world', u'getting', u'lately'],Climate Change is a Real Concern,NONE
[u'evening', u'thoughts', u'yet', u'?', u'get', u'easy', u're', u'hop', u'hop', u'regards', u'd', u'g', u'm'],Climate Change is a Real Concern,NONE
[u'dutch', u'court', u'ruled', u'gov', u'must', u'cut', u'emissions', u'human', u'rights', u'law', u'!', u'interesting'],Climate Change is a Real Concern,FAVOR
[u'thank', u'followers', u'helping', u'us', u'raise', u'awareness', u'human', u'rights', u'o', u'europe'],Climate Change is a Real Concern,NONE
[u'afterwards', u'can', u'call', u'advise', u'needs', u'act'],Climate Change is a Real Concern,NONE
[u'fossil', u'fuel', u'divestment', u'necessarily', u'stop', u'climate', u'change', u'step', u'right', u'direction'],Climate Change is a Real Concern,FAVOR
[u'great', u'hear', u'remind', u'us', u'needed', u'best'],Climate Change is a Real Concern,NONE
[u'clean', u'technology', u'moment'],Climate Change is a Real Concern,FAVOR
[u'qt', u'much', u'patience', u'anyone', u'denies', u'challenge', u'real', u'1/2'],Climate Change is a Real Concern,NONE
[u'wish', u'everyone', u'pale', u'season', u'the', u'bachelorette'],Climate Change is a Real Concern,NONE
[u'sa', u'played', u'instrumental', u'role', u'rallying', u'basic', u'countries', u'strengthen', u'south-south', u'cooperation', u'matters', u'around'],Climate Change is a Real Concern,NONE
[u'usa', u'behind', u'...', u'due', u'idiocy'],Climate Change is a Real Concern,NONE
[u'australia', u'leading', u'way', u'backwards', u'marriage', u'equaility'],Climate Change is a Real Concern,NONE
[u'ton', u'lightning', u'every', u'day', u'past', u'week', u'!'],Climate Change is a Real Concern,NONE
[u'excellent', u'speech', u'!', u'well', u'done', u'showed', u'ur', u'video', u'birdie', u'ready', u'part', u'change'],Climate Change is a Real Concern,NONE
[u'care', u'globe', u'warming', u'just', u'want', u'stop', u'irreparable', u'harm'],Climate Change is a Real Concern,FAVOR
[u'can', u'literally', u'sense', u'global', u'warming', u'now'],Climate Change is a Real Concern,FAVOR
[u'sea', u'level', u'rise', u'end', u'century', u'1-2', u'meters', u'will', u'drown', u'sf', u'airport', u'la', u'port', u'with', u'compassion'],Climate Change is a Real Concern,FAVOR
[u'rt', u'easyprintitja', u'rt', u'firstkingtre', u'freak', u'kingston', u'jamaica', u'..', u'sudden'],Climate Change is a Real Concern,NONE
[u'without', u'place', u'feeding', u'mating', u'giving', u'birth', u'future', u'polar', u'bears', u':('],Climate Change is a Real Concern,FAVOR
[u'captain', u'planet', u'movie', u'?', u'?', u'?', u'rt', u'u', u'want', u'one'],Climate Change is a Real Concern,NONE
[u'last', u'tree', u'cut', u'last', u'fish', u'eaten', u'last', u'stream', u'poisoned', u'will', u'realize', u'eat', u'money'],Climate Change is a Real Concern,FAVOR
[u'psychic', u'2', u'huh'],Climate Change is a Real Concern,NONE
[u'worry', u'state', u'going', u'leave', u'australia', u'n', u'b', u'n', u'fraudband'],Climate Change is a Real Concern,NONE
[u'hot', u'af', u'normal', u'!', u'f'],Climate Change is a Real Concern,FAVOR
[u'maybe', u'just', u'misused', u'resources', u'societies', u'collapsed'],Climate Change is a Real Concern,FAVOR
[u'good', u'luck', u'flight8', u'will', u'!', u'act', u'on', u'climate'],Climate Change is a Real Concern,FAVOR
[u'world', u'emitted', u'co2', u'water', u'vapour', u'built', u'atmosphere', u'caused', u'lord', u'send', u'flood', u'retribution'],Climate Change is a Real Concern,FAVOR
[u'see', u'pick', u'rwy', u'follow', u'andr', u'sign', u'...', u'way', u'round', u'!'],Climate Change is a Real Concern,NONE
[u'general', u'rule', u'mandatory', u'things', u'kinds', u'refused'],Climate Change is a Real Concern,NONE
[u'ballot', u'paper', u'posted', u'vote', u'leader', u'liberal', u'voice', u'will', u'heard', u'human', u'rights', u'act', u'affordable', u'housing'],Climate Change is a Real Concern,NONE
[u'rt', u'wonderful', u'exchange', u'two', u"world's", u'greatest', u'men', u'!', u'really', u'touching'],Climate Change is a Real Concern,NONE
[u'last', u'thursday', u'lake', u'mead', u'largest', u'u', u'reservoir', u'lowest', u'water', u'level', u'reported', u'since', u'history', u'in', u'the', u'making'],Climate Change is a Real Concern,FAVOR
[u'take', u'down', u'the', u'flag', u'love', u'wins', u'represent', u'tectonic', u'cultural', u'shifts', u'thanks', u'small', u'part', u'2', u'twitter', u'facebook', u'imagine', u'4'],Climate Change is a Real Concern,NONE
[u'need', u'integrated', u'knowledge', u'understand', u'adapt', u'c', u'f', u'c', u'c'],Climate Change is a Real Concern,FAVOR
[u'plenty', u'followers'],Climate Change is a Real Concern,FAVOR
[u'carbon', u'clock', u'ticking', u'surplus', u'gas'],Climate Change is a Real Concern,FAVOR
[u'think', u'found', u'something', u'dangerous', u'america'],Climate Change is a Real Concern,NONE
[u'last', u'time', u'checked', u'al', u'gore', u'politician', u'scientist', u'..', u'w', u'c'],Climate Change is a Real Concern,AGAINST
[u'best', u'call', u'still', u'will', u'always', u'matt', u'cleveland', u'kirstie', u'allie', u'val', u'kilmer'],Climate Change is a Real Concern,NONE
[u"greenland's", u'ice', u'melting', u'faster', u'summer', u'dome', u'high', u'pressure'],Climate Change is a Real Concern,FAVOR
[u'congress', u':d', u'utch', u'way', u'reducing', u'greenhouse', u'gasses', u'agriculture', u'excellent', u'example', u'combat'],Climate Change is a Real Concern,FAVOR
[u'like', u'learning', u'depth', u'nutrition', u'health', u'disease', u'health'],Climate Change is a Real Concern,NONE
[u'attenborough', u'real', u'problem', u'global', u'just', u'us'],Climate Change is a Real Concern,FAVOR
[u'robertredford', u'pope', u'say', u'time', u'now', u'greennh', u'3', u'ready', u'roll', u'want', u'machines', u'holdup', u'?'],Climate Change is a Real Concern,FAVOR
[u'2/2', u'words', u'sent', u'climateconference'],Climate Change is a Real Concern,FAVOR
[u'report', u'says', u'need', u'ambitious', u'programme', u'like', u'marshall', u'plan', u'apollo', u'mission', u'tackle', u'climate', u'change'],Climate Change is a Real Concern,FAVOR
[u'blowing', u'ac', u'top', u'middle', u'night', u'oregon', u'..'],Climate Change is a Real Concern,FAVOR
[u'mission', u'climate', u'', u'home', u'>', u'simplify', u'tip', u'do', u'your', u'part'],Climate Change is a Real Concern,FAVOR
[u'love', u'pope', u'care', u'religion', u'guy', u'awesome'],Climate Change is a Real Concern,NONE
[u'christian', u'...', u'without', u'beaches', u'god', u'going', u'make', u'sand', u'people', u'?', u'rising', u'sea', u'level'],Climate Change is a Real Concern,FAVOR
[u'time', u'change', u'government', u'!', u'c'],Climate Change is a Real Concern,FAVOR
[u'everywhere', u'look', u'moderate', u'weather', u'seems', u'going', u'extinct', u'u', u'n'],Climate Change is a Real Concern,FAVOR
[u'hotter', u'oregon', u'california', u'right', u'now'],Climate Change is a Real Concern,FAVOR
[u'unless'],Climate Change is a Real Concern,NONE
[u'climate', u'change', u'people', u'disgusting', u'assholes', u'money', u'transfer', u'scheme', u'elite', u'may', u'rot'],Climate Change is a Real Concern,AGAINST
[u'karachi', u'heat', u'wave', u'death', u'toll', u'climbs', u'deaths', u'5', u'days'],Climate Change is a Real Concern,FAVOR
[u'days', u'years', u'ago', u'simply', u'walked', u'away', u'know', u'regards', u'dion', u'democracy', u'!', u'goal', u'?', u'?'],Climate Change is a Real Concern,NONE
[u'bc', u'continues', u'burn', u"ain't", u'wake', u'call', u'everyone', u'nothing', u'will', u'vancouver'],Climate Change is a Real Concern,FAVOR
[u'northwest', u'heat', u'wave', u'continues', u'first', u'time', u'ever', u'tomato', u'plants', u'fruit', u'june', u'!', u'oregon', u'organic'],Climate Change is a Real Concern,FAVOR
[u'burnin', u'baby', u'u', u'?'],Climate Change is a Real Concern,NONE
[u'well-designed', u'tax', u'policies', u'can', u'help', u'fix', u'number', u'environmental', u'issues', u't', u'dconf', u'c', u'o'],Climate Change is a Real Concern,FAVOR
[u'great', u'barrier', u'reef', u'look', u'compared', u'dived', u'years', u'ago', u'?', u'attenborough'],Climate Change is a Real Concern,FAVOR
[u'mission', u'climate', u'', u'home', u'>', u'purchase', u'green', u'power', u'available', u'tip'],Climate Change is a Real Concern,FAVOR
[u'1/2', u'poisoning', u'biosphere', u'dealt', u'free', u'market', u'economics', u';', u'tax', u'wall', u'street', u'environment', u'g', u'm', u'o'],Climate Change is a Real Concern,FAVOR
[u'tolerance', u'...', u'wonder', u'much', u'mother', u'earth', u'levels', u're'],Climate Change is a Real Concern,FAVOR
[u'images', u'like', u'make', u'fearful', u'next', u'epidemic', u'must', u'coming', u'soon'],Climate Change is a Real Concern,NONE
[u'today', u'kingdom', u'bahrain', u'participates', u'high-level', u'event', u'climate', u'change', u'u', u'n'],Climate Change is a Real Concern,FAVOR
[u'say', u'climate', u'change', u'myth', u'may', u'want', u'become', u'fantasy', u'author', u'since', u'already', u'live', u'alternate', u'reality'],Climate Change is a Real Concern,FAVOR
[u'feeling', u'like', u'c', u'o', u't', u'u', u'got', u'right', u'right', u'right', u'...', u'wrong', u'sigh', u'climatedenial'],Climate Change is a Real Concern,FAVOR
[u'support', u"australia's", u'climate', u'roundtable', u'providing', u'framework', u'sensible', u'debate', u'ahead', u'paris'],Climate Change is a Real Concern,FAVOR
[u'putin', u'chap', u'must', u'extremely', u'stuck', u'2', u'old', u'now', u'just', u'!', u'regards', u'd'],Climate Change is a Real Concern,NONE
[u'breaking', u'just', u'ocean', u'wave', u'just', u'broke', u'inch', u'beach', u'normal', u'!'],Climate Change is a Real Concern,AGAINST
[u'u', u'coal', u'dead', u'al', u'gore', u'cannes', u'lions'],Climate Change is a Real Concern,NONE
[u'like', u'felt', u'voiceless', u'listen', u'fighting', u'human', u'rights', u'act', u'affordable', u'housing'],Climate Change is a Real Concern,NONE
[u'minister', u'importance', u'n', u'd', u'cs', u'build', u'momentum', u'paris', u'press', u'conference', u'u', u'n'],Climate Change is a Real Concern,NONE
[u'ok', u'yeah', u'bad', u'...', u'vancouver', u'literally', u'never', u'used', u'get', u'hot'],Climate Change is a Real Concern,FAVOR
[u'never', u'better', u'time', u'get', u'heck', u'california'],Climate Change is a Real Concern,NONE
[u'top-down', u'approach', u'solution', u'global', u'governments', u'must', u'act', u'together', u'global', u'community'],Climate Change is a Real Concern,FAVOR
[u'm', u'n', u'twins', u'game', u'going', u'really', u'fast', u'tonight', u'proof'],Climate Change is a Real Concern,NONE
[u'one', u'insane', u'delusional', u'quotes', u'ever', u'seen'],Climate Change is a Real Concern,NONE
[u'pope', u'upset', u'?', u'via', u'unzipped', u'truth', u'pope', u'francis'],Climate Change is a Real Concern,NONE
[u'change', u'=', u'benefit', u'4', u'n'],Climate Change is a Real Concern,FAVOR
[u'planet', u'live', u'one', u'got', u'got', u'protect', u'obama', u'attenborough'],Climate Change is a Real Concern,FAVOR
[u'reading', u'whale', u'supercomputer', u'northern', u'front', u'climate', u'change', u'charles', u'wohlforth'],Climate Change is a Real Concern,FAVOR
[u'news', u'flash', u'haters', u'!', u'!', u'earth', u'round', u'!', u'love', u'wins', u'c', u'o', u't', u'u'],Climate Change is a Real Concern,NONE
[u'ppl', u'think', u'paul', u'spoke', u'god', u'denouncing', u'gays', u'also', u'think', u'current', u'pope', u'speak', u'god'],Climate Change is a Real Concern,NONE
[u'disappointed', u'basing', u'decisions', u'real', u'planet', u'man', u'made', u'currency', u'system', u'c', u'o', u't', u'u'],Climate Change is a Real Concern,FAVOR
[u'can', u'use', u'$', u'jet', u'fuel', u'earth', u'day', u'trip', u'florida', u'?', u'yes', u'can', u'!', u'!', u'!', u'mao', u'f'],Climate Change is a Real Concern,NONE
[u'can', u'young', u'people', u'climate', u'change', u'?'],Climate Change is a Real Concern,FAVOR
[u'shit', u'set', u'supreme', u'court', u'evil', u'?'],Climate Change is a Real Concern,NONE
[u'stress', u'resources', u'threatens', u'lives', u'livelihoods'],Climate Change is a Real Concern,FAVOR
[u'great', u'news', u'arrest', u'regulatory', u"agency's", u'flagrant', u'reach', u'pathetic', u'little', u'knows'],Climate Change is a Real Concern,FAVOR
[u'barack', u'obama', u'meets', u'david', u'attenborough', u'ready', u'wait', u'!', u"year's", u'old', u'always', u'form'],Climate Change is a Real Concern,NONE
[u'rt', u'rate', u'utilisation', u'exceeds', u'rate', u'regeneration', u'calls', u'd', u'g', u'r', u'd', u't', u'o', u'n'],Climate Change is a Real Concern,NONE
[u'nights', u'like', u'fond', u'long', u'hair', u'just', u'wanna', u'chop', u'!'],Climate Change is a Real Concern,NONE
[u'%', u'reduction', u'joke', u'?', u'govt', u'seems', u'concerned', u'flag', u'change'],Climate Change is a Real Concern,NONE
[u'just', u'got', u'canvassed', u'!', u'hope', u'join', u'supporting', u'summer', u'!'],Climate Change is a Real Concern,FAVOR
[u'2c', u'increase', u'expecting', u'%', u'species', u'risk', u'rosina', u'bierbaum', u'cambio', u'climtico'],Climate Change is a Real Concern,FAVOR
[u'engaged', u'mom', u'means', u'voting', u'4', u'climate', u'2', u'supporting', u'candidates', u'plan', u'2', u'act'],Climate Change is a Real Concern,FAVOR
[u'super', u'converter', u'fishing', u'boat', u'w', u'use', u'fossil', u'fuel', u'looking', u'funding', u'scheme'],Climate Change is a Real Concern,FAVOR
[u'mission', u'climate', u'road', u'>', u'give', u'car', u'break', u'tip'],Climate Change is a Real Concern,FAVOR
[u'awkward', u'moment', u'pro-coal', u'pr', u'campaign', u'followers', u'do:'],Climate Change is a Real Concern,FAVOR
[u'c', u'o', u't', u'u', u'need', u'force', u'cut', u'pollutants', u'asap', u'!', u'o', u't', u'u', u'justices'],Climate Change is a Real Concern,FAVOR
[u'u', u'know', u'th', u'c', u'o', u't', u'u', u'2', u'decide', u'coal', u'plants', u'can', u'keep', u'emitting', u'unlimited', u'mercury', u'2', u'r', u'atmosphere', u'?', u'o', u't', u'u', u'gop', u'justices'],Climate Change is a Real Concern,FAVOR
[u'look', u'hashtag', u'u', u'climate', u'news', u'today', u'uk', u'reducing', u'emissions', u'adapting'],Climate Change is a Real Concern,FAVOR
[u'wearing', u'sweaters', u'summer'],Climate Change is a Real Concern,FAVOR
[u'appropriate', u'watch', u'futurama', u'episode', u'crimes', u'hot', u'hottest', u'weekend', u'far', u'summer'],Climate Change is a Real Concern,NONE
[u'good', u'news', u'c', u'o', u't', u'u', u'confirmed', u'u', u'n', u'zero', u'authority', u'u', u'property', u'enforcement', u'cares', u'elites', u'say', u'!', u'c', u'o'],Climate Change is a Real Concern,NONE
[u'rt', u'people', u'dead', u'pakistan', u'due', u'heatwave'],Climate Change is a Real Concern,FAVOR
[u'thank', u'getting', u'yesterday', u'highlighting', u'one', u'important', u'issues', u'facing'],Climate Change is a Real Concern,FAVOR
[u'rt', u'timelines', u'short', u'strategy', u'must', u'place', u'climate', u'change', u'conference', u'paris', u'december'],Climate Change is a Real Concern,FAVOR
[u'mission', u'climate', u'road', u'>', u'drive', u'less', u'tip', u'impact', u'is', u'real'],Climate Change is a Real Concern,FAVOR
[u'pathto', u'positive', u"region's", u'green', u'leaders', u'united', u'find', u'local', u'solutions', u'city', u'hall'],Climate Change is a Real Concern,FAVOR
[u'stake', u'survival', u'next', u'generation', u'indigenous', u'people', u'youth', u'u', u'n', u'g', u'action', u'c', u'o'],Climate Change is a Real Concern,FAVOR
[u'states', u'media', u'needs', u'promote', u'damage', u'climate', u'change', u'bout', u'bolt', u'?', u'foreign', u'correspondent'],Climate Change is a Real Concern,FAVOR
[u'tonight', u'academy', u'science', u'talk', u'tech', u'solutions', u'climate', u'change', u'prof', u'barry', u'brook', u'canberra'],Climate Change is a Real Concern,FAVOR
[u'islamists', u'kill', u'france', u'tunisia', u'syria', u'remember', u'greatest', u'threat', u'formerly', u'known'],Climate Change is a Real Concern,NONE
[u'cops', u'un', u'conferences', u'board', u'room', u'meetings', u'till', u'shall', u'continue', u'innocent', u'lives', u'livelihoods', u'lost'],Climate Change is a Real Concern,NONE
[u'pope', u'swear', u'tempt', u'wayward', u'ass', u'back', u'church'],Climate Change is a Real Concern,NONE
[u'time', u'will', u'prove', u'right'],Climate Change is a Real Concern,FAVOR
[u'amazing', u'interview', u'david', u'attenborough'],Climate Change is a Real Concern,NONE
[u'f', u'f', u'work', u'energy', u'future'],Climate Change is a Real Concern,FAVOR
[u'u', u'hold', u'referendum', u'prior', u'paris', u'talks', u'gauge', u'american', u'support', u'dealing', u'hopefully', u'leading'],Climate Change is a Real Concern,NONE
[u'snow', u'melting', u'?', u't', u'c', u'o', u't'],Climate Change is a Real Concern,NONE
[u'perfect', u'among', u'us', u'?', u';-)'],Climate Change is a Real Concern,NONE
[u'[', u'man', u']', u'change', u'climate', u'country', u';', u'adds', u'new', u'element', u'soil', u'~', u'charles', u'darwin'],Climate Change is a Real Concern,AGAINST
[u'anything', u'will', u'sad', u'generation', u'opportunity', u'act', u'c', u'f', u'c', u'c', u'journey'],Climate Change is a Real Concern,FAVOR
[u'yo', u'live', u'united', u'states', u'right', u'now', u'believe', u'global', u'climate', u'change', u'fucking', u'idiot'],Climate Change is a Real Concern,FAVOR
[u'america', u'changing', u'faster', u'like', u'speed', u'light', u'confederate', u'take', u'down', u'love', u'wins'],Climate Change is a Real Concern,NONE
[u'tsgtalexander', u'glblwarmingnews', u'tooth', u'fairy', u'might', u'causing', u'kids', u'lose', u'teeth', u'!', u'chemtrails'],Climate Change is a Real Concern,AGAINST
[u'real', u'question', u'feel', u'safe', u'driving', u'prius', u'harrison', u'?'],Climate Change is a Real Concern,NONE
[u'weather', u'patterns', u'evolving', u'differently', u'last', u'years', u'..'],Climate Change is a Real Concern,FAVOR
[u'one', u'day', u'will', u'clear', u'someone', u'changed', u'opinion', u'due', u'2', u'one', u'tweets', u'holding', u'breath'],Climate Change is a Real Concern,NONE
[u'climate', u'change', u'solvable', u'problem', u'need', u'start', u'today', u'h', u'h', u'd'],Climate Change is a Real Concern,FAVOR
[u'climate', u'science', u'forum', u'begins', u'today', u'follow', u'progress', u'c', u'f', u'c', u'c', u'sustainable', u'development'],Climate Change is a Real Concern,FAVOR
[u'led', u'lights', u'water', u'saving', u'toilets', u'showerheads', u'appliances', u'etc', u'renovate', u'choose', u'efficient', u'change', u'for', u'climate'],Climate Change is a Real Concern,FAVOR
[u'cant', u'deny', u'really', u'happening'],Climate Change is a Real Concern,FAVOR
[u'ozone', u'science', u'ignored', u'dad', u'dire', u'straits', u'right', u'now', u'thank', u'us', u'?'],Climate Change is a Real Concern,FAVOR
[u'mainau', u'declaration', u'...', u'lets', u'push', u'agenga', u'worldwide', u'without', u'fear'],Climate Change is a Real Concern,FAVOR
[u'around', u'new', u'homes', u'built', u'every', u'year', u'england', u'areas', u'high', u'risk', u'adding', u'risk', u'u', u'climate'],Climate Change is a Real Concern,FAVOR
[u'road', u'paris', u'adp', u'co-chairs', u'new', u'tool', u'will', u'presented', u'july', u'th', u'event'],Climate Change is a Real Concern,NONE
[u'everyone', u'busy', u'building', u'bank', u'accounts', u'one', u'day', u'paper', u'help', u'massive', u'natural', u'calamities'],Climate Change is a Real Concern,FAVOR
[u'degrees', u'trying', u'sleep', u'industrial', u'fan--sounds', u'like', u'choppers', u'circling', u'house', u'heat', u'wave'],Climate Change is a Real Concern,FAVOR
[u'coldest', u'wettest', u'summer', u'memory'],Climate Change is a Real Concern,FAVOR
[u'default', u'scientific', u'position', u'skepticism'],Climate Change is a Real Concern,NONE
[u'chances', u'kyoto', u'c', u'c', u'?'],Climate Change is a Real Concern,NONE
[u'scorching', u'summers', u'uk', u'end', u'century', u'!', u'thank', u'rocks', u'suffer', u'!', u':-)'],Climate Change is a Real Concern,FAVOR
[u'loud', u'ass', u'thunder', u'three', u'seconds', u'rain'],Climate Change is a Real Concern,FAVOR
[u'china', u'plans', u'work', u'things', u'today', u'rude', u'u', u'china'],Climate Change is a Real Concern,NONE
[u'saving', u'my', u'tomorrow', u'guys', u'promoting', u'like', u'crazy', u'?', u'?', u'?', u'h', u'b', u'o'],Climate Change is a Real Concern,NONE
[u'suggests', u'schools', u'politicians', u'educate', u'critical', u'issues', u'with', u'compassion', u'h', u'h', u'd'],Climate Change is a Real Concern,NONE
[u'repent', u'emission', u'co2', u'will', u'end', u'hell'],Climate Change is a Real Concern,FAVOR
[u'transpregnancy', u'major', u'reason', u'scientists', u'find', u'cure'],Climate Change is a Real Concern,NONE
[u'lot', u'damage', u'done', u'every', u'day', u'going', u'win', u'cannes', u'lions'],Climate Change is a Real Concern,FAVOR
[u'noted', u'climatologist', u'marine', u'biologist', u'oceanographer', u'ted', u'danson', u'told', u'us', u'yrs', u'ago', u'oceans', u'dead', u'yrs'],Climate Change is a Real Concern,AGAINST
[u'hell', u'feel', u'fiery', u'tips', u'insidious', u'flames', u'swiftly', u'sauntering', u'room', u'maybe', u'ac'],Climate Change is a Real Concern,NONE
[u'great', u'meeting', u'today', u'discuss', u'future', u'cities', u'uk', u'expertise', u'can', u'shared', u'applied', u'china'],Climate Change is a Real Concern,NONE
[u'facts', u'clear', u'numbered', u'days', u'climate', u'change', u"humanity's", u'fault', u'facing', u'extinction'],Climate Change is a Real Concern,FAVOR
[u'natural', u'world', u'part', u'inheritance', u'protect', u'b', u'b', u'c', u'earth'],Climate Change is a Real Concern,FAVOR
[u'ominous', u'yellow', u'vancouver', u'skies', u'making', u'anyone', u'else', u'dread', u'climate', u'future', u'?'],Climate Change is a Real Concern,FAVOR
[u'breeze', u'can', u'catch', u'lakefront', u'will', u'die', u'heat', u'stroke', u'well', u'?'],Climate Change is a Real Concern,FAVOR
[u'pittsburgh', u'regatta', u'without', u'boats', u'river', u'full', u'debris', u'swift', u'currents', u'dangerous'],Climate Change is a Real Concern,NONE
[u'wearing', u'sweater', u'end', u'june', u'!'],Climate Change is a Real Concern,FAVOR
[u'higher', u'sea', u'levels', u'temperature', u'glacial', u'retreat', u'warmer', u'oceans', u'extreme', u'weather', u'events', u'plenty', u'evidence'],Climate Change is a Real Concern,FAVOR
[u'great', u'challenge', u'4', u'2search', u'synergetic', u'efforts', u'w', u'fellows', u'get', u'engaged'],Climate Change is a Real Concern,NONE
[u'obama', u'attenborough', u'brilliant', u'heart', u'felt', u'honest', u'discussion', u'oz'],Climate Change is a Real Concern,FAVOR
[u'technology', u'sign', u'far', u'come', u'!', u'sign', u'far', u'go', u'!', u'methodology'],Climate Change is a Real Concern,NONE
[u'global', u'warming', u'!', u'global', u'warming', u'!', u'global', u'warming', u'!', u'oh', u'wait', u'summer'],Climate Change is a Real Concern,AGAINST
[u'dinosaurs', u'asteroid'],Climate Change is a Real Concern,FAVOR
[u'co2', u'become', u'dangerous', u'pollutant', u'must', u'curtailed', u'?', u'exhale', u'?', u'iwantanswers'],Climate Change is a Real Concern,AGAINST
[u'monsignor', u'sanchez', u'sorondo', u'earth', u'sick', u'need', u'heal'],Climate Change is a Real Concern,FAVOR
[u'expected', u'new', u"zealand's", u'so-called', u'leaders', u'show', u'leadership', u'instead', u'show', u'weak-minded', u'ignorance', u'laggardship'],Climate Change is a Real Concern,NONE
[u'thanks', u'follow', u'check', u'ccl', u'solutions'],Climate Change is a Real Concern,FAVOR
[u'act', u'will', u'generation', u'knew', u'move', u'c', u'f', u'c', u'c'],Climate Change is a Real Concern,FAVOR
[u'rain', u'next', u'5', u'days', u'driest', u'june', u'santiago', u'de', u'chile', u'morden', u'history'],Climate Change is a Real Concern,FAVOR
[u'wrong', u're', u'c', u'creport', u'involved', u'say', u'regards', u'dion'],Climate Change is a Real Concern,NONE
[u'act', u'another', u'planet', u'live', u'c', u'o'],Climate Change is a Real Concern,FAVOR
[u'climate', u'change', u'emergency', u'stop', u'denial', u'start', u'taking', u'steps'],Climate Change is a Real Concern,FAVOR
[u'hey', u'please', u'reject', u'adani', u'carmichael', u'mine', u'abbot', u'point', u'reef', u'climate', u'risk', u'!', u'g', u'b', u'r'],Climate Change is a Real Concern,FAVOR
[u'rosalind', u'peterson', u'addressing', u'un', u'aerosol', u'spraying', u'chemtrails', u'affecting', u'agriculture', u'not', u'debate', u'geoengineering'],Climate Change is a Real Concern,FAVOR
[u'tony', u'abbott', u'hope', u'watching', u'president', u'obama', u'talking'],Climate Change is a Real Concern,NONE
[u'yet', u'another', u'way', u'day', u're', u'online', u'know', u'!', u'regards', u'dion', u'future'],Climate Change is a Real Concern,NONE
[u'smart', u'donald'],Climate Change is a Real Concern,NONE
[u'onan', u'cast', u'co2', u'atmosphere', u'committed', u'sin', u'emission'],Climate Change is a Real Concern,FAVOR
[u'dr', u'david', u'legates', u'university', u'delaware', u'explain', u'...', u'higher', u'temperatures', u'lead', u'higher', u'levels', u'co2'],Climate Change is a Real Concern,FAVOR
[u'world', u'futures', u'council', u'man', u'points', u'absurdity', u'cost', u'benefit', u'analysis', u'discounting', u'future', u'lives'],Climate Change is a Real Concern,FAVOR
[u'heat', u'killing', u'wanna', u'know', u'poor', u'polar', u'bears', u'going', u'right', u'now'],Climate Change is a Real Concern,FAVOR
[u'b', u'm', u'm', u'b', u'prtner', u'explains', u'work', u'c', u'c'],Climate Change is a Real Concern,NONE
[u'taking', u'stand', u'preserve', u'traditional', u'sea', u'levels'],Climate Change is a Real Concern,FAVOR
[u'questions', u'report', u'?', u'tweet', u'chat', u'happening', u'now', u'!', u'climate', u'health'],Climate Change is a Real Concern,FAVOR
[u'great', u'week', u'social', u'issues', u'c', u'o', u't', u'u', u'now', u'get', u'work'],Climate Change is a Real Concern,FAVOR
[u'high', u'emissions', u'scenario', u'disaster', u'marine', u'life', u'well', u'dr', u'williamson'],Climate Change is a Real Concern,FAVOR
[u'c', u'o', u'can', u'succeed', u'fail', u'humankind', u'wants', u'survive', u'something', u'must', u'done', u'nature', u'humans', u'simple'],Climate Change is a Real Concern,FAVOR
[u'really', u'stand', u'catholic', u'church', u'think', u'crush', u'pope', u'francis', u'!', u'shhhh', u'tell', u'!', u'animal', u'rights'],Climate Change is a Real Concern,NONE
[u'proud', u'?', u'shoal', u'lake', u'fort', u'chip', u'vanuatu', u'bala', u'falls'],Climate Change is a Real Concern,NONE
[u'crazy', u'oklahoma', u'bracing', u'flooding', u'rains', u'4th', u'cycle', u'year', u'canada', u'burning'],Climate Change is a Real Concern,FAVOR
[u'millennials', u'come', u'apocalypticals', u'thanks', u'breeders'],Climate Change is a Real Concern,NONE
[u'unfortunate', u'usa', u'refuses', u'take', u'seriously', u'damage', u'responsible', u'save', u'the', u'earth'],Climate Change is a Real Concern,FAVOR
[u'thinking', u'turning', u'central', u'heating', u':)'],Climate Change is a Real Concern,NONE
[u'growing', u'vegetables', u'home', u'tell', u'friends', u'followers', u'climate', u'!', u'change', u'for', u'climate'],Climate Change is a Real Concern,FAVOR
[u'un', u'decline', u'%', u'crop', u'yields', u'developing', u'countries', u'rice', u'wheat', u'corn', u'next', u'years', u'especially', u'tropics'],Climate Change is a Real Concern,FAVOR
[u'big', u'deca', u'yeah', u'happy', u'smackoff', u'eichel', u'day', u'val', u'kilmer', u'bust'],Climate Change is a Real Concern,NONE
[u'gutted', u'missed', u'loved', u'hear', u'talk', u'africa', u'represented'],Climate Change is a Real Concern,NONE
[u'says', u'wants', u'carbon', u'fund', u'spent', u'public', u'transportation', u'renewable', u'energy'],Climate Change is a Real Concern,FAVOR
[u'government', u'trusts', u'listen', u'narrative', u'never', u'enough', u'let', u'see', u'proof', u'...'],Climate Change is a Real Concern,NONE
[u'well', u'!', u'think', u'people', u'karachi', u'r', u'dying', u'?', u'care', u'environment', u'!'],Climate Change is a Real Concern,FAVOR
[u'denial', u'just', u'river', u'egypt', u'strategy'],Climate Change is a Real Concern,NONE
[u'can', u'build', u'f', u't', u'r', u'now', u'degrees', u'summer', u'my', u'c', u'sucks'],Climate Change is a Real Concern,FAVOR
[u'let', u'guess', u'lying', u'rabid', u'leftist', u'warmist', u'used', u'twisting', u'facts', u'agenda'],Climate Change is a Real Concern,NONE
[u'oh', u'watching', u're', u'greece', u'currently', u'[', u']', u're', u'!', u"re's", u'd', u'g', u'm', u'democracy', u'goal', u'?', u'?', u'?'],Climate Change is a Real Concern,NONE
[u'worry', u'sediment', u'cores', u'prove', u'shellfish', u'coral', u'will', u'recover', u'just', u'years'],Climate Change is a Real Concern,FAVOR
[u'national', u'announces', u'plan', u'put', u'fire', u'pantry', u'rest', u'house', u'can', u'burn', u'baby', u'burn'],Climate Change is a Real Concern,NONE
[u'went', u'run', u'now', u'feel', u'legs', u'brain', u'feels', u'like', u'boiling'],Climate Change is a Real Concern,NONE
[u'meets', u't', u'v', u'n', u'z', u'one', u'interview', u'life', u'effects'],Climate Change is a Real Concern,NONE
[u'mission', u'climate', u'', u'home', u'>', u'buy', u'drinking', u'water', u'soda', u'big', u'bottles', u'...', u'tip'],Climate Change is a Real Concern,FAVOR
[u'president', u'tong', u'tells', u'story', u'vulnerability', u'resilience', u'kiribati', u'maldives', u'low-lying', u'states', u'sids', u'action'],Climate Change is a Real Concern,NONE
[u'equity', u'needs', u'says', u'fabius', u'u', u'n', u'g'],Climate Change is a Real Concern,NONE
[u'netherlands', u'just', u'taught', u'rest', u'world', u'important', u'lesson'],Climate Change is a Real Concern,NONE
[u'artic', u'ice', u'highest', u'years', u'month', u'june', u'..', u'yet', u'headlines', u'..'],Climate Change is a Real Concern,AGAINST
[u'religion', u'race', u'already', u'disproven', u'reason', u'science', u'wonder', u'can', u'politics'],Climate Change is a Real Concern,NONE
[u'eyes', u'china', u'reports', u'plan', u'building', u'agreement', u'us', u're', u'expected', u'soon'],Climate Change is a Real Concern,FAVOR
[u'engineering', u'innovation', u'future', u'green', u'tech', u'deal'],Climate Change is a Real Concern,FAVOR
[u'c', u'vote', u'j', u't', u'd', u'engiegroup', u'n', u'g', u'9', u'new', u'c', u'o', u'solutions', u'>'],Climate Change is a Real Concern,NONE
[u'suspect', u'may', u'well', u'just', u'prefer', u'stick', u'erm', u'principles', u'one'],Climate Change is a Real Concern,NONE
[u'bet', u'species', u'man', u'farts', u'today', u'due', u'soda', u'carbonated', u'beverages', u'fast', u'food', u'recorded', u'era'],Climate Change is a Real Concern,NONE
[u'every', u'human', u'commits', u'original', u'sin', u'first', u'outbreath', u'co2', u'mankind', u'fallen'],Climate Change is a Real Concern,FAVOR
[u'sure', u'eco-friendly', u'pope', u'will', u'remember', u'turn-off-the-lights', u'way', u'last', u'pope', u'pope', u'for', u'planet'],Climate Change is a Real Concern,FAVOR
[u'republican', u'party', u'will', u'go', u'history', u'books', u'party', u'stood', u'way', u'initiative', u'reverse'],Climate Change is a Real Concern,NONE
[u'rt', u'need', u'degrowth', u'stop', u'destroying', u'planet', u'bp'],Climate Change is a Real Concern,FAVOR
[u'sick', u'celebrities', u'think', u'well', u'known', u'actor', u'makes', u'authority', u'anything', u'else', u'u', u'n'],Climate Change is a Real Concern,AGAINST
[u'f', u'f', u'work', u'energy', u'future'],Climate Change is a Real Concern,FAVOR
[u'tornado', u'warnings', u'uk', u'weekend', u'government', u'still', u'chooses', u'ignore', u'global', u'warming'],Climate Change is a Real Concern,FAVOR
[u'sad', u'last', u'generation', u'change', u'nothing', u'auspol'],Climate Change is a Real Concern,FAVOR
[u'need', u'world', u'economic', u'powers', u'true', u'climate', u'change', u'funding', u'world', u'needs', u'action', u'empty', u'rhetorics'],Climate Change is a Real Concern,FAVOR
[u'kudos', u'young', u'people', u'!', u'next', u'generation', u'activists', u'!', u'only', u'one', u'earth'],Climate Change is a Real Concern,FAVOR
[u'gonna', u'side', u'really', u'smart', u'well', u'educated', u'folks', u'one', u'guys'],Climate Change is a Real Concern,NONE
[u'always', u'said', u'democrats', u'tax', u'weather'],Climate Change is a Real Concern,NONE
[u'5-6', u'inches', u'rain', u'day', u'next', u'day', u'rain', u'temperature', u'reaches', u'c', u'ahmedabad'],Climate Change is a Real Concern,FAVOR
[u'priority', u'address'],Climate Change is a Real Concern,NONE
[u'just', u'happy', u'telling', u'wise', u're'],Climate Change is a Real Concern,NONE
[u'wait', u'watch', u'attenborough', u'met', u'obama', u'fascinating', u'!', u'hero'],Climate Change is a Real Concern,NONE
[u'talks', u'rainforests', u'?', u'1/6', u'world', u'russia', u'less', u'important', u'!', u'doctor', u'carbon', u'advocate', u'!'],Climate Change is a Real Concern,FAVOR
[u'way', u'behind', u'everybody', u'just', u'everything'],Climate Change is a Real Concern,NONE
[u'green', u'climate', u'fund', u'projects', u'must', u'long-lasting', u'lay', u'groundwork', u'low-carbon', u'development', u'economic', u'models'],Climate Change is a Real Concern,FAVOR
[u'un', u'crew', u'now', u':)'],Climate Change is a Real Concern,NONE
[u'u', u'think', u'g', u'o', u'positions', u'marriage', u'equality', u'equal', u'pay', u'guns', u'marijuana', u'surprise', u'believe'],Climate Change is a Real Concern,NONE
[u'mission', u'climate', u'', u'home', u'>', u'wash', u'laundry', u'cold', u'water', u'tip', u'do', u'your', u'part'],Climate Change is a Real Concern,FAVOR
[u'something', u'...', u'question', u'will', u'says'],Climate Change is a Real Concern,FAVOR
[u'amount', u'hot', u'takes', u'coming', u'love', u'wins', u'single', u'significant', u'cause', u'thanks', u'obama'],Climate Change is a Real Concern,NONE
[u'working', u'elect', u'climate-friendly', u'governments', u'across', u'north', u'america', u'feel', u'the', u'bern', u'n', u'd', u'c', u'g', u'c', u'b', u'q', u'h', u'r', u'r', u'c', u'c'],Climate Change is a Real Concern,FAVOR
[u'rent', u'theatre', u'show', u'movie', u'chasing', u'ice', u'friends', u'family', u'spread', u'message', u'global', u'warming', u'my'],Climate Change is a Real Concern,FAVOR
[u'human', u'mind', u'incapable', u'dealing', u'experience'],Climate Change is a Real Concern,NONE
[u'mainau', u'declaration', u'watch', u'guys', u'..', u'huge', u'!', u'!', u'lindau', u'nobel'],Climate Change is a Real Concern,NONE
[u'water', u'temperature', u'atlantic', u'coast', u'june', u'like', u'proverbial', u'frogs', u'boiling', u'water'],Climate Change is a Real Concern,FAVOR
[u'point', u'rename', u'summer', u'rainy', u'season', u'?', u'cdnpoli'],Climate Change is a Real Concern,FAVOR
[u'people', u'say', u'intellect', u'makes', u'great', u'scientist', u'wrong', u'character', u'~', u'albert', u'einstein'],Climate Change is a Real Concern,NONE
[u'enjoying', u'watching', u'sir', u'david', u'attenborough', u'obama', u'talk', u'climate', u'change', u'mitigation', u'love', u'nature'],Climate Change is a Real Concern,FAVOR
[u'sunny', u'rainy', u'bipolar', u'weather', u'wow', u'real', u'quick', u'ma', u'nigga'],Climate Change is a Real Concern,NONE
[u'two', u'sides', u'discussion'],Climate Change is a Real Concern,NONE
[u'debate', u'goes', u'yet', u'time', u'wasted'],Climate Change is a Real Concern,NONE
[u'srsly', u'weirds', u'wear', u'morning', u'getting', u'9am', u'?'],Climate Change is a Real Concern,FAVOR
[u'guessing', u'lot', u'less', u'humidity', u'back', u'time', u'moses'],Climate Change is a Real Concern,FAVOR
[u'exciting', u'!', u'meaningful', u'climate', u'change', u'action', u'way', u'!', u'g', u'h', u'g'],Climate Change is a Real Concern,FAVOR
[u'can', u'defeat', u'isis', u'first', u'must', u'defeat'],Climate Change is a Real Concern,NONE
[u'warm', u'soon', u'want', u'money', u'back', u'panels', u'misselling', u'minutes', u'drtker'],Climate Change is a Real Concern,NONE
[u'installing', u'new', u'forest', u'fire', u'navigation', u'systems', u'?', u'no', u'kinder', u'morgan', u'no', u'tar', u'sands'],Climate Change is a Real Concern,NONE
[u'seriously', u'many', u'times', u'can', u'republicans', u'wrong', u'?', u'c', u'g', u'b', u't', u'rights', u'government', u'shutdown', u'auto', u'bailout', u'stimulus', u'spending'],Climate Change is a Real Concern,NONE
[u'thx', u'fun', u'home', u'county', u'will', u'back', u'later', u'summer', u'4'],Climate Change is a Real Concern,NONE
[u'brettgarrot', u'brettgarrot', u'glblwarmingnews', u'tooth', u'fairy', u'might', u'causing', u'kids', u'lose', u'teeth', u'!', u'chemtrails'],Climate Change is a Real Concern,AGAINST
[u'politics', u'religion', u'race', u';', u'busy', u'killing', u'hurting', u'earth', u'dries', u'will', u'die', u'anyway'],Climate Change is a Real Concern,FAVOR
[u'cause', u'effect', u'dry', u'conditions', u'wildfires', u'preventable', u'human', u'caused'],Climate Change is a Real Concern,FAVOR
[u'mission', u'climate', u'', u'home', u'>', u'pass', u'magazines', u'friend', u'hospital', u'library', u'nursing', u'home', u'tip'],Climate Change is a Real Concern,FAVOR
[u'glblwarmingnews', u'tooth', u'fairy', u'might', u'causing', u'kids', u'lose', u'teeth', u'!', u'chemtrails'],Climate Change is a Real Concern,AGAINST
[u'degrees', u'celcius', u'mendoza', u'argentina', u'beginning', u'winter'],Climate Change is a Real Concern,FAVOR
[u'mission', u'climate', u'', u'home', u'>', u'defrost', u'old', u'fridges', u'freezers', u'regularly', u'tip', u'love', u'our', u'planet'],Climate Change is a Real Concern,FAVOR
[u'hit', u'nail', u'head', u'hopefully', u'edge', u'paradigm', u'shift'],Climate Change is a Real Concern,NONE
[u'ther', u'clmate', u'change', u'alarmists', u'come', u'sept', u'year', u'tell', u'hottest', u'winter', u'record', u'ill', u'go', u'postal'],Climate Change is a Real Concern,AGAINST
[u'dogs', u'beat', u'music', u'!'],Climate Change is a Real Concern,NONE
[u'raining', u'im', u'sure', u'wi', u'suddenly', u'get', u'warm', u'right'],Climate Change is a Real Concern,FAVOR
[u'eating', u'cow', u'9x', u'worse', u'eating', u'chicken', u'terms', u'co2', u'emissions'],Climate Change is a Real Concern,FAVOR
[u'say', u'touch-wood', u'say', u'tomorrow', u'will', u'back', u'way', u'!', u'?', u'!', u'!', u"re's", u'd', u'really', u'gone', u'democracy'],Climate Change is a Real Concern,NONE
[u'simply', u'rain', u'houston', u'anymore', u'storms'],Climate Change is a Real Concern,FAVOR
[u'yet', u'james', u'inhofe', u'tells', u'us', u'global', u'warming', u'real'],Climate Change is a Real Concern,FAVOR
[u'people', u'r', u'guilt', u'free'],Climate Change is a Real Concern,NONE
[u'last', u'thing', u'australia', u'world', u'needs', u'2', u'vast', u'earth', u'destroying', u'mines', u'!', u'get', u'real', u'fight'],Climate Change is a Real Concern,FAVOR
[u'ask', u'robert', u'redford', u'beyond', u'national', u'level', u'can', u'done', u'individual', u'level', u'mitigate', u'effects'],Climate Change is a Real Concern,FAVOR
[u'second', u'heatwave', u'hits', u'na', u'nw', u'popping', u'everywhere', u'floods', u'record', u'wildfires', u'canada', u'mess', u'time', u'!'],Climate Change is a Real Concern,FAVOR
[u'good', u'grief', u'!', u'can', u'feel', u'desperation', u'seeping', u'page', u'good', u'got', u'em', u'ropes'],Climate Change is a Real Concern,NONE
[u'worry', u'real', u'enemy', u'obama'],Climate Change is a Real Concern,NONE
[u'nothing', u'done'],Climate Change is a Real Concern,NONE
[u'bought', u'media', u'=', u'advertising', u'earned', u'media', u'=', u'real', u'causes', u'cruelty', u'free'],Climate Change is a Real Concern,FAVOR
[u'use', u'glacier', u'equator'],Climate Change is a Real Concern,FAVOR
[u'sea', u'levels', u'get', u'higher', u'flooding', u'lowlands', u'become', u'dire'],Climate Change is a Real Concern,FAVOR
[u'remaining', u'doubts', u'climate', u'change', u'go', u'watch', u'netflix', u'proceed', u'shitting', u'pants'],Climate Change is a Real Concern,FAVOR
[u'still', u'boasting', u'international', u'stage', u'removing', u'price', u'carbon', u'refers', u'toxic', u'tax'],Climate Change is a Real Concern,NONE
[u'will', u'destroyed', u'vile', u'creatures', u'ever', u'creators'],Climate Change is a Real Concern,NONE
[u'feel', u'!', u'bin', u'one', u'upload', u'newer', u'mix', u'days', u'see', u'version', u'like', u'better', u"re's", u'd'],Climate Change is a Real Concern,NONE
[u'new', u'pahiatua', u'plant', u'going', u'primarily', u'coalfired', u'?', u'large', u'companies', u'like', u'taking', u'lead'],Climate Change is a Real Concern,FAVOR
[u'dallas', u'still', u'hit', u'year'],Climate Change is a Real Concern,NONE
[u'first', u'listen', u'conviction', u'next', u'action', u'dali', u'lama', u'glasto'],Climate Change is a Real Concern,NONE
[u'btw', u'seem', u'though', u'^', u've', u'losing', u'fight'],Climate Change is a Real Concern,NONE
[u'1', u'dip', u'deeper', u'waters', u're', u'regards', u'dion', u'democracy', u'!', u'goal', u'?', u'future', u'?', u'?', u'?'],Climate Change is a Real Concern,NONE
[u'negative', u'times', u'negative', u'equals', u'positive', u'...', u'wonder', u'applies', u'emotions', u'?', u'?', u'?'],Climate Change is a Real Concern,NONE
[u'newyork', u'london', u'frankfurt', u'knee', u'deep', u'sea', u'nothing', u'will', u'happen', u'f', u'r', u'parties'],Climate Change is a Real Concern,FAVOR
[u'sir', u'david', u'attenborough', u'dissgussing', u'planet', u'future', u'room', u'get', u'better'],Climate Change is a Real Concern,FAVOR
[u'annapurna', u'vancheswaran', u'says', u'took', u'2', u'years', u'cut', u'speak', u'indian'],Climate Change is a Real Concern,NONE
[u'items', u'need', u'come', u'back'],Climate Change is a Real Concern,NONE
[u'need', u'work', u'confidence', u'transparence', u'guided', u'consensus', u'event'],Climate Change is a Real Concern,NONE
[u'drought', u'effects', u'spreading', u'western', u'noram', u'bc', u"gov't", u'will', u'destroy', u'prime', u'farmland', u'enable', u'n', u'g', u'site', u'c'],Climate Change is a Real Concern,FAVOR
[u'yea', u'yea', u'yea', u'yea', u'smackoff', u'val', u'kilmer', u'seeing', u'wonder', u'bum', u'smack'],Climate Change is a Real Concern,NONE
[u'mission', u'climate', u'', u'home', u'>', u'move', u'thermostat', u'2c', u'winter', u'2c', u'summer', u'tip', u'do', u'your', u'part'],Climate Change is a Real Concern,FAVOR
[u'funny', u'sudden', u'refer', u'weatherman', u'now'],Climate Change is a Real Concern,FAVOR
[u'scary', u'stat', u'day', u'7', u'%', u'area', u'urban', u'greenspace', u'england', u'lost', u'since'],Climate Change is a Real Concern,FAVOR
[u'climate', u'change', u'?', u'!', u'explain', u'definition', u'climate', u'change', u'..', u'c', u'c', u'o', u't', u'cruz', u'crew'],Climate Change is a Real Concern,AGAINST
[u'dear', u'please', u'stay', u'exactly', u'right', u'now'],Climate Change is a Real Concern,NONE
[u'david', u'attenborough', u'interviewed', u'president', u'obama', u'brilliant', u'fascinating', u'viewing', u'foreign', u'correspondent', u'b', u'c'],Climate Change is a Real Concern,NONE
[u'changing', u'planet', u'4', u'places', u'climate', u'change', u'taking', u'toll'],Climate Change is a Real Concern,FAVOR
[u'just', u'read', u"scalia's", u'idiotic', u'opinion', u'overturning', u"epa's", u'carbon', u'emissions', u'limits', u'planning', u'spend', u'day', u'seething', u'rage'],Climate Change is a Real Concern,FAVOR
[u'today', u'june', u'th', u'degrees', u'wtf'],Climate Change is a Real Concern,FAVOR
[u'watching', u'work', u'like', u'watching', u'train', u'wreck', u'democracy', u'goal', u'?', u'future'],Climate Change is a Real Concern,NONE
[u'canada', u'alone', u'needs', u'2', u'invest', u'$', u'billion', u'year', u'paid', u'efficiency'],Climate Change is a Real Concern,FAVOR
[u'need', u'separate', u'natural', u'disasters', u'man', u'made', u'disasters', u'emphasise', u'polluter', u'pays', u'need', u'loss', u'damage', u'tuvalu', u'm'],Climate Change is a Real Concern,FAVOR
[u'pfft', u'...', u'getting', u'next', u'week'],Climate Change is a Real Concern,NONE
[u'glad', u'millions', u'lives', u'improved', u'week', u'now', u'set', u'sights', u'helping', u'millions', u'immigration', u'action'],Climate Change is a Real Concern,NONE
[u'mindblowing', u'watch', u'sir', u'david', u'attenborough'],Climate Change is a Real Concern,NONE
[u'audio', u'world', u'look', u'!', u'new', u'sheriff', u'town'],Climate Change is a Real Concern,NONE
[u'try', u'create', u'world', u'want', u'live', u'with', u'compassion'],Climate Change is a Real Concern,NONE
[u'pope', u'francis', u'really', u'makin', u'rounds', u'pope', u'francis'],Climate Change is a Real Concern,NONE
[u'ga', u'aiw', u'support', u'strong', u'compass', u'global', u'climate', u'agreement', u'passed'],Climate Change is a Real Concern,FAVOR
[u'mission', u'climate', u'', u'home', u'>', u'opt', u'reusable', u'bags', u'instead', u'plastic', u'bags', u'tip', u'act', u'on', u'climate'],Climate Change is a Real Concern,FAVOR
[u'regards', u'dion', u'clearly', u'outta', u'gone'],Climate Change is a Real Concern,FAVOR
[u'think', u'5k', u'got', u'gripping', u'romey', u'smack', u'off'],Climate Change is a Real Concern,NONE
[u'considering', u'moving', u'yo', u'antarctica', u'thats', u'way', u'possibly', u'become'],Climate Change is a Real Concern,NONE
[u'observations', u'atmosphere', u'oceans', u'reflect', u'human', u'influence', u'climate', u'change', u'via', u'dr', u'dimitra', u'founda'],Climate Change is a Real Concern,FAVOR
[u'mainau', u'declaration', u'years', u'later', u'..', u'lino', u'laureates', u'young', u'scientists', u'say', u'time', u'act'],Climate Change is a Real Concern,FAVOR
[u'says', u'children', u'women', u'elderly', u'people', u'especially', u'risk', u'health', u'impacts', u'climate', u'reporting'],Climate Change is a Real Concern,FAVOR
[u'co2', u'impact', u'warming', u'logarithmic', u'current', u'levels', u'ppm', u'incremental', u'impact', u'negligible', u'?', u'n', u'd'],Climate Change is a Real Concern,FAVOR
[u'brilliant', u'talk', u'dali', u'lama', u'key', u'action', u'glasto'],Climate Change is a Real Concern,NONE
[u'rt', u'looks', u'like', u'great', u'event', u'green', u'way', u'forward', u'!'],Climate Change is a Real Concern,FAVOR
[u'australia', u'...', u'turn', u'watch', u'obama', u'attenborough'],Climate Change is a Real Concern,NONE
[u'oh', u'lord', u'!', u'hot', u'humid', u'days', u'now', u'can', u'u', u'stop', u'cutting', u'trees', u'cut', u'ur', u'emissions', u'world', u'?', u'?', u'?', u'savethe', u'world'],Climate Change is a Real Concern,FAVOR
