[u'pussy', u'riot', u'punk', u'prayer', u'highly', u'suggest', u'watch', u'amazing', u'documentary'],Feminist Movement,FAVOR
[u'u', u'can', u'w', u'o', u'bein', u'bitch', u'u', u'can', u'also', u'embrace', u'ur', u'sexuality', u'w', u'o', u'loose', u'morals', u'empower', u'all', u'bodies'],Feminist Movement,FAVOR
[u'live', u'world', u'either', u'bitch', u'doormat'],Feminist Movement,FAVOR
[u'well', u'maybe', u'men', u'learned', u'take', u'answer', u'women', u'say', u'much'],Feminist Movement,FAVOR
[u'nicefeminists', u'passive', u'onlookers', u'man-hate', u'excuse', u'?', u'prevent', u'hate', u'movement', u'!'],Feminist Movement,AGAINST
[u'getting', u'haircut', u'b', u'c', u'job', u'interview', u'male', u'shoulder', u'length', u'hair', u'unprofessional'],Feminist Movement,AGAINST
[u'hes', u'lyin', u'u', u'maam', u'u', u'can', u'see', u'thru', u'transparent', u'asshat', u'just', u'call', u'moron', u'u', u'u', u'wanna'],Feminist Movement,AGAINST
[u'charlotte', u'church', u'interviewing', u'pussy', u'riot', u'glasto'],Feminist Movement,NONE
[u'dear', u'god', u'fat'],Feminist Movement,NONE
[u'job', u'always', u'go', u'best', u'candidate', u'regardless', u'gender', u'gender', u'even', u'matter', u'anymore', u'!', u'paul', u'henry'],Feminist Movement,FAVOR
[u'wonder', u'happen', u'riots', u'started', u'breaking', u'across', u'globe', u'poorly', u'women', u'treated', u'men'],Feminist Movement,FAVOR
[u'need', u'feminism', u'man', u'room', u'full', u'women', u'ecstatic', u'woman', u'room', u'full', u'men', u'terrified'],Feminist Movement,FAVOR
[u'child', u'recycle', u'socks', u'festering', u'laundry', u'heap', u'feminist', u'mother', u'says', u'slave', u'!'],Feminist Movement,AGAINST
[u'we', u'need', u'feminism', u'yes', u'all', u'women', u'simply', u'get', u'level', u'respect', u'get', u'man', u'he', u'for', u'she'],Feminist Movement,FAVOR
[u'free', u'woman', u'unfree', u'even', u'shackles', u'different', u'audre', u'lorde'],Feminist Movement,FAVOR
[u'thing', u'ugly', u'god', u'damn', u'opinions', u'idiotic', u'people', u'started', u'tag'],Feminist Movement,NONE
[u'pass', u'judgements', u'offer', u'advice', u'issues', u'like', u'hijab', u'belong', u'subaltern', u'cultures'],Feminist Movement,NONE
[u'feminists', u'want', u'humans', u'male', u'female', u'equal', u'political', u'economic', u'social', u'rights', u'equality'],Feminist Movement,FAVOR
[u'insulting', u'thinking', u'can', u'make', u'switch', u'like', u'written', u'us', u'us'],Feminist Movement,NONE
[u'bloke', u'know', u'asked', u'offer', u'congrats', u'clever', u';', u'still', u'seems', u'stunned', u'girls'],Feminist Movement,AGAINST
[u'women', u'stem', u'imaginary', u'motivation', u'low', u'conversion', u'numbers', u'waste', u'money', u'natural', u'quitters', u'gamer', u'gate'],Feminist Movement,AGAINST
[u'femaskanks', u'gender', u'studies', u'degree', u'valuable', u't', u'm', u'degree', u'...'],Feminist Movement,AGAINST
[u'creationist', u'ok', u'clearly', u'know', u'word', u'god', u'!', u'feminist', u'ok', u'clearly', u'know', u'feminism', u'!'],Feminist Movement,AGAINST
[u'take', u'personally', u'people', u'call', u'dog', u'toni', u'girls', u'name'],Feminist Movement,FAVOR
[u'call', u'male-volent', u'reason'],Feminist Movement,FAVOR
[u'women', u'going', u'equal', u'outside', u'home', u'men', u'equal', u'gloria', u'steinem'],Feminist Movement,FAVOR
[u'yes', u'greater', u'understanding', u"ur's", u'superior', u'2', u'mine', u'lol', u'dont', u'need', u'feminism'],Feminist Movement,AGAINST
[u'spanish', u'civil', u'war', u'publishing', u'cookbooks', u'author', u'gender', u'points', u"women's", u'lack', u'access', u'education', u'ind', u'wealth'],Feminist Movement,AGAINST
[u'time', u'gender', u'equality', u'now', u'!'],Feminist Movement,FAVOR
[u'people', u'male', u'female', u'females', u'always', u'upset', u'told', u'achieve', u'boy', u'man', u'can'],Feminist Movement,FAVOR
[u'another', u'character', u'trait', u'convenience'],Feminist Movement,AGAINST
[u'selective', u'listening', u'trait', u'convenience'],Feminist Movement,AGAINST
[u'oh', u'irony', u'radfem', u'accusing', u'others', u'low', u'self-esteem', u'gamer', u'gate'],Feminist Movement,AGAINST
[u'dear', u'lying', u'feminist', u'journalists', u'candy', u'crush', u'saga', u'hard', u'core', u'gaming', u'masturbation', u'marriage', u'gamer', u'gate'],Feminist Movement,AGAINST
[u'brace', u'onslaught', u'anytime', u'walk', u'man', u'street'],Feminist Movement,FAVOR
[u'hate', u'feminism', u'give', u'reason', u'he', u'for', u'she'],Feminist Movement,AGAINST
[u'task', u'1.present', u'feminist', u'fact', u'infanticides', u'perpetrated', u'mother', u'2.she', u'will', u'blame', u'male'],Feminist Movement,AGAINST
[u'feminists', u'honest', u'careful', u'say', u'3rd', u'world', u'women', u'suffer', u'will', u'say', u'rapist', u'gamer', u'gate'],Feminist Movement,AGAINST
[u'course', u'ugly', u'feminists', u'hate', u'sexy', u'porn', u'stars', u'rhinos', u'hate', u'fact', u'will', u'never', u'unicorn', u'gamer', u'gate'],Feminist Movement,AGAINST
[u'want', u'equality', u'overpowering', u'men'],Feminist Movement,AGAINST
[u'how', u'to', u'keep', u'your', u'girl', u'happy', u'treat', u'like', u'partner', u'like', u'superior'],Feminist Movement,AGAINST
[u'men', u'suck', u'women', u'suck', u'everybody', u'sucks'],Feminist Movement,AGAINST
[u'anyone', u'find', u'funny', u'feminists', u'use', u'takeit', u'like', u'man', u'want', u'understand', u'means', u'one', u'?'],Feminist Movement,AGAINST
[u'people', u'support', u'abortion', u'bad', u'parents', u'practice', u'right', u'yes', u'all', u'women', u'unite', u'blue'],Feminist Movement,AGAINST
[u'teach', u'young', u'rubbernormative', u'messages', u'use', u'condoms', u'rawdogging', u'somehow', u'wrong'],Feminist Movement,NONE
[u'even', u'though', u'know', u'gender', u'superior', u'=)'],Feminist Movement,FAVOR
[u'omfg', u'...', u'definition', u'first', u'world', u'problems', u'fuck', u'feminism'],Feminist Movement,AGAINST
[u'just', u'matildas', u'get', u'paid', u'less', u'male', u'counterparts', u'...', u"women's", u'sports', u'fact', u'women'],Feminist Movement,FAVOR
[u'shhhh', u'!', u'see', u'bragging', u'?', u'even', u'feminists', u'right', u'bitches', u'...', u'gamer', u'gate'],Feminist Movement,FAVOR
[u'saying', u'girls', u'sensitive', u'gender', u'roles', u'?', u'sexist', u'swine'],Feminist Movement,FAVOR
[u'called', u'history', u'herstory', u'?', u'!'],Feminist Movement,FAVOR
[u'feminists', u'honest', u'want', u'learn', u'skills', u'want', u'others', u'work', u'name', u'gamer', u'gate'],Feminist Movement,AGAINST
[u'anti', u'feminism', u'good', u'person', u'everybody'],Feminist Movement,AGAINST
[u'excited', u'hear', u'author', u'slut-shaming', u'age', u'ofthe', u'internet'],Feminist Movement,FAVOR
[u'good', u'thing', u'youre', u'pretty', u'fuck', u'im', u'tryna', u'slay', u'!', u'!'],Feminist Movement,AGAINST
[u'umrao', u'jaan', u'ada', u'story', u'just', u'life', u'prostitute', u'poise', u'poesy', u'w', u'o', u'm', u'n', u'o', u'w', u'r'],Feminist Movement,FAVOR
[u'disgusted', u'see', u'selling', u'dvds', u'fifty', u'shades', u'grey', u'chillingham', u'road', u'branch'],Feminist Movement,NONE
[u'runs', u'high', u'heels'],Feminist Movement,AGAINST
[u'need', u'life', u'sin', u'girlfriend'],Feminist Movement,NONE
[u'dear', u'feminists', u'evidence', u'closeted', u'hate', u'refusal', u'address', u'man-hate', u'feminism', u'gamer', u'gate'],Feminist Movement,AGAINST
[u'sexism', u'power', u'plus', u'prejudice', u'?', u'anita', u'sexist', u'definition', u'new', u'title', u'time', u'anitasarkeesian'],Feminist Movement,AGAINST
[u'grr', u'!', u'subject', u'allowed', u'joked', u'!', u'typical', u'feminist', u'regarding', u'every', u'topic', u'humor', u'spank', u'feminist'],Feminist Movement,AGAINST
[u'not', u'feminist', u'b', u'c', u'human', u'rights', u'humans', u'just', u'half'],Feminist Movement,AGAINST
[u'dont', u'need', u'white', u'privillaged', u'men', u'coming', u'telling', u'beliefs', u'fashion', u'unacceptable', u'feminist'],Feminist Movement,FAVOR
[u'contemplate', u'getting', u'fired', u'feminists', u'will', u'get', u'fired', u'gamer', u'gate'],Feminist Movement,AGAINST
[u'_anavgjoe_', u'rt', u'ruth_blane', u'bansalsatnam', u'rt', u'ruth_blane', u'reversedowry', u'rt', u'ruth_blane', u'manojmane', u'take', u'!', u'!', u'feminazi'],Feminist Movement,AGAINST
[u'equality', u'term', u'used', u'feminists', u'poorly', u'hide', u'supremacist', u'agendas'],Feminist Movement,AGAINST
[u'...', u'slow', u'car', u'yell', u'wait', u'bus', u'!', u'!', u'!', u'w', u'h', u't', u't', u'h', u'c', u't', u'u', u'f', u'u', u'c'],Feminist Movement,AGAINST
[u'pissed', u'got', u'talked'],Feminist Movement,FAVOR
[u'actually', u'tag', u'made', u'feminists', u'can', u'narcissistically', u'post', u'selfies', u'prove', u'ugly'],Feminist Movement,AGAINST
[u'rule', u'attention', u'always', u'get', u'wanted', u'unwanted', u'feminists', u'hypocrites', u'want', u'one', u'gamer', u'gate'],Feminist Movement,AGAINST
[u'wow', u'beautiful', u'even', u'make', u'free', u'!'],Feminist Movement,FAVOR
[u'wage', u'equality', u'means', u'individuals', u'equal', u'responsibilities', u'training', u'proficiency', u'deserve', u'equal', u'pay', u'women', u'rights'],Feminist Movement,AGAINST
[u'australia', u'even', u'fucking', u'minister', u'women', u'fucks', u'sake', u'!', u'isawful'],Feminist Movement,AGAINST
[u'claim', u'feminist', u'either', u'understand', u'feminism', u'huge', u'societal', u'problem'],Feminist Movement,FAVOR
[u'paul', u'elam', u'one', u'hated', u'men', u'alive', u'right', u'now', u'!', u'?'],Feminist Movement,FAVOR
[u'vote', u'woman', u'wasted', u'vote'],Feminist Movement,AGAINST
[u'one', u'time', u'said', u'girls', u'like', u'called', u'sluts', u'guy', u'said', u'speak', u'everyone'],Feminist Movement,FAVOR
[u'oh', u'come', u'now', u'!', u'know', u'mean', u'*', u'like', u'*', u'advantageous', u'!'],Feminist Movement,AGAINST
[u'girls', u'wear', u'swim', u'suit'],Feminist Movement,AGAINST
[u'doesnt', u'take', u'miracle', u'takes', u'signature', u'kind', u'people', u'know', u'kill', u'innocent', u'women', u'mary', u'jane', u'lives'],Feminist Movement,FAVOR
[u'literally', u'point', u'male', u'gaze', u'bs', u'fake', u'nerd', u'girls'],Feminist Movement,AGAINST
[u'!', u'?', u'women', u'take', u'pictures', u'naked', u'sexy', u'lingerie', u'text', u'?', u'fucking', u'patriarchy', u'!', u'tweet', u'like', u'feminist', u'j', u'w', u'logic'],Feminist Movement,AGAINST
[u'meredith', u'giving', u'don', u'crap', u'great', u'holy', u'crap', u'peggy', u'spoilers', u'damn', u'great', u'scene', u'peggy', u'mad', u'men'],Feminist Movement,NONE
[u'want', u'empower', u'women', u'need', u'disempower', u'warlords', u'!', u'zahara', u'langhi', u'libya', u'w', u'f'],Feminist Movement,FAVOR
[u'honoured', u'followed', u'truly', u'inspirational', u'founder'],Feminist Movement,NONE
[u'men', u'accused', u'rape', u'immediately', u'castrated', u'questions', u'asked', u'rape', u'culture', u'he', u'for', u'she'],Feminist Movement,FAVOR
[u'sehri', u'time', u'seems', u'turning', u'get', u'dad', u'woke', u'ramadan'],Feminist Movement,NONE
[u'fuck', u'women', u'even', u'?', u'mean', u'seriously', u'just', u'useless', u'sex', u'feminist'],Feminist Movement,AGAINST
[u'worry', u'feminists', u'press', u'good', u'press', u'will', u'ordering', u'products', u'soon'],Feminist Movement,AGAINST
[u'guy', u'just', u'called', u'gentleman', u'holding', u'door', u'open', u'corrected', u'said', u'sorry', u'gentlewoman', u'!'],Feminist Movement,FAVOR
[u'listen', u'well', u'ready', u'tell', u'need', u'deny'],Feminist Movement,NONE
[u'marital', u'rape', u'law', u'misused', u'dont', u'give', u'scope', u'men', u'prove', u'innocence.even', u'honest', u'men', u'can', u'trapped', u'slaughtered'],Feminist Movement,AGAINST
[u'compared', u'playing', u'dolls', u'violent', u'disposition', u'two', u'different', u'things', u'gamer', u'gate'],Feminist Movement,NONE
[u'using', u'women', u'sex', u'objects', u'sell', u'sexist', u'hate', u'movement', u'yes'],Feminist Movement,AGAINST
[u'f', u'u', u'r', u'h', u't', u'protip', u'maybe', u'familiarize', u'recent', u'trending', u'topics', u'...', u'meninist', u'black', u'lives', u'matter', u'baltimore', u'riots'],Feminist Movement,NONE
[u'ashamed', u'fellow', u'man', u'making', u'pigs', u'every', u'given', u'opportunity'],Feminist Movement,AGAINST
[u'stupid', u'feminists', u'civilization', u'take', u'granted', u'built', u'labour', u'blood', u'sweat', u'tears', u'men'],Feminist Movement,AGAINST
[u'reading', u'being', u'female', u'tweets', u'realized', u'fortunate', u'able', u'rent', u'live', u'apartment', u'alone'],Feminist Movement,AGAINST
[u'shut', u'go', u'back', u'kitchen', u'bitch'],Feminist Movement,AGAINST
[u'goldstein', u'san', u'francisco', u'city', u'archivist', u'asks', u'women', u'history', u'city', u'?'],Feminist Movement,FAVOR
[u'just', u'can', u'quote', u'simone', u'mean', u'understand', u'modern', u'femmie-nism', u'just', u'whining'],Feminist Movement,AGAINST
[u'pushing', u'misinformation', u'new', u'anti', u'vaccination'],Feminist Movement,AGAINST
[u'women', u'seen', u'soft', u'weak', u'emotional', u'eyes', u'male', u'politicians'],Feminist Movement,FAVOR
[u'texting', u'bf', u'telling', u'shave', u'today', u'find', u'optimally', u'bangable', u'next', u'time', u'see'],Feminist Movement,AGAINST
[u'now', u'harry', u'arguing', u'dead', u"girl's", u'father', u'whose', u'job', u'kill', u'rapemurdering', u'villain', u'horns'],Feminist Movement,NONE
[u'amusing', u'feminists', u'creationists', u'swap', u'personal', u'like', u'god', u'women', u'like', u'gamer', u'gate'],Feminist Movement,AGAINST
[u'young', u'girls', u'told', u'raped', u'instead', u'telling', u'boys', u'rape'],Feminist Movement,FAVOR
[u'wonderful', u'interview', u'refreshing', u'feminist', u'views'],Feminist Movement,FAVOR
[u'love', u'twitter'],Feminist Movement,NONE
[u'oh', u'equality', u'shall', u'?', u'!', u'?', u'!', u'?', u'stop', u'feminist', u'asap'],Feminist Movement,AGAINST
[u'proud', u'say', u'listen', u'fat', u'crossed', u'eyed', u'mj'],Feminist Movement,NONE
[u'queen', u'won', u'royalty', u'race', u'king', u'prince'],Feminist Movement,FAVOR
[u'sjws', u'prove', u'people', u'perfectly', u'capable', u'acting', u'metaphysically', u'given', u'reality'],Feminist Movement,NONE
[u'feminism', u'radical', u'islam', u'painted', u'pink', u'gamer', u'gate'],Feminist Movement,AGAINST
[u'thank', u'pursuers', u'familial', u'societal', u'dystopia', u'democrats', u'liberals'],Feminist Movement,NONE
[u'funny', u'misogyny', u'objectification', u'feminists', u'completely', u'erase', u'female', u'agency', u'make', u'argument'],Feminist Movement,AGAINST
[u'library', u'quit', u'attempting', u'2', u'hurt', u'others', u'just', u'think', u'way', u'u'],Feminist Movement,AGAINST
[u'feminist', u'response', u'people', u'wearing', u'meninist', u'clothes', u'mock', u'call', u'derogatory', u'names', u'?', u'hate', u'group', u'?', u'?', u'?'],Feminist Movement,AGAINST
[u'great', u'accomplishment', u'bad', u'still', u'sucks', u'black', u'woman', u'america'],Feminist Movement,FAVOR
[u'feel', u'decides', u'get', u'support'],Feminist Movement,NONE
[u'nope', u'adultery', u'now', u'years', u'ago', u'years', u'ago', u'sorry', u'facts', u'fit', u'narrative'],Feminist Movement,NONE
[u'realise', u'just', u'painted', u'men', u'brush', u'wilfully', u'ignorant', u'describe', u'!'],Feminist Movement,AGAINST
[u'paraphrase', u'friedan', u'drive', u'deprived', u'data', u'data', u'will', u'expand', u'fill', u'space'],Feminist Movement,NONE
[u'times', u'whiskey', u'periods'],Feminist Movement,AGAINST
[u'now', u'raise', u'pay', u'females', u'make', u'equal', u'men', u'get', u'payed', u'q', u'u', u't', u'y'],Feminist Movement,FAVOR
[u'rt', u'gamergatenews', u'rt', u'capthaddock', u'ha', u'ha', u'hilarious', u'!', u'feminists', u'desending', u'spank', u'feminist', u'like', u'mad', u'harpies', u'j', u'ws'],Feminist Movement,AGAINST
[u'believe', u'every', u'women', u'rights', u'!', u'!'],Feminist Movement,FAVOR
[u'mras', u'just', u'tried', u'enlighten', u'went', u'well', u'flight', u'hindenburg'],Feminist Movement,FAVOR
[u'labeling', u'womne', u'?', u'omg', u'sexism', u'!', u'labeling', u'men', u'?', u'well', u'men', u'like', u'...'],Feminist Movement,AGAINST
[u'right', u'come', u'law', u'called', u'equal', u'rights', u'equal', u'laws'],Feminist Movement,FAVOR
[u'even', u'clifford', u'virginia', u'?'],Feminist Movement,NONE
[u'article', u'women', u'politics', u'months', u'must', u'read'],Feminist Movement,FAVOR
[u'getting', u'offended', u'simplest', u'effective', u'lie', u'manipulate', u'others', u'feminism', u'religions', u'love', u'gamer', u'gate'],Feminist Movement,AGAINST
[u'old', u'insecure', u'females', u'forcing', u'hatred', u'men', u'younger', u'generation', u'women'],Feminist Movement,AGAINST
[u'rt', u'know', u'women', u'stop', u'wearing', u'age', u'?', u'nothing', u'women', u'can', u'wear', u'whatever', u'want', u'matter', u'old'],Feminist Movement,FAVOR
[u'beauty', u'eye', u'goat', u'add', u'goat', u'ruin', u'quote', u'body', u'image'],Feminist Movement,AGAINST
[u'rt', u'support', u'whatever', u'team', u'buck', u'supports'],Feminist Movement,NONE
[u'wow', u'gay', u'marriage', u'legal', u'lesbian', u'marriage', u'?', u'!', u'fuck', u'fix', u'now'],Feminist Movement,NONE
[u'blocked', u'4', u'frequent', u'posters', u'yes', u'all', u'women', u'2', u'never', u'even', u'debated', u'handle', u'facts'],Feminist Movement,AGAINST
[u'love', u'distract', u'female', u'teachers'],Feminist Movement,NONE
[u'watch', u'feminists', u'next', u'move', u'will', u'probably', u'demanding', u'pay', u'first', u'lady'],Feminist Movement,AGAINST
[u'confederate', u'flag', u'offends', u'good', u'stop', u'making', u'things'],Feminist Movement,NONE
[u'multiple', u'abortions', u'one', u'mistakes', u'life', u'expected', u'learn', u'welcome', u'feminism'],Feminist Movement,AGAINST
[u'realise', u'painted', u'men', u'brush', u'wilfully', u'ignorant', u'used', u'describe'],Feminist Movement,AGAINST
[u'never', u'settle', u'anything', u'less', u'worth'],Feminist Movement,AGAINST
[u'sjws', u'homogenous', u'blur', u'together', u'well', u'like', u'dealing', u'one', u'giant', u'rainbow-headed', u'monster', u'gamer', u'gate'],Feminist Movement,AGAINST
[u'penetrating', u'vaginas', u'engulfing', u'penises', u'!'],Feminist Movement,FAVOR
[u'single', u'because', u'refuse', u"man's", u'bcs', u'want', u'full', u'self', u'bcs', u'want', u'feminist', u'man', u"man's", u'man'],Feminist Movement,FAVOR
[u'say', u'woman', u'two', u'black', u'eyes', u'?', u'nothing', u'already', u'told', u'twice'],Feminist Movement,AGAINST
[u'every', u'time', u'told', u'bossy', u'rather', u'assertive', u'took', u'compliment'],Feminist Movement,FAVOR
[u'farm', u'fucking', u'disgusting'],Feminist Movement,NONE
[u'half', u'victims', u'half', u'accomplices', u'like', u'everyone', u'else', u'simone', u'de', u'beavoir'],Feminist Movement,NONE
[u'look', u'can', u'discuss', u'sexism', u'survival', u'situations', u'get', u'back'],Feminist Movement,NONE
[u'feminists', u'honest', u'careful', u'use', u'logic', u'conversation', u'will', u'somehow', u'drag', u'rape'],Feminist Movement,AGAINST
[u'guess', u'crying', u'nhl', u'player', u'better', u'safer', u'getting', u'violent', u'one', u'right', u'?', u'saad', u'blackhawks'],Feminist Movement,AGAINST
[u'innocent', u'men', u'convicted', u'domestic', u'violence', u'!', u'say', u'no', u'to', u'feminism'],Feminist Movement,AGAINST
[u'dear', u'anti-porn', u'feminists', u'never', u'eaten', u'popcorn', u'watching', u'porn', u'missing', u'life', u'...', u'gamer', u'gate'],Feminist Movement,AGAINST
[u'feminists', u'ugly', u'fact', u'equal', u'rights', u'men', u'women', u'feminists', u'are', u'beautiful'],Feminist Movement,FAVOR
[u'slut', u'word', u'made', u'degrade', u'women', u'degrade', u'anyone', u"body's", u'can', u'like'],Feminist Movement,FAVOR
[u'really', u'proud', u'want', u'thank', u'powerful', u'feminist', u'he', u'for', u'she'],Feminist Movement,FAVOR
[u'contempo', u'qiwaamah', u'longer', u'paid', u'maternity', u'leave', u'flexi', u'working', u'hours', u'on-site', u'childcare', u'breastfeeding', u'breastpumping', u'rooms', u'equal', u'pay'],Feminist Movement,FAVOR
[u'equality', u'women', u'expected', u'submit', u'traditions', u'marriage'],Feminist Movement,FAVOR
[u'load', u'crap', u'dressing', u'appropriately', u'office', u'sexist', u'?', u'grow', u'yes', u'all', u'women'],Feminist Movement,FAVOR
[u'uk', u'considering', u'abolishing', u'prisons', u'women', u'completely', u'crime', u"man's", u'fault'],Feminist Movement,AGAINST
[u'wanna', u'stay', u'home', u'raise', u'family', u'cool', u'choice', u'nobody', u"else's"],Feminist Movement,FAVOR
[u'men', u'dirty', u'evil', u'yet', u'feminism', u'happy', u'take', u'money', u'via', u'state', u'form', u'collective', u'prostitution'],Feminist Movement,AGAINST
[u'starting', u'compile', u'evidence', u'blog', u'post', u'modern', u'feminism', u'shares', u'traits', u'nazi', u'propaganda'],Feminist Movement,AGAINST
[u'rules', u'live', u'seek', u'logic', u'things', u'even', u'looks', u'like', u'waste', u'time', u'including', u'feminism', u'gamer', u'gate'],Feminist Movement,AGAINST
[u'fucking', u'feminists', u'...', u'sir', u'tim', u'hunt', u'fired', u'lies', u'following', u'joke', u'praised', u'women', u'science'],Feminist Movement,AGAINST
[u'maura', u'tucker', u'morning'],Feminist Movement,FAVOR
[u'ever', u'see', u'meritocracy', u'myth', u'pushed', u'people', u'skills', u'trying', u'buddy-buddy', u'way', u'top', u'hmm'],Feminist Movement,NONE
[u'patriarchy', u'theory', u'designed', u'project', u'prejudice', u'insecurity', u'feminists', u'onto', u'men'],Feminist Movement,AGAINST
[u'keep', u'fight', u'going', u'justice', u'communities', u'g', u'b', u't', u'rights', u'black', u'lives', u'matter', u'justice', u'for', u'muslims', u'hispanic', u'girls', u'united'],Feminist Movement,NONE
[u'rt', u'nothing', u'like', u'dudes', u'joking', u'molesting', u'right', u'face', u'...'],Feminist Movement,FAVOR
[u'male', u'rape', u'one', u'under-reported', u'crimes', u';', u'male', u'rape', u'survivors', u'among', u'under-served', u'crime', u'victims'],Feminist Movement,NONE
[u'spot', u'fashion', u'feminist', u'claim', u'feminism', u'equality', u'feminist', u'actions', u'demonstrate', u'otherwise'],Feminist Movement,AGAINST
[u'thought', u'goes', u'mind', u'regular', u'basis', u'said', u'man', u'?'],Feminist Movement,FAVOR
[u'mentality', u'gamer', u'gate', u'hey', u'!', u'feminists', u'suuuuper', u'stable', u'!', u'btw', u'agitate', u'criticism'],Feminist Movement,AGAINST
[u'men', u'right', u'talk', u'voice', u'important', u'goddess', u'deserve', u'silenced'],Feminist Movement,FAVOR
[u'someone', u'create', u'female', u'festival', u'celebrating', u'women', u'?', u'!', u'surely', u'brainer', u'!'],Feminist Movement,FAVOR
[u'hey', u'socrates', u'born', u'mortal', u'mother', u'thus', u'doomed', u'die', u'murderer', u'?'],Feminist Movement,NONE
[u'physical', u'appearance', u'define', u'worth.people', u'heard', u'whether', u'theyre', u'conventionally', u'attractive'],Feminist Movement,FAVOR
[u'feminism', u'stand', u'female', u'entitlement', u'sense', u'worth', u'popular', u'culture', u'presents', u'meninist'],Feminist Movement,AGAINST
[u'representation', u'goal', u'feminism', u'gone', u'invent', u'female', u'characters', u'replace', u'male', u'characters'],Feminist Movement,AGAINST
[u'fight', u"women's", u'equality', u'!', u'!', u'read', u'blog', u'join', u'cause', u"woman's", u'rights', u'gender', u'equality', u'!', u'!'],Feminist Movement,FAVOR
[u'wish', u'people', u'understand', u'true', u'feminists', u'want', u'equality', u'everyone', u'even', u'men', u'just', u'girls'],Feminist Movement,FAVOR
[u'women', u'superior', u'men', u'every', u'aspect'],Feminist Movement,FAVOR
[u'true', u'quotes', u'take', u'opportunity', u'promote'],Feminist Movement,NONE
[u'called', u'sexual', u'coercion', u'rape', u'rape', u'culture'],Feminist Movement,FAVOR
[u'going', u'full', u'mc', u'intosh', u'th', u'consecutive', u'time', u'j', u'w', u'logic'],Feminist Movement,AGAINST
[u'nice', u'anyways', u'nicer', u'internet'],Feminist Movement,NONE
[u'dear', u'percent', u'women', u'think', u'like', u'us', u'hence', u'scum', u'love', u'gamer', u'gate'],Feminist Movement,AGAINST
[u'refuse', u'accept', u'unbreakable', u'glass', u'ceiling', u'hit', u'glass', u'hard', u'enough', u'will', u'shatter'],Feminist Movement,FAVOR
[u'never', u'bored', u'ppl', u'easily', u'get', u'bored', u'like', u'profess', u'generally', u'boring', u'weak', u'wimp-out'],Feminist Movement,NONE
[u'lol', u'ugly', u'wanting', u'equal', u'?'],Feminist Movement,FAVOR
[u'fact', u'people', u'think', u'women', u'need', u'appealing', u'attractive', u'heard', u'seen', u'equal', u'need', u'feminism'],Feminist Movement,FAVOR
[u'following', u'lead', u'embracing', u'term', u'far', u'perfect', u'still', u'learning'],Feminist Movement,FAVOR
[u'find', u'woman', u'attractive', u'objectifying', u'pig', u'find', u'attractive', u'shallow', u'pig'],Feminist Movement,AGAINST
[u'rt', u'demand', u'less', u'cat-calling', u'cats', u'!', u'feminist', u'dogs', u'can', u'come', u'too'],Feminist Movement,FAVOR
[u'please', u'rt', u'gender', u'equality', u'project', u'!'],Feminist Movement,FAVOR
[u'can', u'feminist', u'doctor', u'?', u'issues', u'get', u'wrong', u'doctors', u'?', u'he', u'for', u'she', u'feminist'],Feminist Movement,FAVOR
[u'people', u'say', u'bit', u'young', u'politics', u'honestly', u'just', u'stand', u'believe', u'marriage', u'equaility'],Feminist Movement,NONE
[u'tell', u'stop', u'speaking', u'women', u'belittling', u'manner', u'never', u'lie', u'women', u'equality'],Feminist Movement,FAVOR
[u'like', u'rape', u'one', u'reported', u'crimes', u'unreported', u'incidents', u'usually', u'females', u'raping', u'males', u'hey'],Feminist Movement,AGAINST
[u'feminists', u'want', u'special', u'right', u'equal', u'right', u'b', u'feminist'],Feminist Movement,AGAINST
[u'feminism', u'built', u'hatred', u'nothing', u'equality', u'humanitarian', u'grounds', u"don't", u'mancriminate'],Feminist Movement,AGAINST
[u'sexist', u'misandrist', u'whine-fest', u'drenched', u'victimhood'],Feminist Movement,AGAINST
[u'also', u'sorry', u'busy', u'gorgeous', u'feminist', u'give', u'shit', u'beauty', u'standards'],Feminist Movement,FAVOR
[u'feminists', u'believe', u'mothers', u'say', u"father's", u'body', u'job', u'money'],Feminist Movement,AGAINST
[u'meritocracy', u'oppressive', u'incompetent', u'believe', u'sexist', u'sexist', u'one'],Feminist Movement,AGAINST
[u'problem', u'liberals', u'tolerance', u'extended', u'agree'],Feminist Movement,NONE
[u'cutting', u'mutilation', u'daughters', u'genitals', u'expression'],Feminist Movement,FAVOR
[u'rt', u'feminism', u'belief', u'men', u'women', u'equal', u'rights', u'opportunities'],Feminist Movement,AGAINST
[u'feminism', u'just', u'women', u';', u'letting', u'people', u'lead', u'fuller', u'lives', u'~'],Feminist Movement,FAVOR
[u'woman', u'see', u'sex', u'object', u'!', u'see', u'atm'],Feminist Movement,AGAINST
[u'ever', u'thought', u'maybe', u'blue', u'jeans', u'hates', u'?', u'everyone', u'world', u'made'],Feminist Movement,NONE
[u'need', u'meninist', u'blk', u'man', u'white', u'women', u'make', u'minorities', u'despite', u'lies', u'feminist'],Feminist Movement,AGAINST
[u'ceos', u'apologizing', u'feminists', u'pressure', u'awards', u'feminism', u'sought-after', u'intellectual', u'immunity', u'gamer', u'gate'],Feminist Movement,AGAINST
[u'yrs', u'out-of-date', u'thought', u'interesting', u'just', u'old', u'news', u'bored', u'now', u'bye'],Feminist Movement,NONE
[u'wgss', u'discussion', u'forum', u'love', u'librarians', u'!'],Feminist Movement,NONE
[u'hooks', u'says', u'continue', u'even', u'though', u'hard', u'causes', u'pain', u'people', u'look'],Feminist Movement,FAVOR
[u'offensive', u'joke', u'left', u'context', u'...', u'spank', u'feminist'],Feminist Movement,AGAINST
[u'just', u'putting', u'finishing', u'touches', u'feminist-themed', u'cryptic', u'crossword', u'...', u'standard'],Feminist Movement,FAVOR
[u'dear', u'feminist', u'supporters', u'people', u'like', u'endless', u'concessions', u'feminists', u'just', u'prevent', u'accountability'],Feminist Movement,AGAINST
[u'hard', u'woman', u'constantly', u'annoyed', u'things', u'really', u'matter', u'grand', u'scheme', u'things', u'wish', u'man'],Feminist Movement,AGAINST
[u'enough', u'help', u'someone', u'group', u'name', u'spank', u'feminist'],Feminist Movement,AGAINST
[u'gender', u'norms', u'ass', u'definitely', u'moved', u'lb', u'boxes', u'wedges'],Feminist Movement,AGAINST
[u'family', u'court', u'court', u'inquisition', u'f', u'm', u'n', u'z'],Feminist Movement,AGAINST
[u'gotta', u'love', u'respect', u'feminists', u'give', u'wanna', u'feminist', u'note', u'sarcasm', u'dont', u'need', u'feminism'],Feminist Movement,AGAINST
[u'mother', u'laughed', u'first', u'graders', u'mother', u'threw', u'bug', u'screamed', u'ran', u'away'],Feminist Movement,NONE
[u"feminist's", u'shut', u'entire', u'global', u'porn', u'industry', u'put', u'millions', u'benefits', u'welfare', u'even', u'care'],Feminist Movement,AGAINST
[u'love', u'girl', u'hell', u'way', u'diminish', u"women's", u'soccer', u'u', u'w', u'n', u't'],Feminist Movement,FAVOR
[u'elizabeth', u'cady', u'stanton', u'die', u'get', u'upset', u'fuckbois', u'text', u'back'],Feminist Movement,FAVOR
[u'fighting', u'equality', u'decide', u'allow', u'ladies', u'heat', u'breaks', u'men', u'get', u'hot', u'?'],Feminist Movement,AGAINST
[u'also', u'policy', u'removing', u'feminists', u'entirety', u'thanks', u'help', u'vote', u'u'],Feminist Movement,AGAINST
[u'today', u'watch', u'united', u'states', u'supreme', u'court'],Feminist Movement,NONE
[u'worry', u'honey', u'intelligence', u'roadblock', u'full', u'unquestioning', u'faith', u'feminism', u'bleated', u'!'],Feminist Movement,AGAINST
[u'%', u'population', u'%', u'congress', u'war', u'on', u'women', u'absolutely', u'real', u'thing', u'wake', u'america'],Feminist Movement,FAVOR
[u'retarded', u'tantrums', u'gamer', u'gate', u'feminists', u'show', u'effects', u'lifetime', u'never', u'facing', u'intellectual', u'challenge'],Feminist Movement,AGAINST
[u'great', u'see', u'singer', u'turned', u'activist', u'stage', u'interview', u'glastonbury'],Feminist Movement,FAVOR
[u'congratulations', u'america', u'overcoming', u'1', u'battle', u'now', u'women', u'races', u'treated', u'equally', u'all', u'lives', u'matter'],Feminist Movement,FAVOR
[u'men', u'want', u'credit', u'women', u'feminists', u'feminists', u'just', u'men', u'wanting', u'privileges'],Feminist Movement,FAVOR
[u'ok', u'married', u'year-old', u'ceo', u'use', u'power', u'influence', u'shag', u'year-old', u'intern', u'?', u'ask', u'hillary'],Feminist Movement,FAVOR
[u"y'all", u'pay', u'attention', u"men's", u'sports', u'something', u'fairly', u'important', u'happening', u'now', u'usa', u"women's", u'soccer'],Feminist Movement,AGAINST
[u'guess', u'new', u'definition', u'ugly', u'believing', u'equal', u'rights', u'...', u'let', u'ugly'],Feminist Movement,FAVOR
[u'links', u'sauga', u'gotta', u'stop', u'chincing', u'girls', u'taking', u'away', u'extra', u'bit'],Feminist Movement,FAVOR
[u'woman', u'stick', u'together', u'?', u'like', u'half', u'cunts'],Feminist Movement,AGAINST
[u'obsessed', u'becoming', u'woman', u'comfortable', u'skin', u'sandra', u'cisneros'],Feminist Movement,FAVOR
[u'believe', u'reasons', u'people', u'say', u'need', u'feminism', u'need', u'dog', u'half', u'reasons'],Feminist Movement,AGAINST
[u'feminist', u'female', u'long', u'time', u'now.it', u'd', u'stupid', u'side-maya', u'angelou', u'feminist'],Feminist Movement,FAVOR
[u'rt', u'emilaaslund', u'dear', u'third', u'wave', u'feminists', u'hate', u'women', u'get', u'definitions', u'straight', u'gamer', u'gate', u'not', u'yo', u'...'],Feminist Movement,AGAINST
[u'beauty', u'rant', u'7', u'taught', u'hate', u'knock', u'knees', u'?', u'must', u'compliment', u'call', u'yellow', u'bone', u'?', u'beauty'],Feminist Movement,AGAINST
[u'*', u'watching', u'house', u'cards', u'dad', u'*', u'first', u'lady', u'president', u'?', u'yeah', u'dad', u'!', u'next', u'woman', u'president', u'right', u'!'],Feminist Movement,FAVOR
[u'need', u'feminism', u'need', u'anything', u'else', u'life', u'survive', u'speak', u'w', u'o'],Feminist Movement,FAVOR
[u'dear', u'feminists', u'expel', u'man-haters', u'poisoning', u'feminism', u'?', u'admire', u'?', u'gamer', u'gate', u'not', u'y', u'...'],Feminist Movement,AGAINST
[u'feminists', u'know', u'fighting', u'?', u'!', u'ego', u"maniac's", u'want', u'minutes', u'fame'],Feminist Movement,AGAINST
[u'women', u'get', u'paid', u'far', u'men', u'appear', u'pornography', u'come', u'one', u'talking', u'blatant', u'sexism', u'?', u'!'],Feminist Movement,AGAINST
[u'glad', u'able', u'raise', u'kids', u'n', u'time', u'educated', u'mothering', u'decisions', u'family', u'vilified'],Feminist Movement,AGAINST
[u'people', u'think', u'feminist', u'hate', u'men', u'feminist', u'believe', u'equality', u'equality', u'for', u'all'],Feminist Movement,FAVOR
[u'feminists', u'like', u'like', u'religious', u'people', u'understand', u'atheists', u'reject', u'nonsense'],Feminist Movement,AGAINST
[u'm', u'feminists', u'need', u'growa', u'sense', u'humor', u'w', u'okay', u'sips', u'male', u'tears', u'mug', u'm', u'aaigh', u'!', u'misandreeeeeeeeeee', u'yes', u'all', u'women'],Feminist Movement,AGAINST
[u'last', u'week', u'man', u'made', u'u', u'turn', u'drove', u'wrong', u'way', u'one', u'way', u'street', u'tell', u'body'],Feminist Movement,FAVOR
[u'psst', u'get', u'anymore', u'equal', u'...', u'now', u'joke', u'!', u'spank', u'feminist'],Feminist Movement,AGAINST
[u'bc', u'feminists', u'know', u'everything', u'man', u'spank', u'feminist'],Feminist Movement,AGAINST
[u'lot', u'people', u'get', u'indoctrinated', u'movement', u'reading', u'comments', u'articles', u'example'],Feminist Movement,NONE
[u'get', u'lot', u'shit', u'saying', u'boobs', u'sexual', u'sorry', u'call', u'ignorant', u'want', u'true'],Feminist Movement,AGAINST
[u'list', u'real', u'?', u'please', u'god', u'better', u'joke', u'man', u'woman', u'ever', u'pay', u'attention', u'shit'],Feminist Movement,NONE
[u'son', u'slut', u'shame', u'female', u'nudes', u'jerk', u'nudes', u'night', u"ain't", u'right'],Feminist Movement,FAVOR
[u'majority', u'anti-abortion', u'leaders', u'men', u'none', u'will', u'ever', u'pregnant'],Feminist Movement,AGAINST
[u'nothing', u'inspiring', u'drums', u'beginning', u'run', u'the', u'world', u'girls', u'feels', u'like', u'rise'],Feminist Movement,AGAINST
[u'lunatics', u'fooling', u'1', u'skewed', u'logic', u'due', u'2', u'delusions'],Feminist Movement,AGAINST
[u'feminists', u'saying', u'atheists', u'skeptics', u'quite', u'contradiction', u'worship', u'vulva', u'gamer', u'gate'],Feminist Movement,AGAINST
[u'quote', u'mother', u'woman', u'really', u'got', u'shit', u'?', u'aye', u'bring', u'fourth', u'wave', u'feminism', u'!'],Feminist Movement,AGAINST
[u'women', u'make', u'%', u'less', u'men', u'job', u'women', u'average', u'make', u'less', u'men', u'look', u'feminazis', u'equal', u'pay', u'day'],Feminist Movement,AGAINST
[u'rt', u'viviennedenue', u'bittergourd', u'themarysue', u'thank', u'!', u'game', u'going', u'knock', u'socks', u'!'],Feminist Movement,FAVOR
[u'real', u'life', u'gets', u'controversial', u'scroll', u'social', u'media', u'faster', u'baltimore', u'riots', u'nepal', u'earthquake'],Feminist Movement,NONE
[u'sure', u'schadenfreudes', u'can', u'stand', u'much', u'tickling'],Feminist Movement,NONE
[u'added', u'level', u'irony', u'chosen', u'figureheads', u'really', u'body', u'positive', u'amirite', u'?'],Feminist Movement,AGAINST
[u'responsibilities', u'feminism', u'admits', u'ornamental', u'intelligence', u'average', u'feminist', u'only', u'rights'],Feminist Movement,AGAINST
[u'need', u'feminism', u'walk', u'three', u'blocks', u'without', u'getting', u'cat', u'called', u'man', u'asking', u'get', u'car'],Feminist Movement,FAVOR
[u'tumblr', u'made', u'slightly', u'transphobic', u'misogynistic', u'tumblr'],Feminist Movement,NONE
[u'weneedfeminism', u'twitter', u'misogynist', u'harassment', u'machine', u'yes', u'all', u'women', u'he', u'for', u'she', u'feminist'],Feminist Movement,AGAINST
[u'lol', u'!', u'young', u'male', u'children'],Feminist Movement,NONE
[u'ruth_blane', u'_anavgjoe_', u'rt', u'ruth_blane', u'ruth_blane', u'ruth_blane', u'ruth_blane', u'reversedowry', u'rt', u'manojmane', u'take', u'!', u'!', u'feminazi'],Feminist Movement,AGAINST
[u'met', u'first', u'radical', u'feminist', u'today', u'holy', u'shit', u'amazing', u'much', u'can', u'go', u'wrong', u'brain'],Feminist Movement,AGAINST
[u'anita', u'sarkeesian', u'living', u'damsel', u'distress', u'trope'],Feminist Movement,AGAINST
[u'reading', u'gg', u'tweets', u'getting', u'angrier', u'fuuuuuuuuuuuck', u'men', u'privileged', u'time', u'bed', u'feminism', u'is', u'awfully', u'great'],Feminist Movement,FAVOR
[u'heckling', u'yes', u'all', u'women', u'screaming', u'look', u'!', u'day', u'excellent', u'way', u'show', u'us', u'serious', u'individual'],Feminist Movement,AGAINST
[u'human', u'beings', u'created', u'equally', u'nature'],Feminist Movement,FAVOR
[u'lady', u'yt', u'right', u'radical', u'feminist', u'loudest', u'voices', u'normal', u'logical', u'feminist', u'outspoken'],Feminist Movement,FAVOR
[u'hate', u'break', u'u', u'bruh', u'women', u'get', u'pretty', u'us', u'get', u'pretty', u'show', u'women'],Feminist Movement,FAVOR
[u'people', u'actually', u'brag', u'dank', u'shatter', u'wax', u'shit', u'instagram', u'pls', u'kill'],Feminist Movement,NONE
[u'guess', u'wanting', u'trying', u'make', u'world', u'better', u'place', u'everyone', u'makes', u'ugly'],Feminist Movement,FAVOR
[u'dinosaur', u'fool', u'rising', u'antiquated', u'rhetoric', u'bye'],Feminist Movement,FAVOR
[u'people', u'call', u'beautiful', u'really', u'ugliest', u'philosophy', u'baltimore', u'riots', u'baltimore'],Feminist Movement,NONE
[u'feminists', u'tend', u'get', u'upset', u'leave', u'comedy', u'clubs', u'humor', u'form', u'intelligence', u'lack', u'gamer', u'gate'],Feminist Movement,AGAINST
[u'pics', u'without', u'makeup', u'?', u'just', u'perpetuating', u'myth', u'women', u'need', u'makeup', u'considered', u'pretty'],Feminist Movement,FAVOR
[u'actually', u'watching', u'video', u'radical', u'feminism', u'history', u'funniest', u'movie', u'ive', u'ever', u'seen'],Feminist Movement,AGAINST
[u'yeah', u'!', u'need', u'feminism', u'like', u'boyfriend', u'chips', u'food', u'shops.also', u'pretty.obvs'],Feminist Movement,AGAINST
[u'men', u'front', u'women', u'misogynistic', u'pig'],Feminist Movement,FAVOR
[u'feminist', u'irritable', u'preaching', u'feminism', u'know', u'misplaced', u'vibrator', u'feminists'],Feminist Movement,AGAINST
[u'guess', u'begging', u'point', u'like', u'really', u'sexist', u'views', u'..', u'know', u'feministsareugly'],Feminist Movement,AGAINST
[u'feminists', u'honest', u'want', u'worldwide', u'matriarchal', u'dictatorship', u'men', u'enslaved', u'women', u'gamer', u'gate'],Feminist Movement,AGAINST
[u'feminists', u'go', u'gym', u'lose', u'weight', u'stop', u'blame', u'society', u'everything'],Feminist Movement,AGAINST
[u'eat', u'pus', u'somethin', u'lozer'],Feminist Movement,NONE
[u'just', u'yelled', u'boyfriend', u'trying', u'let', u'win', u'mortal', u'kombat', u'x'],Feminist Movement,FAVOR
[u'modern', u'marriage', u'like', u'modern', u'car', u'shinny', u'disposable', u'made', u'last', u'gamer', u'gate'],Feminist Movement,AGAINST
[u'whether', u'label', u'feminist', u'think', u'important', u'address', u'equal', u'rights', u'taylor', u'swift'],Feminist Movement,FAVOR
[u'ya', u'said', u'sexily'],Feminist Movement,AGAINST
[u'girl', u'sex', u'drive', u'!', u'?', u'must', u'slut', u'!'],Feminist Movement,FAVOR
[u'ever', u'need', u'man', u'yes', u'all', u'women'],Feminist Movement,FAVOR
[u'want', u'equality', u'work', u'place', u'men', u'woman', u'take', u'trash', u'..', u'?', u'makes', u'sense'],Feminist Movement,AGAINST
[u'trigger', u'levels'],Feminist Movement,NONE
[u'woman', u'sex', u'object', u'person'],Feminist Movement,FAVOR
[u'wonder', u"it'd", u'like', u'wear', u'dress', u'sexually', u'harassed', u'yes', u'all', u'women'],Feminist Movement,FAVOR
[u'buy', u'brainwashing', u'hope', u'never', u'get', u'selected', u'jury', u'duty', u'involving', u'sex', u'crime'],Feminist Movement,AGAINST
[u'reading', u'mag', u'endless', u'pages', u'look', u'holiday', u'holidays', u'time', u'give', u'fuck', u'point', u'!'],Feminist Movement,NONE
[u'anti', u'gamergate', u'people', u'say', u'gg', u'zoe', u'quinn', u'defending', u'domestic', u'abuse', u'not', u'your', u'shield', u'women', u'against', u'feminis', u'...'],Feminist Movement,AGAINST
[u'united', u'states', u'one', u'countries', u'give', u'paid', u'maternity', u'leave'],Feminist Movement,FAVOR
[u'wtf', u'single', u'fathers'],Feminist Movement,AGAINST
[u'rt', u'bad', u'bitch', u'compliment'],Feminist Movement,FAVOR
[u'pretty', u'young', u'thing', u'catchy', u'mj', u'song', u'perfect', u'summary', u'discourses', u'surrounding', u'professional'],Feminist Movement,AGAINST
[u'jest', u'):', u"man's", u'world', u"y'know", u'kaitlyn', u'blow', u'world'],Feminist Movement,FAVOR
[u'dear', u'feminists', u'give', u'complete', u'version', u'feminism', u'dictionary', u'definition', u'?', u'man-hate', u'?', u'gamer', u'gate'],Feminist Movement,AGAINST
[u'want', u'revenge', u'slut', u'?', u'cry', u'rape', u'lie', u'world', u'carry', u'mattress', u'ugly', u'feminist'],Feminist Movement,AGAINST
[u'strict', u'gender', u'roles', u'context', u'true', u'marriage', u'devoted', u'raising', u'children', u'will', u'always', u'ideal', u'substitutes'],Feminist Movement,AGAINST
[u'feminist', u'stop', u'whining', u'internet', u'step', u'game', u'guys', u'baltimore', u'riot', u'cause', u'get', u'shit', u'done'],Feminist Movement,AGAINST
[u'women', u'strong', u'women', u'smart', u'women', u'bold', u'feminists', u'are', u'beautifulisalovemovement'],Feminist Movement,FAVOR
[u"uk's", u'answer', u'gamer', u'gate'],Feminist Movement,AGAINST
[u'girls', u'always', u'wear', u'invisible', u'crown', u'always', u'carry', u'gun', u'lionesses'],Feminist Movement,AGAINST
[u'mito', u'eve', u'model', u'explicit', u'prove', u'1', u'ancestor', u'narrows', u'similarities', u'matter', u'degree', u'...'],Feminist Movement,NONE
[u'how', u'to', u'spot', u'feminist', u'?', u'->', u'feminists', u'struggle', u'control', u'lives', u'try', u'micromanage', u"women's", u'lives'],Feminist Movement,AGAINST
[u'upload', u'sexually', u'provocative', u'pics', u'see', u'someone', u'attracted', u'looks', u'harassment', u'?', u'right'],Feminist Movement,AGAINST
[u'video', u'games', u'form', u'art', u'censorship', u'comparable', u'practices', u'fascist', u'germany', u'wwii', u'gamer', u'gate'],Feminist Movement,NONE
[u'wtf', u'literal', u'fuck', u'evan', u'sseing', u'thing'],Feminist Movement,NONE
[u'saying', u'inconvenient', u'truths', u'might', u'hurt', u'narrative'],Feminist Movement,NONE
[u'ok', u'armchair', u'feminists', u'got', u'panties', u'wet', u'social', u'justice', u'warrior', u'go', u'something', u'get', u'tumblr'],Feminist Movement,AGAINST
[u"hillary's", u'lead', u'sanders', u'narrowing', u'long', u'bernie', u'accused', u'misogyny', u'?'],Feminist Movement,AGAINST
[u'give', u'us', u'follow', u'back'],Feminist Movement,FAVOR
[u'towie', u'catchup', u'totally', u'agree', u'ferne', u't', u'o', u'w'],Feminist Movement,NONE
[u'thanks', u'laughs', u'tonight', u'social', u'commentary', u'bad', u'either', u';)'],Feminist Movement,FAVOR
[u'pls', u'h8', u'last', u'tweet', u'obviously', u'joke'],Feminist Movement,NONE
[u'girls', u'wanna', u'go', u'strip', u'bfs', u'beg', u'go', u'see', u'magic', u'mike', u'xxl'],Feminist Movement,AGAINST
[u'just', u'gained', u'new', u'follower', u'!', u'views', u'got', u'outraged', u'!'],Feminist Movement,FAVOR
[u'people', u'wonder', u'taken', u'seriously', u'...', u'least', u'give', u'1', u'every', u'time', u'hear', u'rich', u'!'],Feminist Movement,AGAINST
[u'need', u'feminism', u'pretty'],Feminist Movement,AGAINST
[u'lehi', u'high', u'school', u'favorite', u'school', u'due', u'ps', u'yo', u'gleaves', u'hit', u'monday', u'motivation', u'what', u'are', u'you', u'afraid', u'of'],Feminist Movement,NONE
[u'wow', u'threat', u'violence', u'feminist', u'nothing', u'polite', u'might', u'report', u'. . .'],Feminist Movement,AGAINST
[u'like', u'feminism', u'just', u'gender', u'much', u'ignorant', u'toad'],Feminist Movement,FAVOR
[u'strong', u'female', u'lead', u'get', u'excited', u'cause', u'gratuitous', u'sexual', u'violence'],Feminist Movement,AGAINST
[u'upsets', u'people', u'narrow-minded', u'comes', u'feminism', u'stereotyping', u'men'],Feminist Movement,FAVOR
[u'heterosexual', u"male's", u'sexual', u'orientation', u'social', u'capitalist', u'construct', u'can', u'changed', u'blink', u'eye'],Feminist Movement,AGAINST
[u'lack', u'intellectual', u'integrity', u'group', u'atheists', u'easy', u'spot', u'just', u'count', u'feministatheists', u'gamer', u'gate'],Feminist Movement,AGAINST
[u'mascots', u"women's", u'world', u'semi-final', u'girls', u'?', u'...', u'equalityforall'],Feminist Movement,AGAINST
[u'fact', u'asked', u'someone', u'blocked', u'now', u'happy', u'...', u'spankafeminist'],Feminist Movement,AGAINST
[u'feminism', u'twitter', u'black', u'hole', u'human', u'intelligence', u'just', u'like', u'creationism', u'gamer', u'gate'],Feminist Movement,AGAINST
[u'length', u'time', u'take', u'bath', u'directly', u'relates', u'happening', u'twitter', u'monday', u'motivation', u'worlds'],Feminist Movement,NONE
[u'attempt', u'parody', u'protein', u'world', u'baltimore', u'riots'],Feminist Movement,NONE
[u'without', u'someone', u'side', u'gonna', u'achieve', u'goals', u'set', u'goals'],Feminist Movement,AGAINST
[u'r', u'u', u'twitter', u'get', u'back', u'kitchen', u'equality'],Feminist Movement,AGAINST
[u'hope', u'get', u'raped', u'apparently', u'misogynists', u'say', u'dare', u'bend', u'will', u'?', u'yes', u'all', u'women'],Feminist Movement,FAVOR
[u'friendly', u'reminder', u'gender', u'pay', u'gap', u'myth'],Feminist Movement,AGAINST
[u'find', u'friends', u'people', u'throw', u'around', u'word', u'slut', u'judge', u'women', u'sexual', u'beings', u'equality'],Feminist Movement,AGAINST
[u'always', u'guys', u'job'],Feminist Movement,FAVOR
[u'yes', u'women', u'fair', u'men', u'staying', u'home', u'shamed', u'society', u'must', u'change', u'ppl', u'additudes'],Feminist Movement,FAVOR
[u'wish', u'laura', u'croft', u'undress', u'bitch', u'fem', u'freq'],Feminist Movement,AGAINST
[u'feminist', u'outrage', u'american', u'girls', u'recruited', u'isis', u'?', u'zero'],Feminist Movement,AGAINST
[u'yes', u'all', u'women', u'know', u'protect', u'carry', u'gun'],Feminist Movement,FAVOR
[u'feminist', u'extremists', u'ruin', u'everyone', u'respect', u'feminist', u'actually', u'want', u'equality', u'handout'],Feminist Movement,AGAINST
[u'full', u'self-loathing', u'lot', u'women', u'like', u'got', u'sod', u'wright', u'stuff', u'wolf', u'whistling'],Feminist Movement,AGAINST
[u'feminists', u'can', u'now', u'prove', u'wage', u'gap', u'...', u'yet', u'lawsuits', u'come', u'forward', u'women', u'paid', u'less', u'...', u'maybe', u'exist'],Feminist Movement,AGAINST
[u'misogynist', u'abuser', u'whining', u'feminists', u'blocking', u'make', u'day', u'bock', u'yes', u'all', u'women'],Feminist Movement,FAVOR
[u'men', u'can', u'longer', u'look', u"women's", u'boobs', u'tattoos', u'even', u'look', u'eyes', u'soon', u'mandatory', u'castration', u'males'],Feminist Movement,AGAINST
[u'running', u'dick', u'sucker', u'yes', u'purpose', u'mouth', u'lol'],Feminist Movement,AGAINST
[u'dear', u'feminists', u'gaming', u'respect', u'earned', u'hard', u'work', u'playing', u'victim', u'gamer', u'gate'],Feminist Movement,AGAINST
[u'statistics', u'show', u'male', u'victims', u'rape', u'likely', u'straight', u'gay'],Feminist Movement,NONE
[u'walking', u'neighborhood', u'saw', u'5', u'different', u'fathers', u'taking', u'care', u'toddler', u'woman', u'nearby'],Feminist Movement,FAVOR
[u'masculinity', u'toxic', u'must', u'nuclear', u'waste', u'facility'],Feminist Movement,AGAINST
[u'feminism', u'fight', u"women's", u'rights', u'feminism', u'now', u'find', u'petty', u'first', u'world', u'problem', u'whine'],Feminist Movement,AGAINST
[u'cool', u'got', u'greenlight', u'back', u'ur', u'side'],Feminist Movement,NONE
[u'rt', u'dream', u'life', u'fuck', u'canadian', u'slut', u'eye-socket', u'yes', u'all', u'women', u'this', u'fucking', u'guy'],Feminist Movement,NONE
[u'v', u'!', u'wait', u'see', u'!'],Feminist Movement,NONE
[u'year', u'relentless', u'harassment', u'folks', u'talking', u'rape', u'abuse', u'yes', u'all', u'women', u'=', u'thriving', u'rape', u'culture', u'social', u'media'],Feminist Movement,AGAINST
[u'respect', u'truck-suck', u'respect', u'girls', u'innate', u'chosen', u'doll-love', u'?'],Feminist Movement,FAVOR
[u'think', u'australia', u'female', u'pm', u'n', u'female', u'majority', u'mps', u'marriage', u'equaility', u'legal', u'now'],Feminist Movement,FAVOR
[u'men', u'want', u'women', u'take', u'name', u'marriage', u'male', u'pride', u'female', u'pride', u'matter'],Feminist Movement,FAVOR
[u'gave', u'women', u'right', u'vote', u'nevermind', u'2/3', u'men', u'voted', u'give', u'right'],Feminist Movement,AGAINST
[u'women', u'shamed', u'want', u'children', u'told', u'want', u'payed', u'equally', u'children'],Feminist Movement,FAVOR
[u'make', u'smile', u':)'],Feminist Movement,AGAINST
[u'feminism', u'sex', u'worker', u'exclusive', u'trans', u'exclusive', u'want', u'part'],Feminist Movement,AGAINST
[u'white', u'women', u'pretend', u'ne', u'black', u'lies', u'aboit', u'dad', u'family', u'instead', u'going', u'mental', u'hospital', u'?'],Feminist Movement,NONE
[u'upsetting', u'however', u'greeted', u'shock', u'disgust', u'fact', u'ambition'],Feminist Movement,FAVOR
[u'pop', u'quiz', u'whats', u'greatest', u'fear', u'oppressor', u'?', u'black', u'lives', u'matter'],Feminist Movement,NONE
[u'hat', u'seriously', u'made', u'beijing', u'breakthrough', u'say', u'thank', u'enough', u'!'],Feminist Movement,FAVOR
[u'mind', u'business', u'cunt', u'batteries', u'bob', u'die', u'?'],Feminist Movement,AGAINST
[u'women', u'need', u'shave'],Feminist Movement,FAVOR
[u'just', u'made', u'best', u'case', u'feminist', u'equality', u'ever', u'!', u'fuck', u'feminism', u'!'],Feminist Movement,AGAINST
[u'wrong', u'people', u'women', u'self', u'respect', u'coveted', u'listening', u'much', u'rush', u'?'],Feminist Movement,FAVOR
[u'petition', u'journalists', u'stop', u'using', u'man', u'mean', u'demonstrate', u'resilience', u'mental', u'toughness'],Feminist Movement,FAVOR
[u'tweet', u'made', u'cast', u'towie', u'mate'],Feminist Movement,NONE
[u'hey', u'stop', u'teiggering', u'ur', u'man', u'gap', u'bus', u'will', u'fight', u'patriarchy', u'ur', u'jail', u'ty', u'equality'],Feminist Movement,FAVOR
[u'seriously', u'believe', u'many', u'hilary', u'supporters', u'right', u'now'],Feminist Movement,AGAINST
[u'hate', u'girls', u'turn', u'bitches', u'guy', u'tells', u'look', u'good', u'without', u'make', u'...', u'thats', u'compliment', u'?', u'!', u'!', u'?', u'?', u'!', u'?', u'?', u'?'],Feminist Movement,AGAINST
[u'wish', u'women', u'power', u'men', u'milan', u'knock', u'knock', u'k_', u'army', u't', u'family'],Feminist Movement,FAVOR
[u'without', u"farmer's", u'tan', u'bang', u'bare', u'bitches', u'misogynist', u'colloquialisms', u'dont', u'say', u'bitch'],Feminist Movement,NONE
[u'kristen', u'stewart', u'hollywood', u'disgustingly', u'sexist'],Feminist Movement,FAVOR
[u'multiple', u'abortions', u'means', u'feminists', u'using', u'contraceptives', u'demanded', u'gamer', u'gate'],Feminist Movement,AGAINST
[u'u', u'putting', u'women', u'$', u'bill', u'instead', u'$', u'...', u'anyone', u'else', u'think', u'bs', u'compromise', u'?', u'the', u'new', u'women', u'ons', u'feminist'],Feminist Movement,AGAINST
[u'lol', u'jaewon', u'good', u'hood', u'!', u'just', u'like', u'poetry', u'pressing', u'issues'],Feminist Movement,NONE
[u'going', u'walk', u'thru', u'get', u'feminists', u'idea', u'saying', u'...'],Feminist Movement,AGAINST
[u'signs', u'youre', u'in', u'the', u'u', u'attacked', u'feminists', u'labels', u'patriarchy', u'cooking', u'sunny', u'side', u'eggs'],Feminist Movement,AGAINST
[u'pretty', u'sure', u'us', u'a-okay', u'without', u'team', u'aaaalll', u'anyway'],Feminist Movement,AGAINST
[u'know', u'ugly', u'?', u'going', u'short', u'skirt', u'without', u'judged'],Feminist Movement,FAVOR
[u'staying', u'well', u'informed', u'sexual', u'violence', u'news', u'important', u'yet', u'often', u'leaves', u'ranting', u'screen'],Feminist Movement,FAVOR
[u'extinction', u'insects', u'dangerous', u'herbs', u'gigolo', u'services', u'religious', u'fanaticism', u'fake', u'beercans-y', u'malaysia', u'radio', u'media', u'fail', u'2discuss', u'?'],Feminist Movement,NONE
[u'men', u'can', u'empathize', u'picture', u'daughter', u'going', u'thing'],Feminist Movement,FAVOR
[u'rt', u'want', u'choose', u'family', u'career'],Feminist Movement,FAVOR
[u'amusing', u'feminists', u'fly', u'creationist', u'rage', u'whenever', u'belief', u'patriarchy', u'questioned', u'gamer', u'gate'],Feminist Movement,AGAINST
[u'feminists', u'spent', u'1/2', u'much', u'time', u'reading', u'papers', u'tumblr', u'real', u'people', u'ignorant', u'sexist', u'bigots'],Feminist Movement,AGAINST
[u'right', u'sex', u'rape'],Feminist Movement,NONE
[u'basic', u'principle', u'universe', u'information', u'literally', u'everything', u'information', u'one', u'form', u'another'],Feminist Movement,AGAINST
[u'chance', u'will', u'come', u'nashville', u'discuss', u'dietland', u'put', u'deliciousness', u'!'],Feminist Movement,NONE
[u'like', u'feminist', u'identify', u'feminist', u'clearly', u'love', u'sweetie'],Feminist Movement,FAVOR
[u'feminists', u'reject', u'ignore', u'fight', u'equality', u'might', u'hurt', u'women', u'equality', u'duh'],Feminist Movement,AGAINST
[u'just', u'read', u'rather', u'good', u'article', u'females', u'perceived', u'imposed', u'limits', u'throughout', u'education', u'system', u'work', u'place'],Feminist Movement,FAVOR
[u'shark', u'rocket', u'real', u'people', u'real', u'results', u'commercial', u'includes', u'women', u'men', u'vacuum', u'?', u'not', u'buying', u'it'],Feminist Movement,AGAINST
[u'understand', u'concept', u'male', u'feminist', u'get', u'peoples', u'heads', u'equality', u'?', u'anyone', u'?'],Feminist Movement,FAVOR
[u'always', u'infuriates', u'male', u'asked', u'questions', u'?', u'stereotyped', u'bitch', u'cold', u'hearted'],Feminist Movement,FAVOR
[u'suns', u'...', u'dresses', u'...', u'street', u'harassment', u'...', u'daily', u'life', u'yes', u'all', u'women'],Feminist Movement,FAVOR
[u'dear', u'feminists', u'start', u'asking', u'accountability', u'man-haters', u'instead', u'shielding', u'convenient', u'concealment'],Feminist Movement,AGAINST
[u'rt', u'how', u'to', u'spot', u'feminist', u'like', u'block', u'stalk', u'days', u'weeks', u'afterwards'],Feminist Movement,AGAINST
[u'sometimes', u'overheat', u'want', u'take', u'shirt', u'social', u'expectations', u'people', u'breasts', u';', u'n', u';'],Feminist Movement,FAVOR
[u'interesting', u'video', u'kidnaps', u'tortures', u'tying', u'confinement', u'etc', u'wife', u'gf', u'evil', u'accountant'],Feminist Movement,AGAINST
[u'?', u"man's", u'choice', u'whether', u'wants', u'breast', u'feed', u'children'],Feminist Movement,NONE
[u'feminists', u'honest', u'tell', u'truth', u'make', u'sure', u'agree', u'gamer', u'gate'],Feminist Movement,AGAINST
[u'feminism', u'nothing', u'cult', u'closes', u'ranks', u'whenever', u'someone', u'dares', u'question'],Feminist Movement,AGAINST
[u'holding', u"man's", u'hand', u'left', u'alone', u'street'],Feminist Movement,FAVOR
[u'say', u'men', u'look', u'women', u'like', u'piece', u'meat', u'even', u'mean', u'want', u'cook', u'eat', u'?', u'yes', u'all', u'women'],Feminist Movement,FAVOR
[u'clearly', u'part', u'squad', u'females', u'guys', u'without', u'looked', u'hoe'],Feminist Movement,FAVOR
[u'feminists', u'honest', u'know', u'men', u'right', u'kind', u'thoughts', u'gamer', u'gate'],Feminist Movement,AGAINST
[u'advocating', u'men', u'stop', u'loving', u'women', u'just', u'sex'],Feminist Movement,AGAINST
[u'rt', u'school', u'taught', u'us', u'penis', u'never', u'mentioned', u'clitoris'],Feminist Movement,FAVOR
[u'rt', u'typical', u'example', u'scrapa'],Feminist Movement,NONE
[u'rt', u'viviennedenue', u'code', u'hack', u'evil', u'destroy', u'time', u'get', u'back', u'work', u'kick', u'ass'],Feminist Movement,FAVOR
[u'rt', u'spank', u'feminist', u'sooooo', u'horrible', u'perfectly', u'fine', u'!', u'see', u'!', u'!'],Feminist Movement,AGAINST
[u'feel', u'self-conscious', u'now', u'catcalls', u'flattered', u'pretty', u'feel', u'anxious', u'wanna', u'go', u'home'],Feminist Movement,AGAINST
[u'women', u'equal', u'rights', u'feminists', u'made', u'women', u'equal', u'men', u'go', u'read', u'animal', u'farm'],Feminist Movement,AGAINST
[u'downvoting', u'youtube', u'videos', u'hateful', u'sexist', u'!'],Feminist Movement,FAVOR
[u'writing', u'wondering', u'ovarian', u'seminal', u'synonyms', u'original', u'?', u'oppressed', u'by', u'thesaurus', u'ovaries', u'befor', u'brovaries'],Feminist Movement,AGAINST
[u'watching', u'..', u'must', u'change', u'world'],Feminist Movement,FAVOR
[u'olympics', u'%', u'feminist', u"men's", u'division', u'erradicated', u'equality', u'gamer', u'gate'],Feminist Movement,AGAINST
[u'feminists', u'live', u'planet', u'us'],Feminist Movement,AGAINST
[u'best', u'way', u'spot', u'religions', u'see', u'often', u'get', u'offended', u'ideas', u'crticism', u'feminism', u'ranks', u'high'],Feminist Movement,AGAINST
[u'anti-men', u'pro-women', u'~', u'she', u'quotes', u'quote'],Feminist Movement,FAVOR
[u'respect', u'real', u'equality', u'lie', u'claim', u'feminists', u'want'],Feminist Movement,AGAINST
[u'rt', u'look', u'latest', u'indiegogo', u'campaign', u'coming', u'soon', u'help', u'turn', u'young', u'girls', u'great', u'leaders'],Feminist Movement,FAVOR
[u'feminists', u'spread', u'misandry', u'always', u'try', u'two', u'create', u'gender', u'conflicts', u'feminism', u'is', u'cruelty'],Feminist Movement,AGAINST
[u'stop', u'male', u'animators', u'want', u'female', u'animators'],Feminist Movement,FAVOR
[u'women', u'double', u'standards', u'standards', u'magic', u'mike', u'x', u'x', u'yes', u'all', u'women'],Feminist Movement,AGAINST
[u'exactly', u'women', u'weak', u'incapable', u'sight', u'one', u'slim', u'skin', u'giving', u'attack', u'vapours'],Feminist Movement,AGAINST
[u'gladly', u'accept', u'face', u'least', u'used', u'used', u'bills', u'never', u'satisfied'],Feminist Movement,NONE
[u'dollar', u'every', u'feminist', u'wanted', u'kick', u'shin', u'retire', u'shitpost', u'twitter', u'day'],Feminist Movement,AGAINST
[u'young', u'man', u'stop', u'wearing', u"sister's", u'clothes', u'makeup', u'look', u'ridiculous', u'spank', u'feminist'],Feminist Movement,AGAINST
[u'feminist', u'logic', u'awesome', u'piece', u'shit', u'nice', u'learn', u'patriarchy', u'means', u'dumb', u'shit'],Feminist Movement,AGAINST
[u'vegan', u'diet', u'make', u'immortal', u'?', u'either', u'way', u'gonna', u'die'],Feminist Movement,NONE
[u'heads', u'everyone', u'america', u'benfits'],Feminist Movement,AGAINST
[u'lmao', u'fact', u'use', u'bunch', u'airbrushed', u'fake', u'ass', u'celebrities'],Feminist Movement,AGAINST
[u'feminists', u'hate', u'much', u'?', u'one', u'thing', u'none', u'beautiful', u'gamer', u'gate'],Feminist Movement,AGAINST
[u'feminists', u'even', u'understand', u'feminism'],Feminist Movement,AGAINST
[u'know', u'?', u'gender', u'stereotypes', u'know', u'developed', u'beginning', u'century'],Feminist Movement,FAVOR
[u'need', u'feminism', u'broken', u'idealogies', u'need', u'defending', u'just', u'much', u'functioning', u'ones', u'death', u'note'],Feminist Movement,FAVOR
[u'complaints', u'just', u'fake', u'shit', u'made', u'hand', u'amazingly', u'controlling', u'entitled', u'2'],Feminist Movement,AGAINST
[u'dear', u'feminists', u'waste', u'time', u'joining', u'feminist', u'cult', u'?', u'mormons', u'say', u'close', u'door'],Feminist Movement,AGAINST
[u'just', u'watched', u'mad', u'max', u'fury', u'road', u'amazing', u'!', u'everything', u'!', u'woman', u'watching', u'film', u'...', u'amazed', u'mad', u'max', u'fury', u'road'],Feminist Movement,NONE
[u'communists', u'can', u'relate', u'feel'],Feminist Movement,NONE
[u'done', u'crime', u'shows', u'making', u'rape', u'father', u'instead', u'victim'],Feminist Movement,FAVOR
[u'real', u'patriarchy', u'rape', u'culture', u'looks', u'like', u'being', u'female', u'in', u'nigeria', u'gamer', u'gate'],Feminist Movement,AGAINST
[u'seen', u'feminists', u'disagree', u'saying', u'shut', u'aside', u'simple', u'manners', u'treatment', u'others', u'befuddling', u'~'],Feminist Movement,AGAINST
[u'male', u'caste', u'general', u'religion', u'hindu', u'none', u'hand', u'!', u'!', u'!', u'gurrr', u'pseudo'],Feminist Movement,AGAINST
[u'one', u'basic', u'cause', u'[', u'abuse', u'women', u']', u'general', u'men', u'give', u'damn', u'jimmy', u'carter'],Feminist Movement,AGAINST
[u'watching', u'baltimore', u'riots', u'fox', u'news', u'obvious', u'feminist', u'goony', u'beardman', u'following', u'reporter', u'around', u'attention'],Feminist Movement,AGAINST
[u'noticed', u'never', u'see', u'really', u'beautiful', u'feminists', u'wonder', u'?'],Feminist Movement,AGAINST
[u'buy', u'dress', u'completely', u'zip', u'fasten'],Feminist Movement,NONE
[u'pope', u'francis', u'christians', u'support', u'equal', u'pay', u'equal', u'work'],Feminist Movement,FAVOR
[u'get', u'sexually', u'harassed', u'twice'],Feminist Movement,FAVOR
[u'bowing', u'threatening', u'way', u'b', u'c', u'even', u'bowing', u'can', u'triggering'],Feminist Movement,AGAINST
[u'reason', u'stopped', u'entrance', u'law', u'of', u'attraction'],Feminist Movement,NONE
[u'categorizing', u'homelessness', u'job'],Feminist Movement,NONE
[u"women's", u'rights', u'join', u'c', u'dvoices', u'twitter', u'rally', u'3pm', u'et', u'agree', u'!', u'c', u'd'],Feminist Movement,FAVOR
[u'single', u'biggest', u'stimulus', u'economy', u'can', u'equal', u'pay', u'gloria', u'steinem'],Feminist Movement,FAVOR
[u'moment', u'know', u'won', u'wife', u'put', u'gets', u'make', u'sandwich'],Feminist Movement,FAVOR
[u'recenter', u'world', u'captain', u'ship', u'author', u'life', u'story'],Feminist Movement,NONE
[u'gender', u'research', u'helps', u'develop', u'nursing', u'research', u'theoretical', u'frameworks', u'concepts', u'methodology'],Feminist Movement,NONE
[u'myvagina', u'kicked', u'shit', u'hiscock'],Feminist Movement,AGAINST
[u'will', u'say', u'low', u'self', u'esteem', u'person', u'will', u'oppressed', u'bikini', u'models', u'ads', u'get', u'help'],Feminist Movement,AGAINST
[u'think', u'okay', u'woman', u'take', u'mans', u'name', u'wants'],Feminist Movement,FAVOR
[u'cat', u'pt', u'2', u'today', u'found', u'cat', u'feminist'],Feminist Movement,AGAINST
[u'amusing', u'feminists', u'swap', u'personal', u'like', u'women', u'like', u'gamer', u'gate', u'not', u'your', u'shield'],Feminist Movement,AGAINST
[u'time', u'go', u'hashtag', u'crazy', u'...', u'folklore', u'u', u'tourism', u'britain', u'storytelling', u'myth', u'legend', u'equality', u'multicultural', u'folk'],Feminist Movement,NONE
[u'just', u'pop', u'culture', u'still', u'hates', u'women'],Feminist Movement,FAVOR
[u'honestly', u'surprised', u'feminist', u'extremists', u'like', u'screaming', u'sexist', u'!', u'!', u'gay', u'men'],Feminist Movement,AGAINST
[u'feminist', u'heart', u'angry', u'right', u'now', u'wish', u'scream', u'hate', u'inequality', u'right', u'now', u'top', u'lungs'],Feminist Movement,FAVOR
[u'agree', u'%', u'!', u'radiates', u'beauty', u'inside', u'role', u'model'],Feminist Movement,FAVOR
[u'feminist', u'supports', u'gender', u'equality', u'people', u'believe', u"woman's", u'value', u'lies', u'physical', u'beauty'],Feminist Movement,FAVOR
[u'radios', u'r', u'filled', u'feminist', u'rape', u'propaganda', u'feminism', u'alive', u'n', u'well', u'malaysia', u'rape', u'guilt', u'tactics', u'silence'],Feminist Movement,AGAINST
[u'us', u'us', u'apps', u'happens', u'girls', u'hack', u'for', u'girls', u'rights', u'via', u'h', u'hh', u'm'],Feminist Movement,FAVOR
[u'want', u'hear', u'something', u'really', u'ugly', u'1', u'5', u'women', u'will', u'sexually', u'assaulted', u'time', u'college', u'misogyny', u'is', u'ugly'],Feminist Movement,FAVOR
[u'meaning', u'peace', u'absence', u'opposition', u'socialism', u'gamer', u'gate'],Feminist Movement,NONE
[u'really', u'interesting', u'debate', u'whether', u'men', u'can', u'also', u'feminists', u'b', u'c', u'conf'],Feminist Movement,AGAINST
[u'wanted', u'pursue', u'career', u'rather', u'settle', u'start', u'family', u'even', u'now', u'people', u'still', u'tell', u'time', u'ticking'],Feminist Movement,FAVOR
[u'god', u'want', u'opportunity', u'men', u'saying', u'god', u'wrong', u'?'],Feminist Movement,AGAINST
[u'women', u'come', u'money-back', u'guarantee', u'work', u'dumb', u'bitch', u'get', u'money', u'back'],Feminist Movement,AGAINST
[u'feminism', u'equal', u"woman's", u'rights', u'feminism', u'vaulting', u'one', u'gender', u'another', u'equality'],Feminist Movement,AGAINST
[u'dear', u'feminists', u'sjws', u'proud', u'troll', u'make', u'sure', u'proud', u'want', u'shame', u'gamer', u'gate'],Feminist Movement,AGAINST
[u'pleasant', u'world', u'disagree', u'feminists', u'fear', u'life', u'freedoms'],Feminist Movement,AGAINST
[u'gotta', u'fuck', u'never', u'feel', u'like', u'gotta', u'fuck', u'somebody', u'?'],Feminist Movement,NONE
[u'just', u'love', u'feminists', u'focused', u'bondage', u'books', u'romanticized', u'genital', u'mutilation'],Feminist Movement,AGAINST
[u'bad', u'garrick', u'club', u'men', u'bad', u'gym', u'women', u'room', u'?', u'hypocrites'],Feminist Movement,AGAINST
[u'im', u'sorry', u'going', u'call', u'women', u'like', u'im', u'cadigory', u'ill', u'probably', u'boot', u'door'],Feminist Movement,FAVOR
[u'stopping', u'foe', u'ur', u'tl', u'u', u'notice', u';', u'encouraging', u'u', u'post', u'topics', u'interested', u'tl', u'v', u'w'],Feminist Movement,NONE
[u'even', u'love', u'music', u'still', u'fan', u'brilliant', u'young', u'woman'],Feminist Movement,NONE
[u'men', u'admit', u'raped', u'readily', u'women', u'question', u'feminist', u'bullshit'],Feminist Movement,AGAINST
[u'making', u'women', u'stronger', u'women', u'already', u'strong', u'changing', u'way', u'world', u'perceives', u'strength', u'!'],Feminist Movement,FAVOR
[u'chip', u'kidd', u'announces', u'readers', u'asks', u'us', u'hold', u'applause', u'audience', u'cant', u'hold', u'back'],Feminist Movement,NONE
[u'said', u'friends', u'made', u'sex', u'appeal', u'must'],Feminist Movement,NONE
[u'how', u'to', u'spot', u'feminist', u'?', u'->', u'7', u'feminists', u'compare', u'successful', u'men', u'non', u'feminist', u'women', u'harbor', u'jealousy'],Feminist Movement,AGAINST
[u'women', u'immoral', u'evil', u'right', u'?', u'welcome', u'feminism', u'defending', u'pedophilia', u'promoter', u'lena', u'dunham'],Feminist Movement,AGAINST
[u'opened', u'blenders', u'vhs', u'girls', u'bathroom', u'today', u'!', u'the', u'more', u'you', u'know'],Feminist Movement,NONE
[u'magic', u'mike', u'x', u'x', u'feminist', u'movie', u'seen', u'since', u'mad', u'max', u'good', u'work', u'!'],Feminist Movement,AGAINST
[u'stop', u'tweeting', u'now', u'cause', u'wants', u'tea', u'making'],Feminist Movement,NONE
[u'can', u'female', u'feminist', u'?', u'like', u'care', u'rights', u'women', u'?'],Feminist Movement,FAVOR
[u'c', u'hell', u'video', u'?', u'd', u'guy', u'spelled', u'break', u'wrong', u'megalodon', u'alive', u'maybe', u'brewer'],Feminist Movement,NONE
[u'dear', u'feminists', u'problem', u'abortion', u'many', u'rapes', u'much', u'fucking', u'without', u'condoms', u'gamer', u'gate'],Feminist Movement,AGAINST
[u'considered', u'changing', u'twitter', u'handle', u'vagina', u'monologue', u'?'],Feminist Movement,AGAINST
[u'command-and-control', u'mentality', u'runs', u'deep', u'swedish', u'feminist', u'initiative', u'open'],Feminist Movement,AGAINST
[u'finally', u'women', u'running', u'president'],Feminist Movement,FAVOR
[u'know', u'patriarchy', u'women', u'ones', u'blamed', u'prostitution'],Feminist Movement,FAVOR
[u'wrong', u'getting', u'dick', u'?', u'come', u'guys', u'praised', u'?', u'sexist'],Feminist Movement,FAVOR
[u'nailed', u'another', u'black', u'feminist', u'banged', u'hard', u'shit', u'wife', u'ended', u'cleaning', u'shit', u'baltimore', u'riots'],Feminist Movement,AGAINST
[u'just', u'stating', u'facts'],Feminist Movement,NONE
[u'complain', u'equal', u'rep', u'girls', u'gaming', u'princess', u'peach', u'zelda', u'kick-ass', u'women', u'samus', u'beast', u'hello', u'!'],Feminist Movement,FAVOR
[u'wonder', u'feminism', u'top', u'gonna', u'arrive', u'..', u'need', u'bit', u'happiness', u'stress', u'studying'],Feminist Movement,FAVOR
[u'nah', u'abi', u'gonna', u'get', u'married', u'rich', u'white', u'guy', u'gonna', u'give', u'half', u'money', u'divorced'],Feminist Movement,NONE
[u'realize', u'actually', u'symbol'],Feminist Movement,NONE
[u'feminists', u'ugly', u'lol', u'make', u'laugh', u'though', u'hypocritical', u'people', u'planet'],Feminist Movement,AGAINST
[u'one', u'wants', u'see', u'feminists', u'naked', u'petty', u'vindictive', u'bytches', u'want', u'drag', u'everyone', u'else', u'level'],Feminist Movement,AGAINST
[u'feminists', u'equality', u'men', u'women', u'much', u'segregationists', u'equality', u'blacks', u'whites'],Feminist Movement,AGAINST
[u'tired', u'anti-womanist', u'respectability', u'politics', u'need', u'safe', u'space', u'women', u'can', u'look', u'like', u'club', u'interview'],Feminist Movement,FAVOR
[u'who', u'is', u'burning', u'black', u'churches', u'latest', u'racist', u'hate', u'mob', u'tag', u'surprise', u'black', u'lives', u'matter', u'people', u'j', u'w', u'logic'],Feminist Movement,NONE
[u'watch', u'colors', u'code', u'red', u'now', u'shows', u'newly', u'wedded', u'wife', u"con's", u'family', u'con', u'bride'],Feminist Movement,NONE
[u'conscious', u'choice', u'made', u'betas', u'make', u'women', u'feel', u'unsafe', u'unprotected', u'right', u'?', u'spank', u'feminist'],Feminist Movement,AGAINST
[u'well', u'right', u'pointless', u'try', u'youre', u'still', u'example'],Feminist Movement,NONE
[u'car', u'women', u'will', u'well'],Feminist Movement,AGAINST
[u'how', u'to', u'spot', u'feminist', u'?', u'->', u'3', u'feminists', u'believe', u'rape', u'culture', u'instead', u'erotomania', u'delusions', u'persecution'],Feminist Movement,AGAINST
[u'coworker', u'called', u'gay', u'stare', u'girls', u'came', u'sorry', u'respect', u'women', u'need'],Feminist Movement,FAVOR
[u'sexes', u'equal', u'intellectual', u'abilities', u'collective', u'inferiority', u'complex', u'feminism', u'necessary'],Feminist Movement,AGAINST
[u'contrary', u'stereotype', u'see', u'feminists', u'social', u'media', u'championing', u'causes', u'benefit', u'men', u'yes', u'all', u'women', u'he', u'for', u'she'],Feminist Movement,FAVOR
[u'we', u'need', u'feminism', u'no', u'means', u'no', u'doesnt', u'mean', u'yes', u'doesnt', u'mean', u'try', u'harder', u'!', u'yes', u'all', u'women', u'r', u't'],Feminist Movement,FAVOR
[u'true', u'compete'],Feminist Movement,NONE
[u'dateoffcampus', u'now', u'part', u'regular', u'lineup', u'spank', u'feminist', u'm', u'r', u'fak', u'...'],Feminist Movement,AGAINST
[u'afraid', u'say', u'f-word', u'?', u'f-word', u'mean', u'feminist', u'bad', u'word', u'people', u'!'],Feminist Movement,AGAINST
[u'someone', u'told', u'girls', u'quiet', u'told', u'really', u'?', u'never', u'quiet', u'since'],Feminist Movement,AGAINST
[u'said', u'women', u'going', u'equal', u'outside', u'home', u'men', u'equal', u'agree', u'?'],Feminist Movement,AGAINST
[u'courting', u'patriarchal', u'approval', u'condemns', u'sisters', u'abuse', u'physical', u'appearance'],Feminist Movement,FAVOR
[u'trivializing', u'suffering', u'authentic', u'rape', u'victims', u'become', u'sport', u'?', u'welcome', u'feminism', u'gamer', u'gate'],Feminist Movement,AGAINST
[u'feminist', u'block', u'speak', u'true'],Feminist Movement,AGAINST
[u'anyone', u'else', u'starting', u'notice', u'general', u'demographic', u'feminists', u'like', u'fucking', u'high-schoolers'],Feminist Movement,AGAINST
[u'staying', u'silent', u'raped', u'get', u'charged', u'adultery', u'expression'],Feminist Movement,FAVOR
[u'hope', u"women's", u'size', u'gameof', u'kings', u'championship', u'belt', u'just', u'men', u'?'],Feminist Movement,AGAINST
[u'know', u'difference', u'activism', u'advocacy', u'?', u'd', u'g'],Feminist Movement,AGAINST
[u'can', u'kind', u'see', u'femalepower'],Feminist Movement,FAVOR
[u'now', u'sexist', u'saying', u'women', u'deal', u'bad', u'joke', u'going', u'suffer', u'comes', u'adv', u'maths'],Feminist Movement,AGAINST
[u'women', u'falsely', u'accuse', u'men', u'rape', u'care', u'exploting', u'suffering', u'real', u'rape', u'victims', u'gamer', u'gate'],Feminist Movement,AGAINST
[u'support', u'unequal', u'pricing', u'based', u'gender', u'normally', u'call', u'sexism', u'?', u'equal', u'pay', u'day'],Feminist Movement,FAVOR
[u'kwink', u'thewtfmagazine', u'gamers', u'fatophobes', u'ever', u'notice', u'morbidly', u'obese', u'characters', u'video', u'games', u'?', u'gamer', u'gate', u'not', u'...'],Feminist Movement,NONE
[u'rather', u'share', u'road', u'man', u'just', u'pulled', u'nighter', u'blew', u'2', u'sober', u'well', u'rested', u'woman', u'equality'],Feminist Movement,AGAINST
[u'pretty', u'put', u'tits', u'full', u'display', u'get', u'pissed', u'people', u'look'],Feminist Movement,AGAINST
[u'also', u'im', u'assuming', u'claim', u'one', u'...', u'yet', u'just', u'called', u'idiot', u'dont', u'even', u'know', u'nice'],Feminist Movement,NONE
[u'u', u'reason', u'need', u'feminism', u'1st', u'world', u'u', u'equal', u'stop', u'trying', u'make', u'case', u'victimhood'],Feminist Movement,AGAINST
[u'someone', u'meminist', u'frequency', u'video', u'response', u'highlighting', u'violence', u'men', u'portrayed', u'video', u'games'],Feminist Movement,AGAINST
[u'raised', u'feminist', u'rotting', u'soiled', u'clothes', u'slave', u'!'],Feminist Movement,AGAINST
[u'thanks', u'work', u'people', u'like', u'helping', u'women', u'helping', u'whole', u'society'],Feminist Movement,FAVOR
[u'feminists', u'calling', u'people', u'bad', u'names', u'turn', u'feminists.you', u're', u'shooting', u'foot', u'j', u'w'],Feminist Movement,AGAINST
[u'misogynist', u'patriarchy', u'rapist', u'neckbeard', u'harasser', u'evil', u'mansplain', u'manspread', u'woman', u'hater', u'born', u'rapist', u'etc', u'etc', u'etc'],Feminist Movement,FAVOR
[u'child', u'seized', u'adoption', u'prolife', u'couples', u'raised', u'mom', u'alone', u'$', u'$'],Feminist Movement,NONE
[u'non-feminist', u'ppl', u'category-fluid', u'feminists', u'best', u'respect', u'!', u'm', u'g', u't', u'o', u'w', u'm', u'r', u'j', u'w'],Feminist Movement,AGAINST
[u'yes', u'girl', u'can', u'put', u'almost', u'anything', u'joint', u'islam'],Feminist Movement,NONE
[u'men', u'make', u'contact', u'women', u'thinking', u'owed', u'response'],Feminist Movement,FAVOR
[u'rt', u'females', u'turn', u'man', u'hating', u'feminists', u'man', u"fancy's", u'dyke', u'lesbian', u"ass's"],Feminist Movement,AGAINST
[u'feminist', u'*', u'says', u'something', u'women', u'treated', u'equal', u'human', u'beings', u'*', u'asshole', u'ugly', u'wow', u'nice', u'okay', u'lmao'],Feminist Movement,AGAINST
[u'frustrating', u'awful', u'voices', u'getting', u'access', u'wider', u'audience', u'voices', u'hate', u'confederate', u'flag'],Feminist Movement,NONE
[u'wee', u'sister', u'believes', u'santa', u'claus', u'feminism', u'think', u'harder', u'means'],Feminist Movement,AGAINST
[u'wives', u'dislike', u'cooking', u'mk', u'husbands', u'diet', u'saying', u'stay', u'fit', u'actually', u'want', u'avoid', u'cooking', u';)', u'mcp', u'womens', u'progress'],Feminist Movement,FAVOR
[u'*', u'sigh', u'*', u'one', u'small', u'step', u'back', u'women', u'one', u'giant', u'leap', u'forward', u'lonely', u'perverts', u'chrissy', u'teigen'],Feminist Movement,AGAINST
[u'take', u'solace', u'knowing', u'least', u'means', u'know', u'useless', u'hack', u'...'],Feminist Movement,NONE
[u"woman's", u'place', u'made', u'feel', u'uncomfortable', u'walking', u'street', u'poppy', u'smart'],Feminist Movement,FAVOR
[u'removed', u'term', u'bio', u'racist', u'transphobic', u'white', u'feminists', u'fucked', u'everyone'],Feminist Movement,AGAINST
[u'...', u'slow', u'call', u'yell', u'wait', u'bus', u'!', u'!', u'!', u'w', u'h', u't', u't', u'h', u'c', u't', u'u', u'f', u'u', u'c'],Feminist Movement,AGAINST
[u"uk's", u'answer', u'gamer', u'gate'],Feminist Movement,AGAINST
[u'...', u'grown', u'st', u'century', u'woman', u'may', u'whatever', u'pleases', u'!', u'especially', u'fashion', u'body', u'!'],Feminist Movement,FAVOR
[u"storey's", u'song', u'day', u'love', u'somebody', u'beegees', u');', u'topic', u'day', u'feminism', u'cultural', u'theory', u'love', u'class', u'bee', u'gees'],Feminist Movement,AGAINST
[u'poster', u'child', u'identity', u'politics', u'suck'],Feminist Movement,NONE
[u'strong', u'feminist', u'twitter', u'measured', u'much', u'can', u'type', u'without', u'thinking', u'first', u'delete', u'gamer', u'gate'],Feminist Movement,AGAINST
[u'abortion', u'suffering', u'women', u'think', u'?', u'hate', u'abortion', u'feminist', u'?'],Feminist Movement,AGAINST
[u'though', u'girl', u'maybe', u'qualified', u'comment', u"women's", u'issues', u'according'],Feminist Movement,AGAINST
[u'lied', u'idiot', u'fact', u'reason', u'acknowledge', u'facts', u'also', u'reason'],Feminist Movement,NONE
[u'seriously', u'believe', u'gave', u'women', u'heat', u'breaks', u'men', u'wimbledon'],Feminist Movement,AGAINST
[u'sad', u'part', u'dont', u'hate', u'people', u'thought', u'experiences', u'worse', u'voice'],Feminist Movement,AGAINST
[u'nah', u'bitch', u'fucking', u'savage', u'obviously', u'just', u'gonna', u'suck', u'dick', u'make', u'sandwiches', u'man', u'beats', u'daily'],Feminist Movement,AGAINST
[u'friend', u'enemy', u'pizza', u'delivery', u'guy'],Feminist Movement,NONE
[u'people', u'without', u'taste', u'buds', u'decide', u'ban', u'tasty', u'food', u'?', u'welcome', u'sex-negative', u'feminism', u'gamer', u'gate'],Feminist Movement,AGAINST
[u'wanna', u'hear', u'two', u'funniest', u'words', u'english', u'language', u'right', u'now', u'?', u'feminist', u'fellowship', u'geddit', u'?', u'fell', u'ow', u'ship', u'?'],Feminist Movement,AGAINST
[u'speaking', u'heart', u'rarely', u'wise', u'especially', u'retarded', u'heart', u'like', u'feminists', u'gamer', u'gate'],Feminist Movement,AGAINST
[u'history', u'story', u';', u'need', u'story', u'!'],Feminist Movement,FAVOR
[u'like', u'feminist', u'think', u'woman', u'identify', u'feminist', u'internalised', u'misogyny'],Feminist Movement,FAVOR
[u'abusive', u'misogynist', u'whining', u'feminists', u'blocking', u'make', u'day', u'bock', u'yes', u'all', u'women'],Feminist Movement,FAVOR
[u'considered', u'hate', u'crime', u'someone', u'makes', u'threat', u'woman'],Feminist Movement,FAVOR
[u'eating', u'bagel', u'rocking', u'man', u'!', u'feel', u'like', u'woman', u'!'],Feminist Movement,FAVOR
[u'guy', u'beach', u'body', u'ready', u'advert', u'interviewed.conclusion', u'=', u'arrogant', u'male', u'chauvinist', u'idiot'],Feminist Movement,FAVOR
[u'damn', u'wage', u'gap', u'!', u'sneaky', u'men', u'work', u'longer', u'hours', u'dangerous', u'jobs', u'get', u'paid', u'!'],Feminist Movement,AGAINST
[u'saying', u'all', u'lives', u'matter', u'instead', u'black', u'lives', u'matter', u'like', u'saying', u'equal', u'rights', u'instead'],Feminist Movement,NONE
[u'feminists', u'like', u'don', u'judge', u'book', u'cover', u'!', u'unless', u'cover', u'straight', u'white', u'male'],Feminist Movement,AGAINST
[u'feminists', u'stupid', u'think', u'ones', u'can', u'freedom', u'speech', u'lmaooo'],Feminist Movement,AGAINST
[u'just', u'give', u'attention', u'never', u'gave', u'anyone', u'else', u'extreme', u'rules', u'nepal', u'earthquake', u'freddie', u'gray', u'r', u'h', u'o', u'reunion'],Feminist Movement,NONE
[u'let', u'anyone', u"else's", u'perception', u'define', u'beliefs', u'feel', u'justify', u'worth'],Feminist Movement,FAVOR
[u'one', u'gay', u'one', u'straight', u'one', u'male', u'one', u'female', u'one', u'friendship', u'equality', u'friends'],Feminist Movement,NONE
[u'feminist', u'hate', u'men', u'please', u'kill'],Feminist Movement,AGAINST
[u'hey', u'fellow', u'feminists', u'need', u'fight', u'back', u'ridiculous', u'war-glorifying', u'celebrates', u'triggered', u'transpatriot'],Feminist Movement,AGAINST
[u'usa', u'good', u'futbol', u'women', u'playing'],Feminist Movement,AGAINST
[u'nice', u'work', u'happy', u'hear', u'autistic', u'friend', u'able', u'express', u'way'],Feminist Movement,NONE
[u'funny', u'wants', u'fix', u'problems', u'straight', u'people', u'problems'],Feminist Movement,NONE
[u'feminism', u'appeared', u'ray', u'rice', u'domestic', u'violence', u'disappear', u'hope', u"sole's"],Feminist Movement,AGAINST
[u'just', u'heard', u'inspiring', u'interview', u'w', u'one', u'heroines'],Feminist Movement,FAVOR
[u'hey', u'guyz', u'talking', u'baltimore', u'*', u'social', u'issues', u'*', u'super', u'smart', u'super', u'current', u'events'],Feminist Movement,NONE
[u'amazing', u'show', u'leicester', u'tonight', u'best', u'comedy', u'show', u'ever', u'seen', u'incredible', u'!'],Feminist Movement,NONE
[u'im', u'strong', u'independent', u'black', u'woman', u'need', u'daddy'],Feminist Movement,FAVOR
[u'resist', u'feminism', u'us', u'election', u'killed', u'raped', u'death', u'...', u'u', u'elections'],Feminist Movement,FAVOR
[u'rt', u'wonder', u"it'd", u'like', u'wear', u'dress', u'sexually', u'harassed', u'yes', u'all', u'women'],Feminist Movement,FAVOR
[u'feminism', u'fashionable', u'form', u'narcissism', u'personal', u'trauma', u'personal', u'retribution', u'drives', u'feminists'],Feminist Movement,AGAINST
[u'fact', u'chris', u'brown', u'somehow', u'still', u'famous', u'need'],Feminist Movement,NONE
[u'world', u'weed', u'male', u'plants', u'mostly', u'deemed', u'useless', u'produce', u'seeds', u'flower'],Feminist Movement,AGAINST
[u'everfetching', u'wanna', u'chat', u'feminist', u'feminazi', u'moment', u'just', u'hear', u'sides', u'ya', u'know', u'?'],Feminist Movement,NONE
[u'mind', u'grandmother', u'cremated', u'give', u'enema', u'ashes', u'gamer', u'gate'],Feminist Movement,AGAINST
[u'autocorrect', u'switched', u'smh', u'dnt', u'need', u'u', u'im', u'independent'],Feminist Movement,NONE
[u'pretty', u'well', u'enjoyed', u'response'],Feminist Movement,NONE
[u'gr8', u'day', u'us', u'equality', u'think', u'girls', u'pose', u'setting', u'female', u'equality', u'back', u'yr'],Feminist Movement,FAVOR
[u'rt', u'lot', u'healing', u'rosie', u'rocha-martinez'],Feminist Movement,AGAINST
[u'how', u'to', u'be', u'unhappy', u'like', u'feminist', u'?', u'feminists', u'fill', u'conversations', u'gossip', u'hate', u'aka', u'gamer', u'gate'],Feminist Movement,AGAINST
[u'win', u'trying', u'either', u'trying', u'hard', u'help', u'winning', u'guys', u'seriously', u'f'],Feminist Movement,NONE
[u'girls', u'women', u'spend', u'much', u'time', u'pretty', u'attractive', u'complain', u'reduced', u'sex', u'symbol', u'?'],Feminist Movement,AGAINST
[u'ignoring', u'peer-reviewed', u'research', u'empirical', u'evidence', u'feminist', u'thing', u'gamer', u'gate', u'not', u'your', u'shield'],Feminist Movement,AGAINST
[u'always', u'delight', u'see', u'chest-drumming', u'alpha', u'males', u'hiss', u'scuttle', u'backwards', u'wall', u'feminist', u'enters', u'room'],Feminist Movement,FAVOR
[u'much', u'radical', u'feminist', u'feminist', u'start', u'rethinking', u'position', u'feminism', u'?'],Feminist Movement,AGAINST
[u'rt', u'mojibakemono', u'going', u'take', u'nap', u'follow', u'everyone', u'back', u'wake', u'op', u'y', u'n', u't', u'gamer', u'gate', u'not', u'your', u'shield'],Feminist Movement,AGAINST
[u'rethink', u'beach', u'clothes', u'bc', u'may', u'oppress', u'people', u'!', u'!'],Feminist Movement,AGAINST
[u'hey', u'first-world', u'country', u'white', u'women', u'bitching', u'gender', u'inequality', u'going', u'fine'],Feminist Movement,AGAINST
[u'feminism', u'hypocritical', u'fake', u'equality', u'manure', u'sprayed', u'pink', u'fecal', u'gamer', u'gate'],Feminist Movement,AGAINST
[u'women', u'understand', u"men's", u'plight', u'force', u'men', u'fatherhood', u'w', u'o', u'consent'],Feminist Movement,AGAINST
[u'maybe', u'just', u'cross', u'hungry', u'...', u'hmmmm'],Feminist Movement,NONE
[u'left', u'years', u'ago', u'keep', u'government', u'bedrooms', u'today', u'must', u'verbally', u'consent', u'every', u'step', u'drunk', u'sex'],Feminist Movement,AGAINST
[u'women', u'hollywood', u'still', u'getting', u'paid', u'less'],Feminist Movement,FAVOR
[u'feminists', u'ugly', u'people', u'calling', u'ugly', u'must', u'vile'],Feminist Movement,FAVOR
[u'incredibly', u'bigoted', u'rape', u'homosexuality'],Feminist Movement,AGAINST
