[u'get', u'killed', u'thank', u'tweeting', u'mad', u'crap', u'take', u'back'],Hillary Clinton,NONE
[u'rt', u'official', u"hillary's", u'running', u'president', u'says', u'campaign', u'chief', u'excellent', u'!'],Hillary Clinton,FAVOR
[u'support', u'now', u'lets', u'see', u'many', u'people', u'unfollow'],Hillary Clinton,AGAINST
[u'putin', u'nothing', u'more', u'american', u'than', u'voting', u'based', u'politician', u'lead', u'country', u'even', u'handle', u'email'],Hillary Clinton,AGAINST
[u'time', u'move', u'good', u'words', u'2', u'good', u'works', u'sound', u'bites', u'2', u'sound', u'solutions', u'hillary', u'clinton', u'hillary', u'clinton'],Hillary Clinton,FAVOR
[u'know', u'just', u'going', u'long', u'year', u'!'],Hillary Clinton,NONE
[u'come', u'iowa', u'!', u'better', u'usa', u'row'],Hillary Clinton,FAVOR
[u'says', u'millionaire', u'politician', u'accepts', u'$', u'$', u'$', u'countries', u'execute', u'gays', u'hypocrite', u'wake', u'up', u'america'],Hillary Clinton,AGAINST
[u'2', u'years', u'ago', u'hillary', u'never', u'answered', u'whether', u'used', u'private', u'email', u'liberal', u'media', u'passed', u'reporting'],Hillary Clinton,AGAINST
[u'innovation', u'development', u'make', u'utopia'],Hillary Clinton,NONE
[u'love', u'good', u'sale', u'money', u'well', u'spent', u'2', u'birds', u'1stone', u'love', u'wins'],Hillary Clinton,NONE
[u'apparently', u'fans', u'like', u'see', u"hillary's", u'name', u'even', u'implied', u'she', u'who', u'shall', u'not', u'be', u'named', u'because', u'shes', u'winning'],Hillary Clinton,FAVOR
[u'agree', u'surprised', u'gets', u'nom', u'jeb', u'bush', u'money', u'moderate'],Hillary Clinton,NONE
[u'hopefully', u'hillary', u'clinton', u'gets', u'cancer', u'dies', u'gets', u'opportunity', u'embarrass', u'country'],Hillary Clinton,AGAINST
[u'birthday', u'july', u'th', u'anyone', u'needs', u'gift', u'idea', u'chillary', u'clinton'],Hillary Clinton,AGAINST
[u'great', u'see', u'mentor', u'd', u'cin', u'd', u'right', u'qualified', u'candidate', u'ever', u'running', u'potus'],Hillary Clinton,FAVOR
[u'one', u'thing', u'painful', u'mindless', u'minutiae', u'strap', u'hanging', u'cling-ons', u'force', u'endure'],Hillary Clinton,AGAINST
[u'spatula', u'seems', u'appropriate', u'given', u'can', u'used', u'easily', u'flip', u'positions', u'heat', u'gets', u'high'],Hillary Clinton,AGAINST
[u'think', u'think', u'ever', u'vote', u'someone', u'dual', u'citizenship', u'believe', u'legal', u'bernie'],Hillary Clinton,NONE
[u'edge', u'seat', u'start', u'volunteering', u'presidential', u'campaign', u'!', u'excited', u'!', u'!'],Hillary Clinton,FAVOR
[u'o', u'c', u'm', u'd', u'insult', u'people', u'u', u'know', u'resign'],Hillary Clinton,NONE
[u'stand', u'right', u'side'],Hillary Clinton,FAVOR
[u'thank', u'much', u'rts', u'!', u'!', u'!', u'wake', u'up', u'america'],Hillary Clinton,AGAINST
[u'get', u'twisted', u'major', u'presidential', u'candidate', u'using', u'first', u'policy', u'speech', u'talk', u'mass', u'incarcertaion'],Hillary Clinton,AGAINST
[u'resonate', u'minority', u'black', u'voters', u'!'],Hillary Clinton,NONE
[u'hillary', u'stop', u'today', u'garner', u'italian', u'vote', u'm', u'm', u'worthless', u'hill', u'no'],Hillary Clinton,AGAINST
[u'im', u'high', u'hashtags', u'right', u'now', u'cant', u'help'],Hillary Clinton,NONE
[u'obama', u'riding', u'high', u'!', u'!', u'obama', u'care', u'love', u'wins', u'republicans', u'tearing', u'hair', u'whatever', u'left', u'..', u'next', u'c', u'o', u't', u'u'],Hillary Clinton,NONE
[u'hillary', u'clinton', u'might', u'want', u'book', u'smaller', u'venues', u'rallies', u'many', u'empty', u'seats', u'will', u'seen', u'tv', u'bad', u'lol'],Hillary Clinton,AGAINST
[u'times', u'changed', u'focused', u'attacks'],Hillary Clinton,NONE
[u'campaign', u'store', u'real', u'question', u'?', u'ready', u'buy', u'hillary', u'gear'],Hillary Clinton,FAVOR
[u'excited', u'hear', u'sen', u'klobuchar', u'speak', u'today', u'!'],Hillary Clinton,NONE
[u'laughing', u'republican', u'party', u'best', u'can', u'offer', u'donald', u'trump', u'jeb', u'bush', u'?', u'hillary', u'clinton', u'got', u'!'],Hillary Clinton,FAVOR
[u'anytime', u'liberal', u'throws', u'around', u'words', u'like', u'truth', u'reality', u'know', u'lie', u'!'],Hillary Clinton,NONE
[u'want', u'president', u'3rd', u'term', u'!', u'!', u'!', u'please', u'make', u'happen', u'lol', u'!', u'fine'],Hillary Clinton,AGAINST
[u'ok', u'..', u'emails', u'coming', u'?', u'didnt', u'already', u'say', u'server', u'erased', u'?'],Hillary Clinton,AGAINST
[u'old', u'understand', u'internet', u'...', u'can', u'fact', u'checked'],Hillary Clinton,AGAINST
[u'thank', u'4the', u'follow', u'god', u'bless', u'love', u'!', u'god', u'bless', u'america', u'may', u'always', u'land', u'free', u'!'],Hillary Clinton,NONE
[u'hillary', u'will', u'lock', u'americans', u'classrooms', u'campaign', u'problems', u'locking', u'us', u'whenever', u'wants'],Hillary Clinton,AGAINST
[u'even', u'manage', u'wants'],Hillary Clinton,AGAINST
[u'love', u'happens', u'world', u'!'],Hillary Clinton,NONE
[u'america', u'favor', u'feel', u'must', u'vote', u'woman', u'candidate', u'vote', u'carly', u'least', u'integrity', u'unlike'],Hillary Clinton,AGAINST
[u'change', u'equality'],Hillary Clinton,NONE
[u'stop', u'hillary', u'woman', u'integrity', u'honesty', u'vote', u'woman', u'president'],Hillary Clinton,AGAINST
[u'leaving', u"dad's", u'took', u'liberty', u'framing', u'put', u'pictures', u'meeting', u'hillary', u'bill', u'clinton'],Hillary Clinton,FAVOR
[u'much', u'monica', u'getting', u'paid', u"bill's", u'burrito', u'squirted', u'sauce', u'pretty', u'blue', u'dress', u'?'],Hillary Clinton,AGAINST
[u'conscious', u'haunted', u'marxism'],Hillary Clinton,AGAINST
[u'innovation', u'development', u'make', u'utopia'],Hillary Clinton,FAVOR
[u"hillary's", u'nose', u'lying', u'now', u'bigger', u"bill's", u'cigars'],Hillary Clinton,AGAINST
[u'wanna', u'long', u'term', u'relationship', u'bitch', u'hides', u'emails', u'lies', u'face', u'?', u'dontvote'],Hillary Clinton,AGAINST
[u'jimmy', u'fallon', u'music', u'playing', u'thank', u'...', u'donald', u'trump', u'...', u'driving', u'latinos', u'gays', u'vote', u'millions', u'love'],Hillary Clinton,NONE
[u'thinking', u'hillary', u'throws', u'chelsea', u'bus', u'end', u'foundation', u'firestorm', u'clinton', u'cash', u'the', u'greater', u'good'],Hillary Clinton,AGAINST
[u'women', u'demographic', u'least', u'%', u'nation', u'woman', u'symbolic', u'man'],Hillary Clinton,NONE
[u'without', u'blacks', u'minority', u'voters', u'?', u'happen', u'!'],Hillary Clinton,NONE
[u'2', u'hours', u'left', u'chip', u'$', u'5', u'nevada', u'!', u'o', u't', u'u'],Hillary Clinton,AGAINST
[u'stop', u'promoting', u'liar', u'just', u'like', u'impeached', u'husband', u'wake', u'up', u'america'],Hillary Clinton,AGAINST
[u'proud', u'announce', u'support', u'hillary', u'clinton', u'!', u'!', u'!'],Hillary Clinton,FAVOR
[u'know', u'going', u'lose', u'hrc', u'keep', u'trying', u'!'],Hillary Clinton,FAVOR
[u'black', u'president', u'healthcare', u'4', u'marriage', u'equality', u'...', u'next', u'?', u'..', u'woman', u'president', u'?', u'!', u'damn', u'right', u'!', u'c', u'o', u't', u'u', u'marriage', u'equality'],Hillary Clinton,FAVOR
[u'3', u'fixing', u"america's", u'political', u'system', u'getting', u'rid', u'unaccountable', u'money', u'4', u'protecting', u'country'],Hillary Clinton,NONE
[u'goal', u'setting', u'victims', u'bill', u'clinton', u'assault', u'?', u'hillary', u'clinton', u'chelseas', u'mom'],Hillary Clinton,AGAINST
[u'hillary', u'just', u'enough', u'time', u'doctor', u'email', u'inbox', u'advantage', u'releasing', u'...', u'hahaha'],Hillary Clinton,AGAINST
[u'believe', u'santa', u'hairstylist', u'?', u'um', u'...', u'okay', u'often', u'need', u'code', u'lies'],Hillary Clinton,NONE
[u'sending', u'u', u'gay', u'bear', u'love', u'chicago', u'hillary', u'my', u'president'],Hillary Clinton,FAVOR
[u'inaugural', u'tweet', u'new', u'account', u'!', u'go'],Hillary Clinton,AGAINST
[u'g-town'],Hillary Clinton,NONE
[u'welcome', u'little', u'sister', u'!', u'love', u'!'],Hillary Clinton,NONE
[u'hillary-speak', u'campaign', u'rhetoric', u'going', u'death'],Hillary Clinton,AGAINST
[u'hillary', u'stop', u'pretending', u'supporting', u'lgbt', u'people', u'opposed', u'lying', u'conniving', u'human'],Hillary Clinton,AGAINST
[u'yes', u'make', u'proud', u'socialism', u'answer', u'leads', u'communism', u'will', u'succeed'],Hillary Clinton,NONE
[u'case', u'emergency', u'push', u'button', u'scrub', u'server', u'...'],Hillary Clinton,NONE
[u'federal', u"gov't", u'social', u'spending', u'%', u'budget', u'federal', u"gov't", u'defense', u'spending', u'%', u'budget', u'something', u'definitely', u'wrong'],Hillary Clinton,NONE
[u'crazy', u'think', u'next', u'oval', u'office', u'either', u'going', u'hillary', u'republican'],Hillary Clinton,AGAINST
[u'clinton', u'entitlement', u'proverbial', u'american', u'hemorrhoid', u'opinionated'],Hillary Clinton,AGAINST
[u"hillary's", u'emails', u'missing', u'incomplete', u'?', u"who'd", u'thunk', u'?', u'?', u'just', u'trust', u'!', u'!', u'!'],Hillary Clinton,AGAINST
[u'offensive', u'mexican', u'flag', u'flies', u'us', u'soil', u'california', u'state', u'capital', u'lovewins', u'donald', u'trump'],Hillary Clinton,AGAINST
[u'2', u'people', u'surprising', u'?', u'trump', u'fiorina', u'?', u'cause', u'honest', u'w', u'think', u'obama', u'built'],Hillary Clinton,NONE
[u'huge', u'win', u'america', u'!', u'today', u'absolutely', u'historic', u'equality', u'wins', u'c', u'o', u't', u'u', u'marriage'],Hillary Clinton,NONE
[u'now', u'hillary', u'raising', u'money', u'like', u'incumbent', u'president', u'can', u'stop', u'pretending', u'nominee', u'?'],Hillary Clinton,AGAINST
[u'hillary', u'clinton', u'yet', u'release', u'donors', u'...', u'public', u'deserves', u'disclosure', u'scandals', u'clintons'],Hillary Clinton,AGAINST
[u'technically', u'president', u'raging', u'hormones', u'refer', u'estrogen', u'testosterone', u'anabolic', u'steroids', u'blame', u'public', u'schools'],Hillary Clinton,AGAINST
[u'god', u'global', u'warming', u'melting', u'icebergs', u'never', u'gets', u'prosecuted', u'crimes', u'liberals'],Hillary Clinton,AGAINST
[u'anyone', u'vote', u'woman', u'?'],Hillary Clinton,AGAINST
[u'hey', u'hillary', u'way', u'buy', u'votes', u'!', u'hillary', u'so', u'old'],Hillary Clinton,AGAINST
[u'hillary', u'killing', u'far', u'trail', u'finally', u'showing', u'personal', u'side', u'think', u'will', u'benefit', u'profoundly'],Hillary Clinton,FAVOR
[u'much', u'poll', u'numbers', u'jumped', u'still', u'hillary', u'winning', u'dem', u'nomination'],Hillary Clinton,FAVOR
[u'time', u'rope', u'killary', u'delete', u'ballot', u'clone', u'sodom', u'insane', u'obammad', u'wake', u'up', u'america'],Hillary Clinton,AGAINST
[u'breaking', u'news', u'hillary', u'trades', u'campaign', u'bus', u'broomstick'],Hillary Clinton,AGAINST
[u'shit', u'barometer', u'always', u'rise', u'republicans', u'speak', u'?', u'u', u'july4'],Hillary Clinton,AGAINST
[u'treatment', u'press', u'amb', u'stevens', u'fam', u'intel', u'american', u'ppl', u'enough', u'send', u'jail'],Hillary Clinton,AGAINST
[u'love', u'reporter', u'ask', u'sec', u'clinton', u'will', u'u', u'b', u'returning', u'white', u'house', u'china', u'elected', u'?', u'u', u'already', u'hock', u'?'],Hillary Clinton,AGAINST
[u'even', u'answer', u'complete', u'sentence', u'lol', u'legend'],Hillary Clinton,NONE
[u'oh', u'know', u'effed', u'beginning'],Hillary Clinton,NONE
[u'>', u'since', u'trickle', u'economics', u'failed', u'last', u'time', u'poor', u'person', u'created', u'jobs', u'?'],Hillary Clinton,AGAINST
[u'good', u'years', u'public', u'service', u'zero', u'accomplishments', u'hillary', u'finally', u'ready', u'2', u'serve', u'public', u'!', u'lolol'],Hillary Clinton,AGAINST
[u'americans', u'value', u'society', u'called', u'vote', u'liberal', u'logic', u'international', u'joke', u'day'],Hillary Clinton,AGAINST
[u'u', u'missouri', u'kc', u'got', u'chelsea', u'caus', u'hils', u'cost', u'much', u'chels', u'arrive', u'w', u'mom', u'xtra', u'charge'],Hillary Clinton,AGAINST
[u'republicans', u'talk', u'social', u'policy', u'better', u'...'],Hillary Clinton,NONE
[u'breathe', u'live', u'ignore', u'collectively', u'succumb', u'toxins', u'political', u'ecological', u'unwanton', u'oligards', u'?'],Hillary Clinton,AGAINST
[u'denial', u'works', u'hillary', u'mayor', u'baltimore', u'democrat', u'lies', u'matter'],Hillary Clinton,AGAINST
[u'even', u'little', u'bit', u'!', u'!', u'!', u'nobama', u'we', u'miss', u'you', u'gipper'],Hillary Clinton,NONE
[u'whoever', u'now', u'let', u'known', u'support', u'marco', u'rubio', u'never', u'sleeps', u'!', u'promote', u'new', u'american', u'century', u'7', u'texas', u't', u'x'],Hillary Clinton,AGAINST
[u'can', u'expect', u'u', u'make', u'good', u'financial', u'decisions', u'us', u'u', u'manage', u'ur', u'multimillion', u'$', u'salary', u'ur', u'broke'],Hillary Clinton,AGAINST
[u'lol', u'many', u'people', u'around', u'hate', u'hillary', u'?'],Hillary Clinton,FAVOR
[u'us', u'also', u'brain', u'will', u'voting', u'hillary', u'...'],Hillary Clinton,AGAINST
[u'remember', u'back', u'cracker', u'barrel', u'gave', u'2', u'political', u'correctness', u'duck', u'dynasty', u'?', u'wakeup', u'n', u'c', u'r', u'b4', u'late'],Hillary Clinton,NONE
[u'best', u'business', u'presidential', u'seat', u'hillary', u'clinton'],Hillary Clinton,AGAINST
[u'think', u'statute', u'limitations', u'expired', u'plus', u'can', u'always', u'driver', u'ala'],Hillary Clinton,NONE
[u'illegal', u'employer', u'discriminate', u'workers', u'equality', u'for', u'all'],Hillary Clinton,FAVOR
[u'realize', u'bob', u'dole', u'mentioned', u"tupac's", u'u', u'want', u'yesterdays', u'leaders'],Hillary Clinton,NONE
[u'forgive', u'cheryl', u'rios', u'stupid', u'comments', u'women', u'president', u'will', u'blame', u'time', u'month', u'anyways'],Hillary Clinton,NONE
[u'%', u'agree', u'need', u'woman', u'like', u'hillary', u'can', u'help', u'country', u'get', u'nursed', u'back', u'together', u'!'],Hillary Clinton,FAVOR
[u'think', u'funny', u'people', u'think', u'bernie', u'can', u'take', u'hillary', u'bill'],Hillary Clinton,FAVOR
[u'love', u'joe', u'bernie--but', u'old--they', u'end', u'one', u'term', u'president'],Hillary Clinton,AGAINST
[u'r', u'u', u'desperate', u'?', u'3rd', u'hillary', u'tweet', u'timeline', u'2day', u'gonna', u'vote', u'4', u'u', u'!'],Hillary Clinton,AGAINST
[u'love', u'pay', u'attention', u'democratic', u'candidate', u'republican', u'candidates', u'know', u'the', u'enemy'],Hillary Clinton,NONE
[u'leftest', u'hippocratic', u'domecrats', u'vote', u'fine', u'lady', u'michell', u'bachmann', u'will', u'vote', u'email', u'scandal', u'benghazi', u'killary'],Hillary Clinton,AGAINST
[u'hope', u'voters', u'remember', u'!', u'hill', u'no'],Hillary Clinton,AGAINST
[u'also', u'$', u'speaking', u'fees', u'hillary', u'took', u'goldman', u'sachs', u'two', u'speeches'],Hillary Clinton,AGAINST
[u'glad', u'will', u'now', u'slice', u'round'],Hillary Clinton,AGAINST
[u'hillaryclinton', u'next', u'legalization', u'pet', u'goat', u'neighbor', u'dating', u'9', u'year', u'old', u'next', u'door', u'..'],Hillary Clinton,AGAINST
[u'u', u'get', u'book', u'yea', u'?'],Hillary Clinton,NONE
[u'thanks', u'participating', u'!', u'lucky', u'iowa', u'fellows'],Hillary Clinton,NONE
[u'brave', u'patriots', u'stop', u'hillary', u'going', u'replace', u'jeb', u'bush', u'?', u'lol'],Hillary Clinton,FAVOR
[u'reason', u'vote', u'democrat', u'c', u'aworks', u'get', u'money', u'out', u'restore', u'the', u'v', u'r', u'bernie'],Hillary Clinton,FAVOR
[u'rt', u'want', u'young', u'american', u'women', u'able', u'proud', u'1st', u'woman', u'president'],Hillary Clinton,FAVOR
[u'sos', u'obama', u'?', u'?', u'?', u'?', u':-)', u'joking', u'?', u'stop', u'dilma', u'stop', u'lula', u'stop', u'forode', u'sao', u'paulo'],Hillary Clinton,NONE
[u'today', u'love', u'won', u'hate', u'defeated', u'morning', u'joe', u'united', u'blue'],Hillary Clinton,NONE
[u'awesome', u'every', u'true', u'chef', u'needs', u'..', u'go', u'hillary'],Hillary Clinton,AGAINST
[u'support', u'supporting', u'another', u'term', u'policies', u'george', u'w', u'bush'],Hillary Clinton,AGAINST
[u"ain't", u'ways', u'tired', u'dumbass'],Hillary Clinton,NONE
[u'can', u'anyone', u'name', u'jobs', u'hillary', u'clinton', u'responsible', u'creating', u'..', u'even', u'security', u'entitlement', u'...'],Hillary Clinton,AGAINST
[u'honest', u'voice', u'scare', u'shit', u'everyone', u'!'],Hillary Clinton,AGAINST
[u'lost', u'military', u'boys', u'president', u'pulled', u'iraq', u'liberal', u'consequences'],Hillary Clinton,AGAINST
[u'getting', u'another', u'bumper', u'sticker', u'love', u'wins', u'2', u'just', u'enough'],Hillary Clinton,FAVOR
[u'even', u'manage', u'wants'],Hillary Clinton,AGAINST
[u'quite', u'obsessed', u'emails', u'transparency', u'hillary', u'clinton', u'destroy', u'emails', u'?'],Hillary Clinton,AGAINST
[u'will', u'media', u'ever', u'get', u'real', u'hillary', u'?', u'benghazi', u'clinton'],Hillary Clinton,AGAINST
[u'rich', u'saudi', u'donors', u'execute', u'gays', u'join', u'team', u'?', u'hypocrite', u'wake', u'up', u'america'],Hillary Clinton,AGAINST
[u'many', u'women', u'many', u'countries', u'speak', u'language', u'silence', u'hillary', u'clinton', u'hillary', u'cliton', u'hillary4', u'women'],Hillary Clinton,FAVOR
[u'hillary', u'really', u'need', u'run', u'country', u'?', u'just', u'make', u'president', u'bingo', u'club', u'shady', u'pines', u'?'],Hillary Clinton,AGAINST
[u'great', u'supports', u'gmo', u'crops', u'like', u'scepticism', u'science', u'vs', u'belief', u'jeb', u'bush'],Hillary Clinton,AGAINST
[u'big', u'hillary', u'clinton', u'supporter', u'plan', u'working', u'poor', u'donnie', u'even', u'know', u'trump'],Hillary Clinton,AGAINST
[u'awesome', u'video', u'!', u'vote', u"chelsea's", u'mom'],Hillary Clinton,FAVOR
[u'hillary', u'took', u'hypocritical', u'oath', u'vow', u'harm', u'cross', u'ready', u'for', u'hillary', u'g', u'o'],Hillary Clinton,AGAINST
[u'overheard', u'davenport', u'open', u'house', u'oh', u'know', u'facebook', u'!', u'digital', u'organizing'],Hillary Clinton,AGAINST
[u'govt', u'restart', u'button', u'?', u'someone', u'needs', u'push', u'thing', u'remember', u'benghazi', u'patriots', u'will', u'rise'],Hillary Clinton,NONE
[u'compassion', u'new', u'frontier', u'hillary', u'will', u'go', u'never', u'gone', u'need', u'village', u'committee'],Hillary Clinton,AGAINST
[u'thing', u'pay', u'money', u'hear', u'hillary', u'clinton', u'say', u'quit', u'guilty', u'worth', u'millions'],Hillary Clinton,AGAINST
[u'loved', u'talking', u'yvette', u'today', u'education', u"women's", u'voices', u'politics', u'wait', u'see', u'caucus', u'day', u'!', u'fellows'],Hillary Clinton,AGAINST
[u'one', u'hillary', u"clinton's", u'biggest', u'idols', u'margaret', u'sanger', u'called', u'extermination', u'colored', u'people'],Hillary Clinton,AGAINST
[u'lies', u'hypocrisy', u'senator', u'ny', u'clearly', u'said', u'opposed', u'gay', u'marriage'],Hillary Clinton,AGAINST
[u'support', u'encourage', u'hillary', u'clinton', u'president', u'united', u'states', u'world', u'success', u'women', u'world'],Hillary Clinton,FAVOR
[u'march', u'8', u'ohio', u'holding', u'primaries', u'!', u'date', u'subject', u'change', u'ohio', u'our', u'champion'],Hillary Clinton,NONE
[u'hilly', u"barry's", u'bloody', u'benghazi', u'bamboozle', u'hillary', u'ice', u'cream', u'flavors', u'wake', u'up', u'america'],Hillary Clinton,AGAINST
[u'know', u'slippery', u'snakes', u'slither', u'shards', u'glass', u'!'],Hillary Clinton,NONE
[u'republican', u'candidates', u'continuing', u'spread', u'hatred', u'alienating', u'voters', u'hillary', u'wins', u'!', u'love', u'wins', u'mike', u'huckabee', u'rubio'],Hillary Clinton,FAVOR
[u'rt', u'hillary', u'win'],Hillary Clinton,FAVOR
[u'yeah', u'real', u'forward', u'thinker', u'!', u'lol', u'make', u'america', u'great', u'again', u'why', u'im', u'not', u'voting', u'for', u'hillary'],Hillary Clinton,AGAINST
[u'even', u'manage', u'wants', u'wake', u'up', u'america', u'stop', u'hillary'],Hillary Clinton,AGAINST
[u'met', u'enough', u'words', u'describe', u'envy', u'haha'],Hillary Clinton,AGAINST
[u'h', u'r', u'y', u'lying', u'long', u'first', u'fib', u'morse', u'code', u'hill', u'no'],Hillary Clinton,AGAINST
[u'whatever', u'gop', u'going', u'now', u'marriage', u'equality', u'aca', u'?', u'going', u'fun', u'watch', u'!'],Hillary Clinton,NONE
[u'rt', u'thanks', u'keep', u'sending', u'clowns', u'!', u'makes', u'upcoming', u'election', u'entertaining', u'rock', u'...'],Hillary Clinton,NONE
[u'name', u'rio', u'dances', u'sanaaaaand', u'!', u'!', u'!', u'whoooo', u'!', u'!', u'o', u't'],Hillary Clinton,AGAINST
[u'go', u'watch', u'america', u'imagine', u'world', u'without', u"it'll", u'make', u'realize', u'lucky', u'live', u'best', u'country', u'earth'],Hillary Clinton,NONE
[u'ready', u'day', u'action', u'?', u'!', u'know', u'!', u'fellows', u'c'],Hillary Clinton,NONE
[u'bernie', u'done', u'work', u'decades', u'behalf', u'american', u'people', u'corporatocracy', u'corrupted'],Hillary Clinton,AGAINST
[u'wait', u'get', u'yaaas', u'hillary', u'shirt', u'!'],Hillary Clinton,FAVOR
[u'whole', u'supporting'],Hillary Clinton,FAVOR
[u'will', u'cost', u'election'],Hillary Clinton,NONE
[u'putin', u'nothing', u'more', u'american', u'than', u'voting', u'politician', u'lead', u'country', u'even', u'handle', u'email'],Hillary Clinton,AGAINST
[u'amazing', u'turnout', u'emotional', u'crowd', u'rt', u'agree', u'love', u'wins', u'fellows', u'n', u'v'],Hillary Clinton,NONE
[u'time', u'guy', u'benghazi', u'sign', u'will', u'arrested'],Hillary Clinton,AGAINST
[u'>', u'<', u'may', u'say', u'sexism', u'rest', u"y'all", u'shut'],Hillary Clinton,NONE
[u'win', u'blacks', u'put', u'focus', u'racial', u'tension', u'blacks', u'whites'],Hillary Clinton,AGAINST
[u'cant', u'dazzle', u'brilliance', u'baffle', u'bullshit', u'hillary', u'clinton'],Hillary Clinton,AGAINST
[u'gay', u'marriage', u'minor', u'setback', u'fox', u'news', u'tune', u'full', u'collapse', u'november', u'8', u'lots', u'tears', u'broken', u'hearts'],Hillary Clinton,NONE
[u'even', u'manage', u'wants', u'wake', u'up', u'america', u'stop', u'hillary'],Hillary Clinton,AGAINST
[u'dude', u'hillary', u'run', u'fax', u'machine', u'?'],Hillary Clinton,AGAINST
[u'hilliary', u'provided', u'work', u'related', u'emails', u'state', u'dept', u'work', u'related', u'emails', u'provide', u'hillaredacted'],Hillary Clinton,AGAINST
[u'facts', u'confirm', u'knew', u'used', u'server', u'prevent', u'e-mails', u'becoming', u'public', u'records', u'like', u'obama', u'transparency'],Hillary Clinton,AGAINST
[u'just', u'hang', u'long', u'enough', u'idiot', u'completely', u'destroy', u'country'],Hillary Clinton,AGAINST
[u'america', u'dead', u'broke', u'o', u'w', u'y', u'slowly', u'china', u'wants', u'yuan', u'replace', u'u', u'dollar', u"world's", u'new', u'global', u'currency'],Hillary Clinton,NONE
[u'just', u'think', u'many', u'emails', u'hillary', u'clinton', u'can', u'delete', u"today's"],Hillary Clinton,AGAINST
[u'fine', u';', u'unethical', u'illegal', u'quid', u'pro', u'quo', u'uranium', u'deal', u'works'],Hillary Clinton,NONE
[u'agree', u'better', u'like', u'severe', u'cold', u'better', u'pneumonia', u'good', u'luck'],Hillary Clinton,NONE
[u'make', u'sure', u'make', u'brew', u'house', u'pella', u'ia', u'tomorrow', u'', u'3', u'meet', u'supporters', u'!'],Hillary Clinton,AGAINST
[u'common', u'core', u'another', u'brilliant', u'idea', u'supported'],Hillary Clinton,AGAINST
[u'rt', u'democrats', u'red', u'obama', u'communist', u'true', u'patriot', u'stop', u'hillary'],Hillary Clinton,AGAINST
[u'obamacare', u'stays', u'confederate', u'flag', u'goes', u'guys', u'quite', u'shitty', u'week', u'?'],Hillary Clinton,NONE
[u'cruz', u'needs', u'autograph', u'bomb'],Hillary Clinton,NONE
[u'proud', u'!', u'soon', u'will', u'show', u'really', u'keep', u'good', u'work', u'!'],Hillary Clinton,FAVOR
[u'hillary', u'lying', u'something', u'news', u'worthy', u'?', u'news', u'worthy', u'lie', u'something'],Hillary Clinton,AGAINST
[u'even', u'manage', u'wants', u'wake', u'up', u'america', u'stop', u'hillary'],Hillary Clinton,AGAINST
[u'call', u'bill', u'mr', u'president', u'...', u'first', u'1st', u'man', u'mr', u'president', u'1st', u'man', u'?', u'lol'],Hillary Clinton,FAVOR
[u'hillary', u'clinton', u'driven', u'car', u'since'],Hillary Clinton,AGAINST
[u'wish', u'u', u'benghazi', u'instead', u'great', u'people', u'chronic', u'liar', u'power', u'hungry', u'animal'],Hillary Clinton,AGAINST
[u'hand', u'over', u'the', u'server', u'wiped', u'clean', u'deleted', u'emails', u'explains', u'dereliction', u'duty', u'lies', u're', u'benghazi', u'etc'],Hillary Clinton,AGAINST
[u'da', u'honies', u'gittin', u'money', u'playing', u'words', u'like', u'dummies', u'o'],Hillary Clinton,NONE
[u'casually', u'hangin', u'conference', u'call', u'taking', u'break', u'c', u'u', u'h', u'o'],Hillary Clinton,FAVOR
[u'fav', u'supports', u'wrong', u'candidate', u'bernie'],Hillary Clinton,NONE
[u'want', u'first', u'female', u'competent'],Hillary Clinton,AGAINST
[u'interesting', u'see', u'hillary', u'defends', u'questioned', u'will', u'eventually', u'answer', u'questions'],Hillary Clinton,AGAINST
[u'guy', u'w', u'benghazi', u'sign', u'guts', u'loveit', u'no', u'hillary'],Hillary Clinton,AGAINST
[u'miracle', u'suddenly', u'democrats', u'mind', u'someone', u'voted', u'war'],Hillary Clinton,AGAINST
[u'mistakes', u'...', u'hillary', u'clinton', u'lying', u'cover-ups', u'way', u'life'],Hillary Clinton,AGAINST
[u'need', u're-establish', u'system', u'dominated', u'love', u'affection', u'rt'],Hillary Clinton,FAVOR
[u'c', u'vote', u'j', u't', u'd', u'rfwheels', u'davidjones', u'rratkinson', u'right', u'mean', u'heck', u'arab', u'donor', u'group', u'?', u'?', u'hillary', u'emails', u'd', u'...'],Hillary Clinton,AGAINST
[u'hillary', u'needs', u'go', u'sheetz', u'gas', u'station', u'pm', u'see', u'real', u'america'],Hillary Clinton,AGAINST
[u'fine', u'can', u'leave', u'usa', u'never', u'come', u'back', u'oi', u'cruz'],Hillary Clinton,AGAINST
[u'sexist', u'fuk', u'world', u'question', u'qualifications', u'former', u'secretary', u'state'],Hillary Clinton,FAVOR
[u'gives', u'rate', u'ass', u'old', u'queen', u'say', u'clarence', u'thomas', u'?'],Hillary Clinton,NONE
[u'dad', u'told', u'voting', u'hillary', u'proud', u'lol'],Hillary Clinton,FAVOR
[u'obama', u'give', u'americans', u'overtime', u'pay', u'!', u'republicans', u'give', u'americans', u'welfare', u'checks', u'!', u'unite', u'blue'],Hillary Clinton,AGAINST
[u'high', u'school', u'decided', u'first', u'woman', u'president', u'never', u'got', u'politics', u"trump's", u'money'],Hillary Clinton,NONE
[u'hey', u'just', u'checked', u'blog', u'kudos', u'!', u'keep', u'!'],Hillary Clinton,AGAINST
[u'also', u'voted', u'iraq', u'war', u'responsible', u'gathering', u'votes', u'support'],Hillary Clinton,AGAINST
[u'idiot', u'vote', u'hillary', u'obama', u'epitome', u'wrong', u'country', u'benghazi'],Hillary Clinton,AGAINST
[u'working', u'american', u'tax', u'payer', u'keeps', u'paying', u'unethical', u'liberals', u'want', u'destroy', u'great', u'country'],Hillary Clinton,AGAINST
[u'woman', u'corrupt', u'even', u'truthful', u'thought'],Hillary Clinton,AGAINST
[u'just', u'want', u'dog', u'stop', u'eating', u'trash'],Hillary Clinton,NONE
[u'welcome', u'2', u'twitter', u'~', u'proud', u'u', u'n', u't', u'b', u'u', u'~', u'war', u'on', u'women', u't', u'n', u'all', u'lives', u'matter'],Hillary Clinton,NONE
[u'yes', u'hrc', u'subject', u'2', u'dbl', u'standard', u'smh', u'come', u'u', u'knew', u'donations', u'b', u'scrutinized', u';', u'spun', u'!'],Hillary Clinton,AGAINST
[u'monday', u'night', u'know', u'hillary', u'supporters', u'?', u'rock', u'hill', u'amazing', u'phone', u'bank', u'!', u'come', u'join', u'!', u'hillaryforsc'],Hillary Clinton,FAVOR
[u'twitter', u'followers', u'four', u'major', u'republican', u'candidates', u'bush', u'rubio', u'paul', u'cruz', u'combined'],Hillary Clinton,FAVOR
[u'republican', u'donors', u'numerous', u'candidates', u'put', u'money', u'dems', u'basically', u'one', u'gonna', u'get', u'killed', u'financially'],Hillary Clinton,AGAINST
[u'commit', u'cards', u'collected', u'hillary', u'greenville', u'sc', u'far', u'!', u'fellows', u'c'],Hillary Clinton,FAVOR
[u'lets', u'remember', u'unindicted', u'war', u'criminal', u'b4', u'start', u'yelling', u'benghazi', u'day', u'day', u'will', u'ever', u'see', u'justice', u'?'],Hillary Clinton,NONE
[u'respect', u'law', u'respect', u'law', u'yes', u'needed', u'desperately', u'baltimore', u'riots'],Hillary Clinton,NONE
[u'hillary', u'clinton', u'hiring', u'monsanto', u'lawyers', u'help', u'become', u'president', u'next', u'president', u'aided', u'monsanto'],Hillary Clinton,AGAINST
[u'excited', u'hear', u'speak', u'hanover', u'hillaryin', u'n', u'h'],Hillary Clinton,FAVOR
[u'hear', u'peter', u'gunn', u'theme', u'going', u'kick', u'serious', u'gop', u'ass'],Hillary Clinton,AGAINST
[u'yes', u'tell', u'us', u'name', u'one', u'accomplishments'],Hillary Clinton,AGAINST
[u'said', u'all', u'lives', u'matter', u'just', u'like', u'said', u'marriage', u'man', u'woman', u'!', u'giver', u'years'],Hillary Clinton,AGAINST
[u'stephens', u'begged', u'life', u'begging', u'ur', u'vote', u'not', u'chance', u'in', u'hell'],Hillary Clinton,AGAINST
[u'just', u'defending', u'girl', u'hillary', u'!'],Hillary Clinton,FAVOR
[u'everyday', u'americans', u'families', u'need', u'champion', u'hillary', u'will', u'champion'],Hillary Clinton,FAVOR
[u'rand', u'paul', u'will', u'never', u'potus', u'baltimore', u'uprising'],Hillary Clinton,NONE
[u'2', u'million', u'bogus', u'followers', u'twitter', u'why', u'im', u'not', u'voting', u'for', u'hillary'],Hillary Clinton,AGAINST
[u'flip', u'flopped', u'gay', u'marriage', u'issue', u';', u'must', u'votes', u'available', u'current', u'view', u'?'],Hillary Clinton,AGAINST
[u'run', u'way', u'paper', u'bag', u'let', u'alone', u'beat', u'hillary', u'clinton', u'go', u'home', u'chris', u'u', u'r', u'drunk', u'chris', u'christie'],Hillary Clinton,FAVOR
[u'original', u'scooby', u'van', u'also', u'full', u'unemployed', u'hippies', u'stupid', u'dog', u'lived', u'meddle', u"people's", u'business', u'?'],Hillary Clinton,AGAINST
[u'want', u'america', u'great', u'why', u'im', u'not', u'voting', u'for', u'hillary'],Hillary Clinton,AGAINST
[u'despite', u"today's", u'ruling', u'struggle', u'end', u'lgbt', u'discrimination', u'also', u'far', u'finished', u'virginia', u'j', u'j'],Hillary Clinton,FAVOR
[u'woman', u'can', u'president', u'?'],Hillary Clinton,AGAINST
[u'rest', u'able', u'escape', u'clinton', u'well', u'clinton', u'correctional', u'hillary', u'clinton', u'clinton'],Hillary Clinton,AGAINST
[u'secret', u'clinton', u'docs', u'?', u'gee', u'surprise', u'!'],Hillary Clinton,AGAINST
[u'hillary', u'clinton', u'vs', u'bernie', u'sanders', u'primary', u'will', u'like', u'brawl', u'applesauce', u'retirement', u'home', u'ready', u'for', u'hillary'],Hillary Clinton,FAVOR
[u'want', u'go', u'back', u'time', u'men', u'women', u'appear', u'yearbook', u'school'],Hillary Clinton,NONE
[u'innovation', u'development', u'make', u'utopia'],Hillary Clinton,FAVOR
[u'ceo', u'pay', u'target', u'election', u'someone', u'makes', u"ceo's", u'drank', u'kool-aid'],Hillary Clinton,NONE
[u'going', u'great', u'year', u'rush', u"limbaugh's", u'contract', u'will', u'dropped', u'many', u'liberal', u'victory'],Hillary Clinton,NONE
[u'join', u'twitter', u'movement', u'!', u'rt', u'fav', u'mention', u'follow', u'back', u'!'],Hillary Clinton,NONE
[u'awkwardness', u'awfulness', u'?', u'think', u'latter'],Hillary Clinton,AGAINST
[u'love', u'bernie', u"ain't"],Hillary Clinton,NONE
[u'students', u'baylor', u'university', u"y'all", u'ready', u'marco', u'rubio', u'b', u'u', u'baylor', u'bears', u'baylor', u'bears', u'new', u'american', u'century', u'g', u'o'],Hillary Clinton,AGAINST
[u'suspect', u"hillary's", u'scooby', u'doo', u'tour', u'used', u'distraction', u'servergate', u'et', u'al', u'no', u'obama', u'third', u'term'],Hillary Clinton,AGAINST
[u'make', u'secretary', u'clinton', u'president', u'clinton'],Hillary Clinton,FAVOR
[u'loving', u'new', u'colorful', u'profile', u'pic', u'!'],Hillary Clinton,FAVOR
[u'congratulations', u'entering', u'race', u'president', u'!', u'support', u'jews', u'world', u'!'],Hillary Clinton,FAVOR
[u'clothing', u'line', u'made', u'china', u'?', u'can', u'u', u'say', u'lier', u'pants', u'fire', u'?'],Hillary Clinton,NONE
[u'volunteer', u'local', u'campaign', u'weekend', u'!', u'help', u'build', u'team', u'hillary', u'march', u'w', u'us', u'bethesda', u'!', u'm', u'd'],Hillary Clinton,FAVOR
[u'end', u'lawless', u'clinton', u'foundation', u'jail', u'butcher', u'benghazi', u'arrest', u'rapist', u'bill', u'clinton', u'hillary', u'clinton'],Hillary Clinton,AGAINST
[u'right', u'words', u'longer', u'meaning', u'like', u'clintons', u'depends', u'meaning'],Hillary Clinton,AGAINST
[u'first', u'scotus', u'reaffirms', u'obamacare', u'legalize', u'gay', u'marriage', u'world', u'crumbling', u'!'],Hillary Clinton,NONE
[u'saudi', u'arabia', u'imprisons', u'flogs', u'rape', u'victims', u"women's", u'champion', u'accepted', u'millions', u'$', u'$', u'$', u'saudi', u'govt'],Hillary Clinton,AGAINST
[u'deceit', u'hand', u'?', u'thats', u'hand', u'know', u'well', u'right', u'?'],Hillary Clinton,AGAINST
[u'will', u'center', u'hitler'],Hillary Clinton,AGAINST
[u'will', u'little', u'tree', u'run', u'smell', u'that', u'champion'],Hillary Clinton,NONE
[u'bernie', u'sanders', u'running', u'president', u'already', u'one', u'really', u'old', u'guy', u'running', u'?', u'?'],Hillary Clinton,AGAINST
[u'excited', u'working', u'great', u'fellows', u'c', u'summer', u'pretty', u'great', u'people', u'fired', u'lets', u'go'],Hillary Clinton,NONE
[u'h', u'stands', u'holding', u'back', u'e-mails', u'belonging', u'we', u'the', u'people', u'wake', u'up', u'america', u'hillary', u'lies', u'matter', u'unite', u'b', u'iue'],Hillary Clinton,AGAINST
[u"hillary's", u'new', u'campaign', u'slogan', u'hillary', u'nothing', u'hide', u'except', u'truth', u'!', u'!', u'!', u't', u'c', u'o', u't', u'c', u'c', u'o', u't'],Hillary Clinton,AGAINST
[u'think', u'country', u'ready', u'female', u'pres', u'ever', u'hillary'],Hillary Clinton,AGAINST
[u"hillary's", u'right', u'thing', u'staying', u'focus', u'campaign'],Hillary Clinton,FAVOR
[u'big', u'booty', u'bitches', u'big', u'big', u'booty', u'bitches'],Hillary Clinton,AGAINST
[u'lie', u'everything', u'else', u'even', u'confronted', u'truth'],Hillary Clinton,AGAINST
[u'hillary', u'in', u'n', u'h', u'like', u'adolph', u'hitler', u'synagogue'],Hillary Clinton,AGAINST
[u'another', u'hillary', u'supporter', u'committed', u'caucus', u'tonight', u'!', u'one', u'step', u'way', u'winning', u'iowa', u'caucus'],Hillary Clinton,FAVOR
[u'liberty', u'depends', u'free', u'president', u'obama'],Hillary Clinton,NONE
[u'wonder', u'woman', u'movie', u'the', u'muppets', u'tv', u'show', u'star', u'wars', u'v', u'marriage', u'equaility', u'obama', u'guess', u'can', u'leave', u'social', u'media', u'now', u'oh', u'wait'],Hillary Clinton,NONE
[u'just', u'gave', u'unhealthy', u'amount', u'hard-earned', u'money', u'away', u'big', u"gov't", u'untrustworthy', u'irs', u'why', u'im', u'not', u'voting', u'for', u'hillary'],Hillary Clinton,AGAINST
[u'problem', u'even', u'decreed', u'party', u'house', u'devided', u'will', u'stand', u'think', u'news'],Hillary Clinton,NONE
[u'rt', u'one-percenter', u'lied', u'dead', u'broke', u'lies'],Hillary Clinton,NONE
[u'democrats', u'realize', u'one', u'wants', u'hillary', u'clinton', u'obamanation', u'?'],Hillary Clinton,AGAINST
[u'support', u'bernie', u'account', u'usa', u'needs', u'new', u'direction', u'loses', u'primary', u'support', u'hillary', u'clinton', u'sanders'],Hillary Clinton,AGAINST
[u'go', u'shoot', u'now', u'today'],Hillary Clinton,NONE
[u'yaaas', u'hillary', u'!', u'wins', u'best', u'dressed', u'merrimack', u'4th', u'july', u'parade', u'!', u'hillaryfor', u'n', u'h'],Hillary Clinton,AGAINST
[u'gov', u'chafee', u'trying', u'make', u'fetch', u'happen', u'going', u'happen'],Hillary Clinton,NONE
[u'pretty', u'sure', u'gonna', u'lose', u'lot', u'hypocritical', u'christian', u'votes', u'pretending', u'care', u'g', u'b', u't'],Hillary Clinton,AGAINST
[u'fabulous', u'!', u'hit', u'every', u'subject', u'proud', u'ending', u'note', u'kindness', u'hillary', u'in', u'n', u'h'],Hillary Clinton,FAVOR
[u'droid', u"someone's", u'programmed', u'say', u'things', u'thinks', u'work', u'win', u'!'],Hillary Clinton,AGAINST
[u'yes', u'can', u'will'],Hillary Clinton,FAVOR
[u'can', u'vote', u'ayyyyyyyyyy'],Hillary Clinton,NONE
[u'the', u'donald', u'keep', u'beauty', u'pageant', u'afloat', u'wants', u'president', u'?', u'aw', u'hell'],Hillary Clinton,AGAINST
[u'good', u'defends', u'big', u'mouth', u'giant', u'ego', u'downfall'],Hillary Clinton,AGAINST
[u'hillary', u'way', u'baltimore', u'champion', u'baltimore', u'riots'],Hillary Clinton,FAVOR
[u'top', u'spent', u'whole', u'career', u'growing', u'government', u'keeping', u'deck', u'stacked', u'liberty', u'not', u'hillary'],Hillary Clinton,AGAINST
[u'fortunately', u'bryan', u'saying'],Hillary Clinton,AGAINST
[u'years', u'old', u'care', u'politics', u'elections', u'...', u'feel', u'like', u'years', u'old'],Hillary Clinton,NONE
[u'least', u'platform'],Hillary Clinton,NONE
[u'obama', u'climate', u'change', u'bush', u'?', u'blame', u'...', u'?', u'hillary', u'right', u'wing', u'conspiracy', u'baltimore', u'balitmore', u'riots'],Hillary Clinton,AGAINST
[u'great', u'comments', u'pathological', u'liar', u'hillary', u'clinton'],Hillary Clinton,AGAINST
[u'hillary', u'clinton', u'makes', u'nixon', u'look', u'like', u'amateur', u'schoolboy', u'clinton', u'cash', u'clinton', u'foundation', u'clinton'],Hillary Clinton,AGAINST
[u'including', u'repealing', u'first', u'amendment', u'way', u'go'],Hillary Clinton,AGAINST
[u'dick', u'morris', u'fundamentally', u'corrupt', u'know', u'!'],Hillary Clinton,AGAINST
[u'guy', u'multicolored', u'shirt', u'looks', u'chi', u'fuck'],Hillary Clinton,AGAINST
[u'hillary', u'lies', u'yet', u'people', u'still', u'desire', u'president', u'united', u'states'],Hillary Clinton,AGAINST
[u'wow', u'rt', u'baltimore', u'orioles', u'play', u'tomorrow', u'public', u'allowed', u'baltimore', u'riots', u'freddie', u'gray', u'thanks', u'obama', u'wake', u'up', u'america'],Hillary Clinton,NONE
[u'lear', u'jets', u'fax', u'machines', u'...', u'lol', u'woman', u'people', u'ha', u'!', u'best', u'theyve', u'got', u'slush', u'fund', u'uranium', u'deal', u'sniper', u'fire'],Hillary Clinton,AGAINST
[u'carly', u'fiorina', u'impressive', u'serious', u'presidential', u'candidate', u'vs', u'bad', u'actress'],Hillary Clinton,AGAINST
[u'always', u'joke', u'anything', u'political', u'bc', u'serious', u'end', u'offending', u'people', u'realize'],Hillary Clinton,NONE
[u'shatter', u'glass', u'ceiling', u'!', u'v', u'adems'],Hillary Clinton,NONE
[u'rt', u'hillary', u'elected', u'transition', u'team', u'together', u'smoothly', u'move', u'racist', u'sexist'],Hillary Clinton,AGAINST
[u'always', u'aim', u'high', u'work', u'hard', u'care', u'deeply', u'u', u'believe', u'...', u'u', u'stumble', u'keep', u'faith', u'hillary', u'clinton'],Hillary Clinton,FAVOR
[u'love', u'smell', u'hillary', u'morning', u'smells', u'like', u'republican', u'victory', u'ted', u'cruz', u'marco', u'rubio'],Hillary Clinton,AGAINST
[u'christie', u'claim', u'bridgegate', u'fault', u'man', u'behind', u'wheel', u'g', u'o', u'tea', u'party', u't', u'c', u'o', u't', u'd', u'm'],Hillary Clinton,AGAINST
[u'hilary', u'lied', u'deleted', u'benghazi', u'emails', u'betrayed', u'trust', u'americans', u'scandal', u'scandal'],Hillary Clinton,AGAINST
[u'even', u'run', u'nj', u'wants', u'president', u'?', u'vote'],Hillary Clinton,AGAINST
[u'happening', u'now', u'optics', u'problem', u'?', u'real', u'hillary', u'clinton', u'stood', u'clinton', u'cash', u'ia', u'votes'],Hillary Clinton,AGAINST
[u'supporting', u'president', u'c', u'works'],Hillary Clinton,FAVOR
[u'late', u'hillary', u'clinton', u'opposed', u'marriage', u'equality'],Hillary Clinton,AGAINST
[u'outrage', u'smoke', u'mirrors', u'w', u'candidate', u'?', u'hiding', u'hill', u'!', u'spill', u'hill'],Hillary Clinton,AGAINST
[u'yes', u'!', u'community', u'policing', u'answer', u'rebuilding', u'trust', u'communities', u'law', u'enforcement', u'people', u'serve'],Hillary Clinton,NONE
[u'still', u'happy', u'voter', u'id', u'came', u'mail'],Hillary Clinton,NONE
[u'will', u'nominee', u'democratic', u'party', u'period', u'gonna', u'win', u'presidency', u'sorry', u'bernie'],Hillary Clinton,AGAINST
[u'hahahaha', u'much', u'going', u'charge', u'!', u'!', u'!', u'no', u'hillary'],Hillary Clinton,AGAINST
[u'least', u'mistakes', u'made', u'candidates', u'campaign', u'felonies', u'like', u'ones', u'makes', u'ohhillno'],Hillary Clinton,AGAINST
[u'maybe', u'woman', u'president'],Hillary Clinton,FAVOR
[u'many', u'poor', u'kids', u'$', u'billion', u'feed', u'?'],Hillary Clinton,NONE
[u'hahaha', u'kind', u'special', u'..', u"hillary's", u'going', u'win', u'!', u'hahaha'],Hillary Clinton,FAVOR
[u'hillary', u'wins', u'election', u'chance', u'might', u'move', u'australia', u'h', u'r', u'y4', u'r'],Hillary Clinton,AGAINST
[u'eric', u'holder', u'making', u'7', u'figures', u'financial', u'industry', u'protected', u'prosecution', u'yet', u'?', u'libs', u'love', u'1', u'%', u'ers', u'?'],Hillary Clinton,AGAINST
[u'human', u'rights', u"women's", u'rights', u"women's", u'rights', u'human', u'rights', u'hillary', u'clinton'],Hillary Clinton,FAVOR
[u'monica', u"lewinsky's", u'favorite', u'football', u'player', u'?', u'ha-ha', u'clinton', u'dix'],Hillary Clinton,AGAINST
[u'course', u'handled', u'every', u'step', u'way', u'risk', u'unscripted'],Hillary Clinton,AGAINST
[u"hillary's", u'new', u'campaign', u'slogan', u'hillary', u'nothing', u'hide', u'truth', u'!', u'wake', u'up', u'america'],Hillary Clinton,AGAINST
[u'democrats', u'creating', u'al', u'qaeda', u'creating', u'nuclear', u'isis', u'think'],Hillary Clinton,AGAINST
[u'ask', u'hillary', u'clinton', u'stop', u'lying', u'benghazi', u'clinton', u'foundation', u'ties'],Hillary Clinton,AGAINST
[u'one', u'can', u'hope'],Hillary Clinton,NONE
[u'whole', u'supporting'],Hillary Clinton,FAVOR
[u'stop', u'raising', u'taxes', u'let', u'people', u'keep', u'wages', u'!', u'liberty', u'not', u'hillary', u'stand', u'with', u'rand'],Hillary Clinton,AGAINST
[u'yawnzzzzzzzzzzzzzz', u'keep', u"z's", u'going', u'full', u'amt', u'tweet', u'characters', u'get', u'point'],Hillary Clinton,AGAINST
[u'know', u'emailgate', u'must', u'going', u'nowhere', u'fox', u'news', u'hashing', u'bosnia', u'sniper', u'fire', u'story'],Hillary Clinton,AGAINST
[u'b', u'n', u'g', u'h', u'z', u'wait', u'say', u'thank', u'god', u'?', u'voters', u'?', u'sry', u'!', u'!', u'mt', u'!', u'!', u'meant', u'thank', u'goodness', u'!', u'offense', u'intended', u'!'],Hillary Clinton,AGAINST
[u'major', u'media', u'outlets', u'exposing', u"hillary's", u'blatant', u'flip', u'flopping', u'issue'],Hillary Clinton,AGAINST
[u'rt', u'corpus', u'christi', u'ready', u'marco', u'rubio', u'hooks', u'c', u'c', u'texas', u't', u'x', u'keep', u'texas', u'red', u'g', u'o', u'tea', u'...'],Hillary Clinton,AGAINST
[u'woman', u'politician', u'why', u'im', u'not', u'voting', u'for', u'hillary', u'stop', u'hillary', u'clinton', u'benghazi', u'u'],Hillary Clinton,AGAINST
[u'heaven', u'forbid', u'anyone', u'invade', u'space', u'queen', u'lies', u'_'],Hillary Clinton,AGAINST
[u'set', u'lose', u'ur', u'campaign', u'based', u'critics', u'instead', u'proposing'],Hillary Clinton,NONE
[u'apparently', u'putting', u'cocaine', u"someone's", u'butthole', u'waiting', u'fart', u'face', u'wrong', u'way', u'get', u'high'],Hillary Clinton,NONE
[u'fantastic', u'emmet', u'county', u'dem', u'meeting', u'tonight', u'estherville', u'glad', u'meet', u'supporters', u'!'],Hillary Clinton,FAVOR
[u"trump's", u'inauguration', u'speech', u'god', u'forbid', u'!', u'!', u'...', u'me-me-me-me-china-me-me', u'mention', u'yet', u'!', u'?', u'..', u'hairspray', u'china'],Hillary Clinton,AGAINST
[u'shhh', u'go', u'get', u'iced', u'tea', u'...'],Hillary Clinton,AGAINST
[u'common', u'core', u'common', u'crooks', u'common', u'lies', u'!', u'no', u'hillary', u'stop', u'hillary', u'clinton', u'why', u'im', u'not', u'voting', u'for', u'hillary'],Hillary Clinton,AGAINST
[u'take', u'marco', u'rubio', u'pander', u'latino', u'vote', u'pushing', u'policies', u'hurt', u'community'],Hillary Clinton,NONE
[u'afterall', u'just', u'poor', u'black', u'family', u'trying', u'pay', u'bills', u'!', u'why', u'im', u'not', u'voting', u'for', u'hillary', u't', u'c', u'o', u't'],Hillary Clinton,AGAINST
[u'rt', u"y'all", u'texas', u'tech', u'red', u'raiders', u'ready', u'marco', u'rubio', u't', u't', u'u', u'texas', u'tech', u'university', u'rubio', u'texas', u'n', u'...'],Hillary Clinton,AGAINST
[u'bet', u'thee', u'best', u'choice', u'president', u'next', u'best', u'one', u'people', u'vote'],Hillary Clinton,FAVOR
[u'rt', u'everyone', u'el', u'paso', u'texas', u'ready', u'president', u'marco', u'rubio', u'u', u't', u'new', u'american', u'century', u'future', u'rub', u'...'],Hillary Clinton,AGAINST
[u'bad', u'worse', u'possibly', u'obama', u'will', u'continue', u'break', u'laws', u'invincible'],Hillary Clinton,AGAINST
[u'context', u'practical', u'extents', u'purposes', u'?', u'means'],Hillary Clinton,NONE
[u'take', u'easy', u'ed', u'bernie', u'sanders', u'side', u'show', u'democrats', u'fun', u'getting', u'back', u'reality', u'nov'],Hillary Clinton,AGAINST
[u'believe', u'andrew', u'fastow', u'beat', u'made', u'mistakes', u'many', u'organizations', u'size', u'excuse'],Hillary Clinton,AGAINST
[u'right', u'!'],Hillary Clinton,AGAINST
[u'rt', u"y'all", u'u', u't', u'ready', u'marco', u'rubio', u'miners', u'lady', u'miners', u'university', u'of', u'texas', u'el', u'paso', u'rubio', u'new', u'...'],Hillary Clinton,NONE
[u'nothing', u'says', u'every', u'woman', u'like', u'democrat', u'staffers', u'machine', u'shop', u'iowa', u'right', u'not', u'ready', u'for', u'hillary'],Hillary Clinton,AGAINST
[u'proper', u'introduction', u'hillary', u'clinton', u'begin', u'five', u'words', u'will', u'defendant', u'please', u'rise', u'why', u'im', u'not', u'voting', u'for', u'hillary'],Hillary Clinton,AGAINST
[u'asked', u'help', u'campaign', u'gladly', u'excitedly', u'accepted', u'!'],Hillary Clinton,FAVOR
[u'better', u'place', u'now', u'got', u'coffee', u'now', u'time', u'grow', u'grassroots'],Hillary Clinton,NONE
[u'thank', u'support', u'lgbt', u'community', u'historic', u'day', u'thank', u'giving', u'us', u'hope'],Hillary Clinton,FAVOR
[u'need', u'screaming', u'like', u'little', u'baby', u'now', u'ten', u'minutes', u'arrives', u'town'],Hillary Clinton,AGAINST
[u'folks', u'happens', u'liberals', u'control', u'!', u'hell', u'breaks', u'loose', u'!', u'enough', u'yet', u'?'],Hillary Clinton,AGAINST
[u'hillary', u'flew', u'private', u'jet', u'speak', u'speak', u'income', u'equality', u'dinner', u'plates', u'$', u'!', u'equality', u'for', u'all', u'j', u'n', u't', u'c', u'c', u'o', u't'],Hillary Clinton,AGAINST
[u'thanks', u'selling', u'workers', u'voted', u'pushing', u'fasttrack'],Hillary Clinton,NONE
[u'glad', u'announced', u'candidacy', u'fits', u'right', u'qualifies', u'republicans', u'list'],Hillary Clinton,AGAINST
[u'pundits', u'say', u'jim', u'webb', u'facing', u'uphill', u'battle', u'hillary', u'really', u'bernie', u'anti-hillary', u'vote', u'jim', u'webb'],Hillary Clinton,AGAINST
[u'lets', u'take', u'back', u'country', u'!', u'whos', u'?', u'democrats', u'!'],Hillary Clinton,AGAINST
[u'can', u'help', u'cuckold', u'conservatives', u'win', u'!', u'cuckoldry', u'please', u'!', u'christie', u'donald', u'trump', u'unite', u'blue'],Hillary Clinton,AGAINST
[u'actually', u'disqualified', u'running', u'!', u'many', u'scams', u'ethics', u'problems', u'now', u'?'],Hillary Clinton,AGAINST
[u'hillary', u'campaign', u'will', u'shortly', u'announce', u'sanders', u'born', u'canada', u'yeah'],Hillary Clinton,AGAINST
[u'whole', u'supporting'],Hillary Clinton,FAVOR
[u'great', u'attended', u'clementa', u'pinckney', u'funeral', u'today', u'!', u'!'],Hillary Clinton,FAVOR
[u'got', u'!', u'got', u'!', u'hillary', u'accomplishment', u'!', u'managed', u'stay', u'prison', u'despite', u'year', u'crime', u'spree'],Hillary Clinton,AGAINST
[u'grateful', u'chance', u'tell', u'world', u'love', u'many', u'flavors', u'ice', u'cream', u'!', u'wake', u'up', u'america'],Hillary Clinton,AGAINST
[u'made', u'decision', u'shock', u'one', u'probably', u'supporting'],Hillary Clinton,NONE
[u'hillary', u'clinton', u'waiting', u'rainbow-striped', u'pantsuit', u'love', u'wins'],Hillary Clinton,FAVOR
[u'hillary', u'pandering', u'logo', u'clinton', u'foundationscandal', u'clinton', u'cash'],Hillary Clinton,AGAINST
[u'formidable', u'...', u'competent', u'person'],Hillary Clinton,AGAINST
[u'hillary', u'lied', u'deleted', u'benghazi', u'emails', u'betrayed', u'trust', u'americans', u'scandal', u'scandal'],Hillary Clinton,AGAINST
[u'can', u'live', u'?', u'benghazi'],Hillary Clinton,AGAINST
[u'marijuana', u'?', u'marijuaage', u'equality', u'?', u'?', u'coincidence', u'think', u'!', u'!', u'!'],Hillary Clinton,NONE
[u'communist', u'breadlines', u'thing', u'!', u'no', u'hillary', u'why', u'im', u'not', u'voting', u'for', u'hillary'],Hillary Clinton,AGAINST
[u'wish', u"bernie's", u'fans', u'stop', u'screaming', u'bernie'],Hillary Clinton,AGAINST
[u'going', u'apply', u'intern', u'job'],Hillary Clinton,NONE
[u'revealing', u'part', u"hillary's", u'released', u'emails', u'pretty', u'much', u'boring', u'mine'],Hillary Clinton,AGAINST
[u'wtf', u'?', u'just', u'keeps', u'getting', u'crazier', u'!'],Hillary Clinton,NONE
[u'save', u'intern', u'...', u'keep', u'bill', u'hillary', u'white', u'house'],Hillary Clinton,AGAINST
[u'thank', u'much', u'favs', u'rts', u'!', u'!', u'!', u'wake', u'up', u'america'],Hillary Clinton,NONE
[u'hate', u'hillary', u'clinton', u'obama', u'please', u'go', u'die', u'together', u'thrown', u'ocean', u'get', u'ripped', u'prices', u'sharks'],Hillary Clinton,AGAINST
[u'mom', u'just', u'told', u'aunt', u'want', u'volunteer', u'campaign', u'!', u'support', u'!'],Hillary Clinton,FAVOR
[u'univision', u'ignores', u'latino', u'candidate', u'marco', u'rubio', u'fit', u'narrative.they', u're', u'invested', u'hillary'],Hillary Clinton,AGAINST
[u'need', u'stop', u'emailing', u'love', u'need', u'space'],Hillary Clinton,FAVOR
[u'ask', u'o', u't', u'u', u'fire', u'g', u'o', u'congress', u'job', u'?', u'g', u'o', u'fail'],Hillary Clinton,AGAINST
[u'slowly', u'slowly', u'debt', u'crisis', u'will', u'implode', u'nations', u'currency', u'america', u'dead', u'broke', u'v', u'dollar', u'now'],Hillary Clinton,NONE
[u'took', u'minute', u'realize', u'came'],Hillary Clinton,NONE
[u'support', u'encourage', u'hillary', u'clinton', u'president', u'united', u'states', u'world', u'success', u'women', u'world'],Hillary Clinton,FAVOR
[u'thank', u'rts', u'!', u'!', u'!', u'wake', u'up', u'america'],Hillary Clinton,NONE
[u'hillary', u'clinton', u'us', u'presidency', u'testament', u'success', u'role', u'world'],Hillary Clinton,FAVOR
[u'sexy', u'daddy', u'obama', u'two', u'wins', u'week', u'happy', u'democrats'],Hillary Clinton,NONE
[u'lol', u'!', u'!', u'!', u'one', u'funniest', u'things', u'heard', u'!', u'!', u'!'],Hillary Clinton,NONE
[u'support', u'bernie', u'sanders', u'liar', u'o', u't', u'u', u'wake', u'up', u'america'],Hillary Clinton,AGAINST
[u'great', u'day', u'emmetsburg', u'meeting', u'hillary', u'clinton', u'supporters', u'learning', u'important', u'issues', u'palo', u'alto', u'county'],Hillary Clinton,AGAINST
[u'theyre', u'thugs', u't', u'r', u't', u'y', u'racists', u'community', u'reorganizers', u'!', u'!', u't', u'c', u'o', u't'],Hillary Clinton,NONE
[u'will', u'let', u'enemies', u'take', u'advantage', u'us', u'like', u'obama', u'hillary', u'will', u'!', u'new', u'american', u'century'],Hillary Clinton,AGAINST
[u'hillary', u'will', u'get', u'past', u'primaries', u'cause', u'dem', u'voters', u'think', u'can', u'wrong', u'will', u'beat', u'november'],Hillary Clinton,AGAINST
[u'voting', u'hillary'],Hillary Clinton,AGAINST
[u'hillary', u'debate', u'question', u'profess', u'admiration', u'margaret', u'sanger', u'wanted', u'rid', u'country', u'negros', u'explain', u'please', u'?'],Hillary Clinton,AGAINST
[u'hillary', u'transparent', u'brick', u'wall', u'liberty', u'not', u'hillary'],Hillary Clinton,AGAINST
[u'even', u'manage', u'wants', u'wake', u'up', u'america', u'stop', u'hillary'],Hillary Clinton,AGAINST
[u'really', u'excited', u'finding', u'amount', u'raised', u'got'],Hillary Clinton,AGAINST
[u'troll', u'!'],Hillary Clinton,NONE
[u'thanks', u'follow', u'may', u'god', u'bless', u'family', u'!'],Hillary Clinton,AGAINST
[u'thank', u'adding', u'list'],Hillary Clinton,NONE
[u'chris', u'christie', u'president', u'?', u'hahahahaha', u'!', u'think', u'!', u'clinton', u'hilary'],Hillary Clinton,AGAINST
[u'hillary', u'must', u'navy', u'yard', u'sniper', u'fire', u'!'],Hillary Clinton,AGAINST
[u'hillary', u'use', u'fucking', u'fax', u'machine', u'idiots', u'going', u'vote', u'president', u'?'],Hillary Clinton,AGAINST
[u'>', u'continued', u"obama's", u'admin', u'policymaking', u'u', u'will', u'become', u'greece', u'!', u'wake', u'up', u'america', u'n', u'j'],Hillary Clinton,AGAINST
[u'just', u'full', u'tonight', u'hilary', u'duff', u'quotes', u'of', u'the', u'day'],Hillary Clinton,NONE
[u'hey', u'transparent', u'...', u'santa', u'?', u'lib', u'hack', u'pay2', u'play', u'corruptocrat', u'benghazi', u'vince', u'foster', u'monica'],Hillary Clinton,AGAINST
[u'even', u'elections', u'yet'],Hillary Clinton,NONE
[u'can', u'half', u'favor'],Hillary Clinton,FAVOR
[u'love', u'bern', u'time', u'!'],Hillary Clinton,AGAINST
[u'innovation', u'development', u'make', u'utopia'],Hillary Clinton,FAVOR
[u'great', u'convo', u'last', u'night', u'w', u'great', u'connections', u'waverly', u'fellows', u'commit', u'to', u'caucus'],Hillary Clinton,NONE
[u'bad', u'punning', u'gets', u'worse', u'better', u'time', u'remember', u'america'],Hillary Clinton,NONE
[u'crook', u'...', u'like', u'like', u'yes', u'hillary', u'campaign', u'slogan', u'wake', u'up', u'america', u'stop', u'hillary'],Hillary Clinton,AGAINST
[u'got', u'black', u'lives', u'matter', u'vote', u'w', u'o', u'even', u'talking', u'blacks', u'brainwashed'],Hillary Clinton,AGAINST
[u'genitalian'],Hillary Clinton,NONE
[u'thoughts', u'ruling', u'keep', u'archaic', u'non-science', u'based', u'beliefs', u'laws', u'secular', u'nation'],Hillary Clinton,NONE
[u'confident', u'will', u'piss', u'white', u'anglo-saxon', u'protestants', u'!', u'keep', u'talking', u'jeb'],Hillary Clinton,NONE
[u'will', u'pick', u'vp', u'mark', u'tweet', u'unstoppable', u'ticket', u'elizabeth', u'warren'],Hillary Clinton,FAVOR
[u'moving', u'forward', u'next', u'focus', u'making', u'higher', u'education', u'attainable', u'eliminating', u'gender', u'pay', u'gap'],Hillary Clinton,NONE
[u'open', u'mouth', u'reveal', u'heart-margaret', u'sanger', u'architect', u'black', u'genocide', u'hillary', u'so', u'white'],Hillary Clinton,AGAINST
[u'someday', u'want', u'see', u'well', u'qualified', u'candidate', u'president', u'united', u'states', u'?', u'reflecting', u'hillary'],Hillary Clinton,FAVOR
[u'emails', u'?', u'released', u'rest', u'boring'],Hillary Clinton,AGAINST
[u'cruz', u'perry', u'win-win', u'choice'],Hillary Clinton,AGAINST
[u'donald', u'trump', u'joke', u'simpleminded', u'idiot', u'nothing', u'else', u'say', u'can', u'go', u'fuck', u'self'],Hillary Clinton,NONE
[u'haha', u'love', u'header', u'!'],Hillary Clinton,NONE
[u'likely', u'felon', u'many', u'times', u'protected', u'political', u'class'],Hillary Clinton,AGAINST
[u'broke', u'dead', u'broke', u'elitist', u'nauseating', u'get', u'behind', u'rope', u'hateful', u'arrogant', u'z', u'ideologue', u'someone', u'else', u'add', u'z'],Hillary Clinton,AGAINST
[u'use', u'brain', u'keep', u'hillary', u'white', u'house.clinton'],Hillary Clinton,AGAINST
[u'shocked', u'burst', u'flames', u'!', u'wake', u'up', u'america', u'america', u'great', u'again'],Hillary Clinton,AGAINST
[u'whose', u'opportunist', u'now', u'no', u'hillary'],Hillary Clinton,AGAINST
[u'emails', u'missing', u'incomplete', u'?', u"who'd", u'thunk', u'?', u'law', u'rest', u'peons', u'!', u'just', u'trust', u'!'],Hillary Clinton,AGAINST
[u'can', u'run', u"ca't", u'hide', u'clinton', u'foundationscandal', u'clinton', u'cash'],Hillary Clinton,AGAINST
[u'feel', u'confident', u'will', u'win'],Hillary Clinton,AGAINST
[u'gop', u'needs', u'handling', u'campaign', u'attacking', u'showing', u'hillary', u'fails'],Hillary Clinton,AGAINST
[u'probably', u'perfect', u'everyone--which', u'think', u'great', u'beginning', u'conversation'],Hillary Clinton,NONE
[u'hillary', u'want', u'put', u'anyone', u'prison', u'anymore', u'obviously', u'worried', u'future'],Hillary Clinton,AGAINST
[u'gee', u'busy', u'schedule'],Hillary Clinton,AGAINST
[u"today's", u'number', u'8', u'!', u'many', u'years', u'old', u'jesus', u'learned', u'ride', u'bike', u'!', u'pretty', u'cool', u'dude', u'!', u'u', u'w', u'n', u't'],Hillary Clinton,AGAINST
[u'want', u'appointed', u'ambassador', u'post'],Hillary Clinton,NONE
[u'really', u'tough', u'time', u'seeing', u'leaders', u'running', u'potus', u'quess', u'will', u'wait', u'see', u'happens'],Hillary Clinton,NONE
[u'thanks', u'follow', u'david', u'may', u'god', u'bless', u'family'],Hillary Clinton,NONE
[u'many', u'women', u'many', u'countries', u'speak', u'language', u'silence', u'hillary', u'clinton', u'hillary', u'cliton', u'hillary4', u'women'],Hillary Clinton,FAVOR
[u'man', u'demanded', u'staff', u'get', u'ice', u'tea', u'called', u'sexists', u'elitist', u'pig', u'..', u'oink', u'oink', u'hillary'],Hillary Clinton,AGAINST
[u'america', u'needs', u'champion', u'!', u'h', u'thanks', u'need', u'champion', u'especially', u'champion'],Hillary Clinton,AGAINST
[u'way', u'support', u'hillary', u'elizabeth', u'warren', u'ran', u'karl', u'marx', u'running', u'clinton'],Hillary Clinton,AGAINST
[u'thanks', u'much', u'article', u'!'],Hillary Clinton,NONE
[u'hillary', u'claims', u'champion', u'middle', u'class', u'tax', u'plan', u'cuts', u'fica', u'tax', u'benefiting', u'middle', u'class'],Hillary Clinton,AGAINST
[u'think', u'hillary', u'taking', u'foreign', u'money', u'muslim', u'brotherhood', u'probably', u'favor', u'obama', u'chief', u'justice'],Hillary Clinton,AGAINST
[u'thank', u'much', u'rts', u'favs', u'eloisa', u'thomas', u'!', u'!', u'!', u'wake', u'up', u'america'],Hillary Clinton,NONE
[u'hillary', u'prez', u'=', u"obama's", u'third', u'term', u'last', u'thing', u'need', u'!', u'!'],Hillary Clinton,AGAINST
[u'even', u'manage', u'wants', u'wake', u'up', u'america', u'stop', u'hillary'],Hillary Clinton,AGAINST
[u'yes', u'!', u'chipping', u'5', u'$', u'faith'],Hillary Clinton,FAVOR
[u'first', u'time', u'rodeo', u'!', u'care', u'likes', u'woman', u'mission', u'tough'],Hillary Clinton,FAVOR
[u'bad', u'wife', u'bad', u'role', u'model', u'women', u'bad', u'lawyer', u'bad', u'first', u'lady', u'bad', u'senator', u'horrible', u'secretary', u'state'],Hillary Clinton,AGAINST
[u'last', u'week', u'=', u'life', u'obamacare', u'gay', u'marriage', u'today', u'=', u'death', u'air', u'pollution', u'lethal', u'injection', u'elections', u'matter', u"y'all", u'c', u'o', u't', u'u'],Hillary Clinton,NONE
[u'will', u'otherwise', u'guaranteed', u'gop', u'control', u'3', u'branches'],Hillary Clinton,AGAINST
[u'now', u'can', u'live', u'peace'],Hillary Clinton,NONE
[u'reading', u'say', u'wildly', u'impressed', u'hillary', u'clinton'],Hillary Clinton,FAVOR
[u'hillary', u'clinton', u'ambassador', u'isis'],Hillary Clinton,AGAINST
[u'bill', u'clinton', u'decided', u'taking', u'bin', u'laden', u'got', u'september'],Hillary Clinton,AGAINST
[u'watching', u'speech', u'right', u'now', u'missing', u'drop', u'tons', u'wisdom'],Hillary Clinton,FAVOR
[u'know', u'really', u'piss', u'?', u'. .', u'runs', u'lmao', u'!', u'wake', u'up', u'america', u'longer'],Hillary Clinton,AGAINST
[u'mama', u'hillary', u'making', u'case', u'just', u'exclusively', u'deal', u'complex', u'social', u'issues', u'mamaclinton'],Hillary Clinton,FAVOR
[u'chipotle', u'employees', u'complain', u'hillary', u'left', u'nothing', u'tip', u'jar', u'lucky', u'dip', u'help'],Hillary Clinton,AGAINST
[u'cool'],Hillary Clinton,NONE
[u'everything', u'hillary', u'touches', u'ends', u'scam', u'lie', u'cover-up', u'failure', u'william', u'just', u'want', u'president'],Hillary Clinton,AGAINST
[u'support', u'secret', u'?', u'?', u'?', u'no', u'hillary'],Hillary Clinton,AGAINST
[u'still', u'rather', u'aaron', u'hernandez', u'president', u'hillary'],Hillary Clinton,AGAINST
[u'sorry', u"hillary's", u'new', u'normal', u'folk', u'image', u'take', u'away', u'behgnazi', u'0', u'foreign', u'policy', u'successes', u'secretary', u'state'],Hillary Clinton,AGAINST
[u'c', u'c', u'thinks', u'can', u'run', u'antisocial', u'personal', u'attack', u'advertising', u'lol', u'!', u'stop', u'harper', u'feel', u'the', u'bern'],Hillary Clinton,NONE
[u'even', u'manage', u'wants'],Hillary Clinton,AGAINST
[u'pant', u'suite', u'hillary', u'hide', u'thighs', u'hillarys', u'donors', u'hillarys', u'big', u'announcement', u'benghazi', u'obama'],Hillary Clinton,AGAINST
[u'people', u'came', u'see', u'hear', u'hillary', u'press', u'obstructing', u'view'],Hillary Clinton,AGAINST
[u'agree', u'put', u'back', u'..', u'feeling', u'go', u'away', u'..', u'will', u'keep', u'coming', u'back', u'!'],Hillary Clinton,AGAINST
[u'mom', u'got', u'going', u'!', u'o', u't', u'u', u'chelseas', u'mom'],Hillary Clinton,FAVOR
[u'fashion', u'news', u'hillary', u'new', u'clothing', u'line', u'coming', u'called', u'flip', u'flops', u'r', u'us', u'benghazi'],Hillary Clinton,AGAINST
[u'love', u'wins', u'day', u'get', u'hillary', u'gear', u'!', u'yaaas', u'pride'],Hillary Clinton,FAVOR
[u'lmao', u'negro', u'democrat', u'decides', u'run', u'president', u'hillary', u'clinton', u'hillarys', u'big', u'announcement', u'hillarys', u'donors'],Hillary Clinton,AGAINST
[u'choose', u'takes', u'village', u'!'],Hillary Clinton,AGAINST
[u'democ', u'r', u't', u'slogans', u'work', u'?', u'can', u'vote', u'democrat', u'twice', u'!'],Hillary Clinton,AGAINST
[u'grow', u'economy', u'bottom', u'gets', u'trouble'],Hillary Clinton,AGAINST
[u'report', u'shows', u'u', u'state', u'department', u'locate', u'hillary', u"clinton's", u'private', u'emails', u'fast', u'hillary', u'!'],Hillary Clinton,AGAINST
[u'stand', u'bill', u'clinton', u'assaulting', u'teen', u'girls', u'?', u'ready', u'for', u'hillary', u'hillary', u'clinton', u'clinton'],Hillary Clinton,AGAINST
[u'simple', u"clinton's", u'corrupt'],Hillary Clinton,AGAINST
[u'thats', u'still', u'voting', u'rights'],Hillary Clinton,NONE
[u'cuz', u'know', u'feminist'],Hillary Clinton,NONE
[u'will', u'bill', u'clinton', u'winner', u'teen', u'girl', u'?', u'hillary', u'clinton', u'democrats', u'g', u'o'],Hillary Clinton,AGAINST
[u'bring', u'prosperity', u'line', u'workers', u'kindergarten', u'teachers', u'!', u'!', u'!'],Hillary Clinton,FAVOR
[u'vote', u'for', u'hillary', u'racist', u'leader', u'demands', u'equality', u'for', u'all'],Hillary Clinton,FAVOR
[u'even', u'manage', u'wants', u'wake', u'up', u'america', u'stop', u'hillary'],Hillary Clinton,AGAINST
[u'rt', u'follow', u'stand', u'hillary', u'!'],Hillary Clinton,AGAINST
[u'headed', u'chester', u'sc', u'big', u'hillary', u'canvass', u'!', u'join', u'wylie', u'park', u'3'],Hillary Clinton,FAVOR
[u'weekend', u'hillary', u'america', u'weekend', u'action', u'hope', u'participate', u'california'],Hillary Clinton,FAVOR
[u'afraid', u'answer', u'questions', u'press', u'want', u'potus'],Hillary Clinton,AGAINST
[u'bill', u'clinton', u'just', u'wants', u'first', u'dude', u'president', u'bang', u'one'],Hillary Clinton,NONE
[u'thank', u'much', u'rt', u'fav', u'!', u'!', u'!', u'wake', u'up', u'america', u'rubio', u'cruz'],Hillary Clinton,AGAINST
[u'rt', u'ready', u'one', u'day', u'girls', u'will', u'say', u'want', u'president', u'ready', u'for', u'hillary'],Hillary Clinton,AGAINST
[u'called', u'everyone', u'knew', u'raised', u'$', u'ex-boyfriends', u'sen', u'klobuchar'],Hillary Clinton,NONE
[u'never', u'vote', u'survival', u'country', u'love', u'wins'],Hillary Clinton,NONE
[u'just', u'hoping', u'resurrect', u'h8', u"hillary's", u'second', u'term'],Hillary Clinton,AGAINST
[u'free', u'market', u'capitalism', u"america's", u'best', u'friend', u'constant', u'pressure', u'innovate', u'use', u'resources', u'efficiently'],Hillary Clinton,AGAINST
[u'just', u'met', u'awesome', u'supporter', u'cx', u'bus', u'!', u'said', u'hillary', u'one', u'strong', u'woman', u'need', u'country', u'fellows', u'n', u'v'],Hillary Clinton,FAVOR
[u'totally', u'agree', u'hillary', u'incompetent', u'scandal', u'ridden', u'phony'],Hillary Clinton,AGAINST
[u'grasp', u'reality', u'?', u'need', u'characters', u'address', u'someone', u'naive', u'man'],Hillary Clinton,NONE
[u'official', u'every', u'single', u'g', u'o', u'member', u'now', u'candidate', u'o', u't', u'u', u'needs'],Hillary Clinton,AGAINST
[u'portuguese', u'support', u'campaign', u'!', u'best', u'luck', u'!', u'world', u'need', u'person', u'women', u'like', u'!', u'u'],Hillary Clinton,FAVOR
[u'since', u'n', u"ain't", u'funny', u'anymore', u'please', u'run', u'president', u'..', u'even', u'just', u'hilarious', u'debates'],Hillary Clinton,AGAINST
[u'like', u'tweeted', u'way', u'back', u'c', u'software', u'can', u'fixed', u'gop', u'strategic', u'mistake', u'repeal', u'fixed'],Hillary Clinton,AGAINST
[u'norman', u'hsu', u'illegally', u'donated', u'$', u'evidence', u'worked', u'china', u'white', u'house', u'sale'],Hillary Clinton,AGAINST
[u'wow', u'one', u'talk'],Hillary Clinton,AGAINST
[u'done', u'got', u'rid', u'!', u'!', u'!', u'no', u'hillary'],Hillary Clinton,AGAINST
[u'dreamt', u'hilary', u'clinton', u'last', u'night', u'mean', u'plans', u'control', u'us', u'take', u'world', u'coming', u'true', u'?'],Hillary Clinton,AGAINST
[u'take', u'saudi', u'money', u'?', u'saudi', u'cables', u'saudi', u'cables'],Hillary Clinton,AGAINST
[u'fox', u'news', u'predicting', u'3', u'way', u'marriage-gee', u'mormons', u'!'],Hillary Clinton,NONE
[u'exactly', u'want', u'see', u'happen', u'america'],Hillary Clinton,AGAINST
[u'w', u'g', u'n', u't', u'v', u'now', u'mentions', u'romney', u'?', u'hillary', u'care', u'=', u'romney', u'care', u'=', u'obamacare', u'now', u'public', u'option'],Hillary Clinton,NONE
[u'super', u'touch', u'stupid', u'please', u'go', u'away', u'n', u'y', u'c', u'pride', u'n', u'y', u'c'],Hillary Clinton,AGAINST
[u"hillary's", u'campaign', u'raised', u'$', u'million', u'%', u'donations', u'$', u'less', u'record', u'beating', u"obama's", u'record'],Hillary Clinton,AGAINST
[u'qualified', u'b', u'c', u'eats', u'$', u'snacks', u'b', u'c', u'd', u'corruption', u'bridgegate', u'big', u'fat', u'bully', u'!'],Hillary Clinton,AGAINST
[u'obama', u'administration', u'lies', u'..', u'knew', u'hillary', u'emails', u'private', u'..', u'transparency', u'?', u'?', u'?'],Hillary Clinton,AGAINST
[u'thankful', u'volunteers', u'joined', u'us', u'bliss', u'studio', u'fairfield', u'tonight', u'!', u'rockstars'],Hillary Clinton,NONE
[u'run', u'office', u'will', u'original', u'logo', u'm', u'hill', u'no', u'unite', u'blue'],Hillary Clinton,AGAINST
[u'hahahaha', u'combed', u'emails', u'!', u'!', u'!', u'bunch', u'scumbags', u'!', u'!', u'!', u'no', u'hillary'],Hillary Clinton,AGAINST
[u'feel', u'bill', u"clinton's", u'latest', u'assault', u'teen', u'girl', u'?', u'hillary', u'clinton', u'hillary__', u'n', u'o'],Hillary Clinton,AGAINST
[u'kind', u'gov', u'liberals', u'promise', u'can', u'achieved', u'sustained', u'conservative', u'government', u'heat', u'wave'],Hillary Clinton,AGAINST
[u'though', u'people', u'saying', u'just', u'going', u'vote', u'ridiculous'],Hillary Clinton,NONE
[u"abedin's", u'penumbra', u'muslim', u'brotherhood', u'connection', u'incontrovertible', u'huma', u'abedin'],Hillary Clinton,AGAINST
[u'scotus', u'dealt', u'blow', u'hillary', u'clintons', u'last', u'campaign', u'promise', u'...', u'running', u'now', u'?', u'corruption', u'lies', u'deceit'],Hillary Clinton,AGAINST
[u'rainbow', u'logo', u'?', u'u', u'know', u'4', u'%', u'us', u'gay', u'?', u'census', u'why', u'im', u'not', u'voting', u'for', u'hillary'],Hillary Clinton,AGAINST
[u'emails', u'said', u'couple', u'facebooks', u':)', u'total', u'incompetence', u'red', u'nation', u'rising'],Hillary Clinton,AGAINST
[u'rt', u'huge', u'cheer', u'universal', u'child', u'care', u'early', u'childhood', u'education'],Hillary Clinton,NONE
[u'low', u'key', u'interesting', u'female', u'president'],Hillary Clinton,FAVOR
[u'hey', u'texas', u'state', u'bobcats', u'hope', u"y'all", u'ready', u'marco', u'rubio', u'texas', u'state', u'university', u'new', u'american', u'century', u'texas', u't', u'c', u'o', u't'],Hillary Clinton,NONE
[u'lawyer', u'know', u'clintons', u'violated', u'ethics', u'rules'],Hillary Clinton,AGAINST
[u'kool-aid', u'drinking', u'leftanistas', u'continue', u'close', u'ranks', u'support', u'madame', u'secretary', u'wtf', u'?', u'hillary', u'fraud', u'full', u'lies'],Hillary Clinton,AGAINST
[u'help', u'election'],Hillary Clinton,FAVOR
[u"hillary's", u'new', u'campaign', u'slogan', u'hillary', u'nothing', u'hide', u'truth', u'!', u'wake', u'up', u'america'],Hillary Clinton,AGAINST
[u'even', u'manage', u'wants', u'wake', u'up', u'america', u'stop', u'hillary'],Hillary Clinton,AGAINST
[u'biggest', u'dumps', u'bad', u'info', u'b4', u'holiday', u'weekend', u'comes', u'wh', u'state', u'dept', u'today', u'?', u'hillary', u'emails', u'liar', u'liar'],Hillary Clinton,AGAINST
[u'thanks', u'follow', u'!', u'the', u'h', u'r', u'c', u'super', u'vols'],Hillary Clinton,NONE
[u'course', u'silent', u'insures', u'2', u'stand', u'4', u'anything', u'less', u'chance', u'offending', u'voters'],Hillary Clinton,AGAINST
[u'insurgent', u'will', u'happen', u'hillary', u'becomes', u'dictator', u'chief'],Hillary Clinton,AGAINST
[u'remember', u'millions', u"gwbush's", u'emails', u'went', u'missing', u'deleted', u're', u'iraq', u'war', u'nobody', u'hearing', u'?', u'yawn', u'!'],Hillary Clinton,NONE
[u'bur', u'hlllary', u'just', u'raised', u'million', u'!'],Hillary Clinton,AGAINST
[u'made', u'careless', u'mistake', u'deliberately', u'broke', u'many', u'laws', u'still', u'lies'],Hillary Clinton,AGAINST
[u'river', u'woods', u'hill', u'go', u'!', u'yass', u'hillary', u'clinton', u'hillary'],Hillary Clinton,AGAINST
[u'many', u'men', u'getting', u'dicks', u'sucked', u'daily', u'congress', u'etc', u'one', u'gives', u'shit', u'...'],Hillary Clinton,NONE
[u'sen', u'kaine', u'd-va', u'c', u'o', u't', u'u', u'marriage', u'great', u'victory', u'!'],Hillary Clinton,NONE
[u'hillary', u'best', u'choice', u'truly', u'want', u'continue', u'progressive', u'nation', u'ohio'],Hillary Clinton,FAVOR
[u'saw', u'bit', u'speech', u'proud', u'hear', u'plans', u'policy', u'improvements', u'justice', u'system', u'thanks', u'!'],Hillary Clinton,FAVOR
[u'putin', u'last', u'thing', u'us', u'needs', u'right', u'now', u'another', u'clinton', u'bush', u'white', u'house', u'dynasty', u'now', u'?', u'jeb'],Hillary Clinton,AGAINST
[u'sir', u'sory', u'mae', u'bi', u'bharat', u'mool', u'ka', u'hu', u'par', u'hart', u'democraet'],Hillary Clinton,NONE
[u'stump', u'speech', u'stump', u'park', u'attendance', u'mandatory'],Hillary Clinton,NONE
[u'take', u'faith', u'almost', u'every', u'political', u'entity', u'around', u'whether', u'dissident', u'serves', u'good', u'purpose', u'dempublicans'],Hillary Clinton,AGAINST
[u'love_peace', u'peaceful', u'coexistence', u'violence'],Hillary Clinton,NONE
[u'hillary', u'clinton', u'might', u'end', u'vote', u'tackling', u'many', u'issues', u'america', u'needs', u'face'],Hillary Clinton,FAVOR
[u'well', u'strung', u'happed', u'next', u'time', u'hillary-loving', u'ass', u'douches', u'encounter', u'trees', u'red', u'eye'],Hillary Clinton,AGAINST
[u'least', u'lose', u'embassy', u'cover', u'murder', u'burn', u'govt', u'emails'],Hillary Clinton,AGAINST
[u'far', u'just', u'fucking', u'far', u'baltimore', u'uprising', u'obama'],Hillary Clinton,NONE
[u'must', u'hard', u'work', u'burying', u'anti-lgbt', u'rights', u'record', u'love', u'wins', u'feel', u'the', u'bern'],Hillary Clinton,AGAINST
[u'animal', u'!', u'!', u'also', u'sellout', u'!', u'!', u'!', u'ppl', u'vote', u'sellouts', u'!', u'!', u'no', u'hillary'],Hillary Clinton,AGAINST
[u'days', u'can', u'register', u'vote', u'!', u'!', u'1', u'year', u'days', u'election', u'day', u'rock', u'the', u'vote'],Hillary Clinton,FAVOR
[u'woman', u'like', u'teflon', u'?', u'committed', u'enuf', u'egregious', u'crimes', u'b', u'superglued', u'2the', u'dang', u'wall', u'!'],Hillary Clinton,AGAINST
[u'apple', u'walmart', u'=', u'made', u'china', u'country', u'continue', u'sell', u'us', u'china', u'every', u'way', u'possible', u'?', u'apple', u'music'],Hillary Clinton,NONE
[u'rt', u'2nd', u'tweet', u'potus', u'candidates', u'read', u'article-esp', u'jeb', u'bush', u'make', u'gun', u'violence', u'worse', u'gun', u'sen', u'...'],Hillary Clinton,AGAINST
[u'get', u'state', u'bum', u'!', u'unite', u'blue'],Hillary Clinton,NONE
[u'just', u'ordered', u'chillary', u'clinton', u'koozies', u'gotta', u'support', u'team'],Hillary Clinton,AGAINST
[u'leave', u'much', u'talk', u'?'],Hillary Clinton,NONE
[u'enthusiasm', u'gap', u'mr', u'lawrence', u'!', u'hillarymen'],Hillary Clinton,AGAINST
[u'proven', u'dishonesty', u'flip', u'flopping', u'issue', u'people', u'know', u'opposed'],Hillary Clinton,AGAINST
[u'think', u'main', u'problem', u'foot', u'mouth', u'first', u'place'],Hillary Clinton,NONE
[u'literally', u'greatest', u'video', u'ever', u'seen'],Hillary Clinton,FAVOR
[u'anything', u'clintons', u'fraudulent', u'?'],Hillary Clinton,AGAINST
[u'best', u'side', u'offer', u'nothing', u'worry', u'slick'],Hillary Clinton,NONE
[u'that', u'champion', u'got', u'kicked', u'watergate', u'team', u'due', u'misconduct'],Hillary Clinton,NONE
[u'why', u'im', u'not', u'voting', u'for', u'hillary', u'calls', u'education', u'non-family', u'enterprise', u'im', u'committed2', u'defeat', u'hillary', u'?'],Hillary Clinton,AGAINST
[u'ask', u'bobby', u'blame', u'obscure', u'film', u'maker', u'death', u'u', u'ambassador', u'benghazi', u'like'],Hillary Clinton,AGAINST
[u'thank', u'kind', u'rts', u'favs', u'!', u'!', u'!', u'wake', u'up', u'america', u'cuba'],Hillary Clinton,AGAINST
[u'spoke', u'today', u'nyc', u'wow', u'!', u'smart', u'impressive', u'!', u'!', u'!'],Hillary Clinton,FAVOR
[u'hillarys', u'accomplishments', u'total', u'clusterfuck', u'anything', u'ready', u'for', u'hillary', u'unite', u'blue', u'top', u'prog', u't', u'o', u't', u'lib', u'crib'],Hillary Clinton,AGAINST
[u'support', u'encourage', u'hillary', u'clinton', u'president', u'united', u'states', u'world', u'success', u'women', u'world'],Hillary Clinton,FAVOR
[u'rt', u'. .', u'name', u'change', u';', u'longer', u'hrc', u'now', u'hillary', u'uranium', u'benghazi', u'clinton', u'take', u'note'],Hillary Clinton,AGAINST
[u"hillary's", u'campaign', u'events', u'scripted', u'dog', u'pony', u'shows', u'designed', u'shelter', u'vetting', u'b4', u'coronation'],Hillary Clinton,AGAINST
[u'expect', u'change', u'continue', u'vote', u'people', u'take', u'chance', u'4yrs', u'long', u'bernie'],Hillary Clinton,AGAINST
[u'care', u'fiorina', u'seems', u'taking', u'gut', u'punches', u'm', u'm'],Hillary Clinton,NONE
[u'kidding', u'...', u'leave', u'focus', u'issues', u'...', u'next', u'prez'],Hillary Clinton,FAVOR
[u'tolerance', u'best', u'!', u'say'],Hillary Clinton,NONE
[u'things', u'you', u'dont', u'say', u'as', u'politician', u'feel', u'ways', u'tired', u'go', u'back', u'line', u'difference', u'make', u'?'],Hillary Clinton,NONE
[u'white', u'middle-aged', u'men', u'pretty', u'good', u'job', u'leading', u'country', u'yrs', u'racist', u'?', u'sexist', u'?', u'realist'],Hillary Clinton,AGAINST
[u"hillary's", u'still', u'weak', u'among', u'grassroots', u'shown', u'strong', u'bernie', u'sanders', u'got', u'fast', u'little'],Hillary Clinton,AGAINST
[u'rt', u'republicans', u'everywhere', u'looking', u'someone', u'lead', u'leader', u'liar'],Hillary Clinton,AGAINST
[u'champion', u'data', u'removal'],Hillary Clinton,AGAINST
[u'especially', u'paid', u'union', u'lackies', u'idea', u'propaganda', u'machine', u'spinning', u'overtime'],Hillary Clinton,AGAINST
[u'agree', u'previous', u'stance', u';', u'sure', u'still', u'believes', u'said'],Hillary Clinton,AGAINST
[u'ask', u'bobby', u'think', u'hillary', u'clinton', u'turned', u'emails', u'private', u'server', u'destroyed', u'!'],Hillary Clinton,AGAINST
[u'rt', u'1', u'select', u'people', u'fired', u'4', u'2', u'unethical', u'2', u'investigate', u'watergate'],Hillary Clinton,AGAINST
[u'notice', u'condemn', u'lawless', u'actions', u'rioters'],Hillary Clinton,AGAINST
[u'think', u'take', u'now', u'..', u'scary', u'say'],Hillary Clinton,NONE
[u'even', u'manage', u'wants', u'wake', u'up', u'america', u'stop', u'hillary'],Hillary Clinton,AGAINST
[u'lied', u'cost', u'gala', u'fined', u'jail', u'unfit', u'office'],Hillary Clinton,AGAINST
[u'perfect', u'definition', u'jibberish', u'unite', u'blue'],Hillary Clinton,NONE
[u'cant', u'fix', u'stupid', u'might', u'able', u'vote', u'either'],Hillary Clinton,NONE
[u'hillary', u'clinton', u'keeps', u'sending', u'emails', u'try', u'unsubscribe', u'get', u'error', u'message', u'cancer'],Hillary Clinton,AGAINST
[u'voting', u'democrat', u'primary', u'year', u'...', u'support'],Hillary Clinton,AGAINST
[u'y', u'take', u'donations', u'white', u'supremacy', u'group', u'shaking', u'hands', u'black', u'leaders', u'?', u'black', u'lives', u'matter'],Hillary Clinton,NONE
[u'love', u'!', u'one', u'biggest', u'donors', u'saudi', u'arabia', u'support', u"women's", u'rights', u'completely', u'!', u'go', u'team'],Hillary Clinton,AGAINST
[u'night', u'sleep', u'tight', u'let', u'hillary', u'bite', u'says', u'nightmares', u'say'],Hillary Clinton,AGAINST
[u'ding', u'dong', u'___', u'___', u'__', u'___'],Hillary Clinton,NONE
[u'leader', u'free', u'world', u'global', u'navigating', u'interacting', u'international', u'community', u'beyond', u'big', u'crowds', u'learned', u'lesson'],Hillary Clinton,AGAINST
[u'ambient', u'temperature', u'hell', u'today', u'?', u'use', u'guide', u'!'],Hillary Clinton,AGAINST
[u'anyone', u'can', u'believe', u'single', u'word', u'comes', u"woman's", u'mouth', u'beyond', u'...'],Hillary Clinton,AGAINST
[u'also', u'finally', u'moved', u'today', u'!', u'will', u'much', u'easier', u'get', u'around', u'going', u'forward', u'!'],Hillary Clinton,NONE
[u'queen', u'city', u'currently', u'infested', u'w', u'out-of-state', u'plate', u'priuses', u'driven', u'millennials', u'w', u'hillary', u'bumper', u'stickers', u'm', u'h', u't'],Hillary Clinton,AGAINST
[u'clinton', u'foundation', u'keep', u'accepting', u'bribes', u'foreign', u'governments', u'why', u'im', u'not', u'voting', u'for', u'hillary'],Hillary Clinton,AGAINST
[u'?', u'tht', u'will', u'never', u'erase', u'support', u'doma', u'silence', u'g', u'b', u't', u'g', u'b', u't', u'q', u'rights', u'politically', u'aventageous'],Hillary Clinton,AGAINST
[u'exciting', u'hear', u'fellows', u'across', u'country', u"tonight's", u'call', u'special', u'shout-out', u'fellows'],Hillary Clinton,NONE
[u'much', u'like', u'good', u'people', u'forgot', u'couple', u'weeks', u'ago'],Hillary Clinton,NONE
[u'gay', u'rights', u'human', u'rights', u'human', u'rights', u'gay', u'rights', u'hillary', u'for', u'america'],Hillary Clinton,FAVOR
[u'ever', u'meet', u'hillary', u'clinton', u'will', u'died', u'come', u'back', u'life', u'b', u'c', u'will', u'happy'],Hillary Clinton,FAVOR
[u'hrc', u'popular', u'?', u'deceptive', u'socialist', u'accomplished', u'nothing', u'wife', u'impeached', u'president', u'enabled', u'ubl'],Hillary Clinton,AGAINST
[u'opening', u'offices', u'iowa', u'week', u'playing', u'around', u'!'],Hillary Clinton,AGAINST
[u'think', u'going', u'vote', u'monica', u"lewinsky's", u'ex', u'boyfriends', u'wife'],Hillary Clinton,FAVOR
[u'thanks', u'amazing', u'noms', u'canvassing', u'f', u't', u'n'],Hillary Clinton,FAVOR
[u'even', u'manage', u'wants', u'wake', u'up', u'america', u'stop', u'hillary'],Hillary Clinton,AGAINST
[u'thank', u'much', u'follow', u'fav', u'jeane', u'!', u'!', u'!', u'gods', u'best', u'!', u'wake', u'up', u'america'],Hillary Clinton,NONE
[u'although', u'certainly', u'disagreements', u'reading', u'much', u'rather'],Hillary Clinton,AGAINST
[u'really', u'need', u'new', u'shirt', u'come', u'meeting', u'people', u'brewery', u'night', u'bernie', u'meetup'],Hillary Clinton,FAVOR
[u'clinton', u'foundation', u'collected', u'$', u'm', u'spent', u'$', u'9m', u'direct', u'aid', u'raised', u'$', u'm', u'spent', u'$', u'm', u'direct', u'aid', u'!'],Hillary Clinton,AGAINST
[u'bernie', u'hillary', u'?', u'prefer', u'bernie', u'hillary', u'fine', u'either', u'way', u'dems', u'gotta', u'stand', u'together', u'feelthe', u'bern'],Hillary Clinton,FAVOR
[u'intelligent', u'choice', u'usa', u'hillary', u'clinton', u'...', u'can', u'afford', u'stay', u'home', u'...', u'must', u'vote', u'vote', u'unite', u'blue'],Hillary Clinton,FAVOR
[u'thank', u'sir', u'honor', u'hear', u'usa', u'life', u'spread', u'remember', u'benghazi'],Hillary Clinton,NONE
[u'hillary', u'can', u'win', u'hoping', u'dems', u'offer', u'real', u'candidate', u'like', u'warren', u'warren'],Hillary Clinton,AGAINST
[u'operating', u'shredder', u'now', u'way', u'adept', u'using', u'!', u'wake', u'up', u'america', u't', u'c', u'o', u't', u'oh', u'hill', u'n', u'o', u'!'],Hillary Clinton,AGAINST
[u'madam', u'president', u'clinton', u';', u'gays', u'vote'],Hillary Clinton,FAVOR
[u'bet', u'leslie', u'knope', u'happy'],Hillary Clinton,FAVOR
[u'everything', u'abt', u'bogus', u'issues', u'history', u'iowa', u'trip', u'twitter', u'followers', u'campaigning'],Hillary Clinton,AGAINST
[u'marriage', u'equality', u'constitutional', u'right', u'!', u'woot', u'h', u'r', u'c'],Hillary Clinton,FAVOR
[u'whole', u'supporting'],Hillary Clinton,FAVOR
[u'sheeple', u'will', u'still', u'vote'],Hillary Clinton,AGAINST
[u'even', u'manage', u'wants', u'wake', u'up', u'america', u'stop', u'hillary'],Hillary Clinton,AGAINST
[u'realize', u'pay', u'to', u'play', u'diplomacy', u'big', u'hit', u'!'],Hillary Clinton,AGAINST
[u'kind', u'scares', u'still', u'thousands', u'emails', u'released', u"hillary's", u'private', u'emails'],Hillary Clinton,AGAINST
[u'need', u'meninist', u'running', u'president', u'...', u'need', u'say', u'?'],Hillary Clinton,AGAINST
[u'looking', u'forward', u'c', u'u', u'b', u'expanding', u'major', u'exports', u'pick', u'trucks', u'converted', u'rafts', u'!', u'!', u'exciting', u'!'],Hillary Clinton,AGAINST
[u'results', u'matter', u'u', u'may', u'feel', u'less', u'safe', u'ur', u'mental', u'health', u'issues', u'9', u"obama's", u'watch'],Hillary Clinton,AGAINST
[u'g', u'b', u't', u'pride', u'condoms', u'bill', u'clinton', u'used', u'assaulted', u'monica', u'lewinsky', u'?', u'hillary', u'clinton'],Hillary Clinton,AGAINST
[u'even', u'manage', u'wants', u'stop', u'hillary'],Hillary Clinton,AGAINST
[u'ya', u'go', u'teddy', u'boy', u'..', u'world', u'getting', u'hotter', u'!', u'!', u'called', u'global', u'warming', u'!', u'!', u'putz', u'!', u'!'],Hillary Clinton,NONE
[u'body-cam', u'every', u'cop', u'private', u'servers', u'cabinet', u'secretaries'],Hillary Clinton,NONE
[u'vote', u'definitely', u'hillary', u'want', u"bush's", u'dumb', u'ass', u'want', u'trump', u'either', u'hillary', u'clinton'],Hillary Clinton,FAVOR
[u'pantsuits', u'camouflage', u'outfits', u'carefully', u'tailored', u'minimize', u'silhouette', u'think', u'stealthsuits.very', u'high', u'tech'],Hillary Clinton,AGAINST
[u'name', u'rebecca', u'grandmother', u'immigrated', u'sunnybrook', u'farm'],Hillary Clinton,NONE
[u'never', u'dream', u'intelligent'],Hillary Clinton,FAVOR
[u'wondering', u'next', u'idiotic', u'gop', u'smear', u'will', u'coming', u'sure', u'just', u'know', u'details', u'yet'],Hillary Clinton,FAVOR
[u'contrary', u'happy', u'will', u'win', u'enjoy', u'seeing', u'liberal', u'cities', u'burn', u'go'],Hillary Clinton,FAVOR
[u'owner', u'univisin', u'donated', u'much', u'$', u'million', u'clinton', u'foundation', u'wife', u'sits', u'board', u'univision', u'trump'],Hillary Clinton,AGAINST
[u'friday', u'officially', u'political', u'incorrectness', u'day', u'!', u'day', u'say', u'whatever', u'want', u'offend', u'everyone', u'!', u'yay', u'!', u'c'],Hillary Clinton,NONE
[u'gwen', u'good', u'leader', u'training', u'new', u'volunteer', u'rock', u'hill', u'!', u'fellows', u'c', u'hillary', u'for', u'c'],Hillary Clinton,FAVOR
[u'guarantee', u'hillary', u'care', u'less', u'black', u'rights', u'obama', u'blacks', u'predicament', u'still'],Hillary Clinton,AGAINST
[u'used', u'calling', u'approval', u'running', u'story', u'like', u'hillary', u'hillary', u'emails'],Hillary Clinton,AGAINST
[u'serious', u'trump', u'runs', u'get', u'trump', u'tattoo', u'?', u'calling', u'donald', u'!', u'!'],Hillary Clinton,NONE
[u'come', u'visit', u'jefferson', u'county', u'fair', u'!', u'representative', u'curt', u'hanson', u'will', u'tell', u'joke', u'tell', u'story', u'vote'],Hillary Clinton,NONE
[u'dukes', u'hazzard', u'tv', u'years', u'yet', u'offended', u'told'],Hillary Clinton,AGAINST
[u'bernie', u'sanders', u'record', u'crowds', u'madison', u'wis', u'mention', u'guys', u'talked', u'trump', u'trump'],Hillary Clinton,NONE
